term,arousal (a.scores.tsv),dominance (d.scores.tsv),valence
null,0.147,0.152,0.253
aaaaaaah,0.606,0.291,0.479
aaaah,0.636,0.282,0.52
aardvark,0.49,0.437,0.427
aback,0.407,0.288,0.385
abacus,0.276,0.485,0.51
abalone,0.48,0.412,0.5
abandon,0.519,0.245,0.052
abandoned,0.481,0.13,0.046
abandonment,0.43,0.202,0.128
abashed,0.644,0.307,0.177
abate,0.696,0.604,0.255
abatement,0.338,0.336,0.388
abba,0.5,0.48,0.562
abbey,0.367,0.444,0.58
abbot,0.321,0.483,0.427
abbreviate,0.375,0.33,0.531
abbreviation,0.306,0.345,0.469
abdomen,0.462,0.471,0.469
abdominal,0.456,0.445,0.49
abduct,0.72,0.615,0.173
abduction,0.99,0.673,0.062
aberrant,0.765,0.431,0.146
aberration,0.816,0.417,0.125
abeyance,0.51,0.292,0.33
abhor,0.602,0.349,0.125
abhorrence,0.684,0.42,0.167
abhorrent,0.75,0.474,0.229
abide,0.354,0.705,0.635
abiding,0.327,0.75,0.796
ability,0.51,0.816,0.875
abject,0.59,0.417,0.354
ablation,0.5,0.5,0.418
ablaze,0.847,0.525,0.24
able,0.5,0.81,0.786
abnormal,0.604,0.309,0.137
abnormality,0.655,0.383,0.092
aboard,0.284,0.481,0.698
abode,0.302,0.5,0.62
abolish,0.615,0.529,0.448
abolition,0.69,0.529,0.323
abominable,0.731,0.482,0.12
abominate,0.788,0.366,0.198
abomination,0.755,0.518,0.078
aboriginal,0.427,0.542,0.448
abort,0.686,0.429,0.153
abortion,0.77,0.283,0.082
abortive,0.776,0.28,0.09
abound,0.49,0.681,0.704
abovementioned,0.298,0.509,0.541
abracadabra,0.632,0.434,0.673
abrasion,0.592,0.441,0.406
abrasive,0.61,0.593,0.392
abreast,0.38,0.519,0.635
abroad,0.596,0.561,0.677
abrogate,0.51,0.594,0.327
abrupt,0.819,0.545,0.271
abruptly,0.808,0.556,0.25
abscess,0.451,0.349,0.154
absence,0.235,0.266,0.153
absent,0.221,0.116,0.177
absentee,0.33,0.279,0.235
absenteeism,0.273,0.357,0.404
absinthe,0.51,0.462,0.481
absolute,0.51,0.827,0.526
absolution,0.5,0.664,0.715
absolve,0.449,0.66,0.684
absorb,0.558,0.67,0.469
absorbed,0.471,0.519,0.49
absorbent,0.394,0.718,0.552
absorbing,0.49,0.578,0.49
absorption,0.422,0.446,0.609
abstain,0.385,0.427,0.385
abstention,0.264,0.509,0.271
abstinence,0.392,0.429,0.26
abstract,0.292,0.444,0.438
abstraction,0.439,0.525,0.469
absurd,0.656,0.284,0.188
absurdity,0.528,0.227,0.115
abundance,0.69,0.852,0.812
abundant,0.59,0.76,0.958
abuse,0.873,0.469,0.071
abused,0.874,0.235,0.021
abusive,0.903,0.567,0.125
abutment,0.265,0.616,0.5
aby,0.452,0.368,0.385
abysmal,0.71,0.598,0.25
abyss,0.725,0.296,0.353
academic,0.42,0.812,0.781
academy,0.473,0.792,0.704
accede,0.51,0.537,0.698
accelerant,0.844,0.802,0.643
accelerate,0.902,0.759,0.615
accelerated,0.812,0.682,0.61
acceleration,0.905,0.843,0.704
accelerator,0.83,0.812,0.593
accent,0.357,0.509,0.598
accentuate,0.556,0.667,0.673
accept,0.286,0.565,0.847
acceptable,0.286,0.583,0.812
acceptance,0.287,0.755,0.833
acceptances,0.413,0.648,0.847
access,0.472,0.567,0.714
accessible,0.41,0.645,0.796
accession,0.383,0.636,0.612
accessory,0.292,0.445,0.562
accident,0.908,0.336,0.125
accidental,0.784,0.307,0.319
accidentally,0.741,0.333,0.333
acclaim,0.809,0.718,0.562
accolade,0.591,0.775,0.688
accommodate,0.375,0.566,0.844
accommodation,0.415,0.587,0.817
accompaniment,0.479,0.695,0.74
accompany,0.406,0.585,0.833
accompanying,0.46,0.582,0.787
accomplice,0.58,0.51,0.408
accomplish,0.673,0.816,0.929
accomplished,0.52,0.798,0.87
accomplishment,0.694,0.888,0.917
accord,0.264,0.382,0.898
accordance,0.349,0.6,0.659
accordion,0.49,0.361,0.604
account,0.347,0.472,0.531
accountability,0.537,0.833,0.755
accountable,0.282,0.777,0.709
accountant,0.45,0.639,0.625
accounting,0.39,0.677,0.552
accounts,0.34,0.471,0.592
accredited,0.479,0.768,0.669
accretion,0.519,0.672,0.448
accrue,0.481,0.602,0.52
accueil,0.451,0.47,0.45
accumulate,0.536,0.607,0.573
accumulation,0.527,0.6,0.479
accuracy,0.481,0.802,0.604
accurate,0.36,0.737,0.743
accursed,0.745,0.345,0.135
accusation,0.718,0.564,0.073
accusative,0.755,0.482,0.198
accuse,0.752,0.5,0.133
accused,0.67,0.42,0.13
accuser,0.779,0.615,0.122
accusing,0.745,0.324,0.156
accustomed,0.365,0.441,0.542
ace,0.481,0.546,0.643
acetic,0.42,0.519,0.333
acetylene,0.469,0.509,0.306
ache,0.76,0.312,0.146
achieve,0.545,0.843,0.816
achieved,0.519,0.775,0.896
achievement,0.808,0.759,0.896
aching,0.88,0.348,0.053
achy,0.84,0.373,0.167
acid,0.642,0.566,0.265
acidity,0.663,0.36,0.156
acknowledge,0.37,0.661,0.786
acknowledged,0.443,0.765,0.714
acknowledgement,0.539,0.83,0.819
acknowledgment,0.528,0.777,0.796
acme,0.435,0.375,0.408
acne,0.474,0.308,0.167
acorn,0.198,0.192,0.448
acoustic,0.462,0.536,0.542
acoustics,0.33,0.509,0.611
acquaint,0.491,0.639,0.646
acquaintance,0.29,0.67,0.656
acquainted,0.358,0.632,0.906
acquiescence,0.48,0.554,0.542
acquire,0.468,0.7,0.833
acquiring,0.51,0.817,0.735
acquisition,0.509,0.736,0.698
acquisitions,0.66,0.79,0.773
acquit,0.571,0.611,0.583
acquittal,0.497,0.7,0.76
acre,0.387,0.423,0.583
acreage,0.45,0.528,0.741
acres,0.363,0.5,0.51
acrobat,0.828,0.602,0.708
acrylic,0.279,0.42,0.582
act,0.704,0.735,0.656
acting,0.643,0.5,0.698
action,0.898,0.802,0.76
action figure,0.774,0.611,0.615
actionable,0.702,0.613,0.673
activate,0.65,0.806,0.764
activation,0.8,0.754,0.781
active,0.73,0.731,0.847
activist,0.653,0.877,0.531
activity,0.66,0.807,0.701
actor,0.561,0.629,0.653
actress,0.556,0.596,0.633
actual,0.4,0.716,0.729
actuality,0.464,0.6,0.75
actuary,0.404,0.491,0.51
acuity,0.378,0.741,0.469
acumen,0.66,0.679,0.564
acupuncture,0.324,0.549,0.531
acute,0.652,0.534,0.427
acutely,0.543,0.491,0.417
ad,0.705,0.558,0.521
adage,0.415,0.566,0.517
adamant,0.529,0.575,0.344
adapt,0.355,0.551,0.74
adaptable,0.423,0.641,0.735
adaptation,0.365,0.609,0.663
add,0.49,0.554,0.728
added,0.405,0.509,0.562
addendum,0.37,0.418,0.392
adder,0.461,0.588,0.388
addict,0.696,0.327,0.075
addicted,0.712,0.483,0.156
addiction,0.806,0.42,0.18
addictive,0.683,0.472,0.302
addition,0.373,0.471,0.562
additional,0.462,0.526,0.673
additive,0.633,0.691,0.561
address,0.327,0.567,0.65
addressee,0.382,0.538,0.622
addresses,0.354,0.45,0.51
adept,0.539,0.789,0.594
adequacy,0.435,0.702,0.615
adequate,0.264,0.705,0.854
adhere,0.339,0.554,0.633
adherence,0.307,0.63,0.76
adherent,0.385,0.555,0.561
adhering,0.561,0.537,0.612
adhesion,0.445,0.586,0.521
adhesive,0.35,0.413,0.604
adieu,0.471,0.342,0.25
adipose,0.35,0.391,0.333
adjacency,0.417,0.375,0.365
adjacent,0.276,0.536,0.645
adjective,0.316,0.569,0.57
adjoining,0.4,0.393,0.52
adjourn,0.456,0.475,0.385
adjournment,0.51,0.37,0.438
adjudicate,0.52,0.683,0.559
adjudication,0.462,0.691,0.551
adjunct,0.44,0.426,0.459
adjust,0.327,0.638,0.647
adjuster,0.54,0.76,0.51
adjustment,0.52,0.661,0.59
adjuvant,0.5,0.456,0.51
admin,0.42,0.854,0.688
administer,0.425,0.86,0.635
administration,0.404,0.786,0.625
administrative,0.415,0.579,0.542
administrator,0.48,0.902,0.538
admirable,0.6,0.87,0.929
admiral,0.49,0.847,0.844
admiralty,0.547,0.733,0.594
admiration,0.583,0.726,0.969
admire,0.692,0.704,0.867
admired,0.56,0.815,0.917
admirer,0.72,0.65,0.796
admiring,0.578,0.629,0.867
admissibility,0.58,0.602,0.802
admissible,0.528,0.642,0.78
admission,0.415,0.732,0.802
admit,0.423,0.667,0.538
admittance,0.451,0.598,0.69
admitted,0.49,0.767,0.72
admitting,0.5,0.546,0.62
admixture,0.375,0.438,0.45
admonition,0.606,0.455,0.357
ado,0.423,0.385,0.52
adobe,0.319,0.328,0.5
adolescence,0.694,0.444,0.487
adolescent,0.68,0.509,0.781
adopt,0.612,0.701,0.694
adoption,0.566,0.589,0.625
adoptive,0.469,0.52,0.531
adorable,0.519,0.457,0.969
adoration,0.699,0.708,0.885
adore,0.438,0.657,0.854
adoring,0.62,0.717,0.885
adorn,0.424,0.482,0.91
adornment,0.373,0.377,0.918
adrenalin,0.92,0.786,0.865
adrenaline,0.965,0.825,0.765
adrift,0.486,0.23,0.398
adult,0.491,0.787,0.815
adulterated,0.865,0.37,0.188
adulterer,0.814,0.407,0.229
adultery,0.922,0.51,0.12
adulthood,0.454,0.652,0.541
advance,0.472,0.858,0.673
advanced,0.623,0.797,0.844
advancement,0.65,0.839,0.776
advancing,0.608,0.812,0.929
advantage,0.548,0.859,0.917
advantageous,0.64,0.789,0.837
advent,0.56,0.627,0.665
adventure,0.857,0.71,0.917
adventurer,0.839,0.868,0.781
adventures,0.764,0.749,0.812
adventurous,0.898,0.722,0.969
adversary,0.777,0.457,0.349
adverse,0.61,0.385,0.323
adversity,0.76,0.538,0.276
advertise,0.529,0.58,0.5
advertisement,0.566,0.539,0.6
advertising,0.608,0.632,0.622
adverts,0.5,0.595,0.551
advice,0.408,0.688,0.698
advisable,0.48,0.51,0.867
advise,0.393,0.705,0.76
advised,0.33,0.509,0.823
advisement,0.235,0.655,0.698
adviser,0.362,0.705,0.745
advisor,0.35,0.689,0.646
advisory,0.429,0.633,0.656
advocacy,0.646,0.731,0.5
advocate,0.53,0.818,0.551
aegis,0.439,0.462,0.49
aeration,0.5,0.433,0.55
aerial,0.461,0.463,0.615
aerobics,0.771,0.627,0.708
aerodrome,0.74,0.678,0.541
aerodynamic,0.724,0.728,0.561
aerodynamics,0.663,0.722,0.59
aeronautics,0.633,0.688,0.551
aeroplane,0.642,0.644,0.714
aerospace,0.52,0.779,0.643
aesthetic,0.442,0.526,0.708
aesthetics,0.327,0.549,0.847
aetiology,0.398,0.615,0.48
afar,0.373,0.358,0.396
affable,0.38,0.452,0.704
affair,0.459,0.657,0.52
affect,0.569,0.578,0.458
affecting,0.574,0.394,0.35
affection,0.559,0.696,0.898
affectionate,0.422,0.55,0.949
affections,0.547,0.655,0.76
affiche,0.265,0.402,0.479
affidavit,0.584,0.526,0.469
affiliated,0.519,0.535,0.673
affiliation,0.594,0.5,0.615
affinity,0.5,0.537,0.8
affirm,0.509,0.731,0.745
affirmation,0.5,0.689,0.75
affirmative,0.589,0.816,0.854
affirmatively,0.5,0.811,0.908
affix,0.335,0.411,0.438
afflict,0.555,0.293,0.302
afflicted,0.5,0.167,0.271
affliction,0.635,0.392,0.294
affluence,0.618,0.722,0.663
affluent,0.388,0.477,0.756
afford,0.58,0.575,0.571
affordable,0.398,0.493,0.84
affront,0.74,0.547,0.327
affronted,0.75,0.527,0.385
afield,0.37,0.373,0.594
afire,0.904,0.675,0.367
afloat,0.427,0.444,0.602
afore,0.337,0.382,0.5
aforementioned,0.316,0.408,0.49
aforesaid,0.358,0.478,0.531
afraid,0.775,0.245,0.01
afresh,0.521,0.48,0.643
african,0.423,0.555,0.49
aft,0.417,0.518,0.48
afterlife,0.567,0.568,0.571
aftermath,0.449,0.444,0.312
afternoon,0.388,0.339,0.533
aftershave,0.384,0.415,0.406
aftertaste,0.362,0.455,0.354
afterthought,0.392,0.349,0.396
aga,0.327,0.398,0.542
agape,0.529,0.464,0.612
agate,0.377,0.483,0.54
age,0.226,0.498,0.561
aged,0.365,0.236,0.135
agency,0.296,0.583,0.46
agenda,0.296,0.553,0.531
agent,0.439,0.755,0.48
agglomeration,0.765,0.509,0.45
aggravate,0.77,0.464,0.224
aggravated,0.76,0.43,0.079
aggravates,0.778,0.357,0.108
aggravating,0.794,0.64,0.257
aggravation,0.784,0.613,0.071
aggregate,0.378,0.556,0.73
aggregation,0.517,0.694,0.583
aggresive,0.971,0.639,0.059
aggression,0.929,0.533,0.094
aggressive,0.949,0.648,0.125
aggressively,0.926,0.688,0.25
aggressiveness,0.913,0.648,0.077
aggressor,0.948,0.823,0.146
agh,0.5,0.4,0.26
aghast,0.865,0.464,0.133
aghhh,0.635,0.243,0.281
agile,0.657,0.775,0.8
agility,0.702,0.815,0.72
aging,0.255,0.284,0.214
agitate,0.796,0.593,0.3
agitated,0.882,0.491,0.444
agitation,0.931,0.447,0.24
aglow,0.51,0.797,0.78
agnostic,0.396,0.574,0.306
ago,0.28,0.404,0.317
agonizing,0.8,0.34,0.083
agony,0.775,0.393,0.083
agoraphobia,0.712,0.438,0.127
agree,0.26,0.545,0.906
agreeable,0.5,0.696,0.906
agreed,0.449,0.574,0.797
agreeing,0.48,0.557,0.854
agreement,0.44,0.736,0.76
agressive,0.918,0.751,0.083
agricultural,0.321,0.473,0.686
agriculture,0.357,0.465,0.64
aground,0.34,0.445,0.333
agua,0.18,0.436,0.598
ahead,0.52,0.673,0.708
ahhh,0.517,0.241,0.562
ahhhhhhhh,0.649,0.288,0.552
ahoy,0.497,0.38,0.5
aid,0.491,0.541,0.796
aide,0.342,0.434,0.724
aiding,0.533,0.569,0.643
aids,0.48,0.5,0.561
ail,0.434,0.385,0.375
ailing,0.518,0.153,0.094
ailment,0.734,0.277,0.146
aim,0.569,0.567,0.481
aimless,0.267,0.183,0.15
air,0.163,0.427,0.708
airbag,0.402,0.433,0.51
airborne,0.519,0.385,0.542
aircraft,0.644,0.691,0.646
aircraft carrier,0.74,0.727,0.49
airfield,0.65,0.645,0.601
airhead,0.481,0.276,0.271
airlift,0.622,0.642,0.573
airline,0.482,0.688,0.65
airliner,0.777,0.647,0.667
airlock,0.52,0.447,0.398
airman,0.716,0.721,0.587
airplane,0.702,0.708,0.719
airport,0.684,0.682,0.729
airs,0.196,0.37,0.583
airship,0.472,0.529,0.542
airspace,0.51,0.64,0.562
airspeed,0.78,0.544,0.583
airstrip,0.69,0.649,0.55
airtight,0.381,0.57,0.479
airway,0.585,0.482,0.638
aisle,0.222,0.283,0.438
ait,0.39,0.402,0.385
ajar,0.413,0.446,0.46
aka,0.358,0.351,0.459
akin,0.343,0.523,0.639
alabaster,0.404,0.445,0.542
alarm,0.882,0.698,0.241
alarm clock,0.727,0.642,0.542
alarmed,0.822,0.492,0.188
alarming,0.89,0.585,0.204
alas,0.31,0.279,0.571
alb,0.38,0.427,0.521
albatross,0.445,0.527,0.5
albino,0.24,0.358,0.5
album,0.349,0.453,0.635
alchemy,0.583,0.693,0.541
alcohol,0.667,0.377,0.323
alcoholic,0.688,0.361,0.153
alcoholism,0.779,0.407,0.061
alcove,0.34,0.356,0.49
alderman,0.459,0.691,0.55
ale,0.45,0.358,0.53
alert,0.82,0.648,0.479
alertness,0.875,0.75,0.375
alerts,0.804,0.673,0.337
alfalfa,0.25,0.311,0.546
algebra,0.34,0.565,0.44
algebraic,0.412,0.441,0.531
algorithm,0.394,0.559,0.448
alias,0.353,0.333,0.541
alibi,0.528,0.556,0.396
alien,0.615,0.491,0.41
alienate,0.5,0.523,0.247
alienated,0.423,0.559,0.41
alienation,0.53,0.462,0.378
alight,0.657,0.605,0.667
align,0.364,0.627,0.656
aligned,0.275,0.553,0.583
alignment,0.412,0.683,0.643
alike,0.173,0.444,0.653
alimentation,0.551,0.602,0.781
alimony,0.477,0.464,0.612
aliquot,0.31,0.404,0.44
alive,0.637,0.731,0.816
alkali,0.35,0.408,0.49
alkaloids,0.562,0.402,0.433
allay,0.406,0.398,0.417
allegation,0.578,0.608,0.578
allege,0.482,0.587,0.418
alleged,0.522,0.52,0.365
allegiance,0.398,0.75,0.917
allegorical,0.558,0.598,0.517
allegory,0.58,0.509,0.615
allegro,0.627,0.453,0.635
allergic,0.549,0.273,0.135
allergy,0.606,0.389,0.296
alleviate,0.27,0.528,0.869
alleviation,0.2,0.491,0.735
alley,0.5,0.355,0.347
alleyway,0.471,0.382,0.357
alliance,0.473,0.769,0.696
allied,0.245,0.642,0.714
alligator,0.704,0.645,0.354
allocate,0.462,0.672,0.673
allocation,0.388,0.679,0.604
allot,0.481,0.616,0.622
allotment,0.39,0.64,0.6
allow,0.429,0.538,0.698
allowable,0.5,0.561,0.698
allowance,0.382,0.591,0.673
allowed,0.36,0.655,0.73
alloy,0.443,0.593,0.583
allsmiles,0.528,0.43,0.786
allure,0.585,0.686,0.804
alluring,0.745,0.843,0.837
allusion,0.308,0.462,0.44
alluvial,0.49,0.491,0.323
ally,0.32,0.688,0.792
almanac,0.19,0.412,0.688
almighty,0.874,0.958,0.938
almond,0.183,0.314,0.698
aloft,0.373,0.7,0.771
aloha,0.44,0.441,0.698
alone,0.167,0.216,0.333
alongside,0.333,0.347,0.458
aloof,0.423,0.302,0.189
aloud,0.713,0.75,0.458
alpha,0.34,0.755,0.708
alphabet,0.204,0.672,0.562
alphabetical,0.296,0.535,0.537
alpine,0.337,0.474,0.594
alreadyyyyy,0.717,0.351,0.592
altar,0.387,0.635,0.724
altar boy,0.206,0.35,0.434
alter,0.694,0.654,0.333
alteration,0.798,0.609,0.167
altercation,0.806,0.5,0.17
altered,0.765,0.5,0.255
alternate,0.363,0.589,0.625
alternating,0.494,0.542,0.48
alternative,0.373,0.631,0.628
altimeter,0.51,0.58,0.615
altitude,0.482,0.736,0.708
alto,0.404,0.73,0.656
altogether,0.324,0.644,0.833
aluminum,0.28,0.434,0.449
alumnus,0.368,0.422,0.633
alveolar,0.481,0.367,0.469
alzheimers,0.518,0.319,0.194
amalgam,0.333,0.51,0.438
amalgamation,0.47,0.531,0.406
amaretto,0.551,0.375,0.543
amass,0.465,0.465,0.552
amateur,0.5,0.409,0.469
amaze,0.843,0.783,0.896
amazed,0.779,0.533,0.796
amazedness,0.872,0.51,0.827
amazement,0.8,0.639,0.75
amazing,0.837,0.849,0.906
amazingly,0.765,0.92,0.918
ambassador,0.529,0.917,0.651
amber,0.308,0.369,0.635
ambience,0.356,0.426,0.735
ambient,0.36,0.582,0.625
ambiguity,0.46,0.37,0.164
ambiguous,0.462,0.358,0.265
ambit,0.38,0.386,0.479
ambition,0.804,0.661,0.51
ambitious,0.821,0.717,0.484
ambivalent,0.404,0.482,0.51
ambrosia,0.452,0.48,0.571
ambulance,0.75,0.609,0.5
ambush,0.83,0.5,0.281
ameliorate,0.548,0.747,0.77
amen,0.182,0.542,0.781
amenable,0.41,0.406,0.448
amend,0.406,0.658,0.688
amendment,0.459,0.606,0.531
amends,0.366,0.517,0.64
amenity,0.327,0.574,0.75
amethyst,0.406,0.517,0.622
amiable,0.29,0.483,0.847
amicable,0.33,0.507,0.875
amid,0.34,0.256,0.51
amidst,0.33,0.316,0.48
amino,0.402,0.433,0.551
ammo,0.765,0.621,0.323
ammonia,0.587,0.409,0.292
ammonium,0.396,0.368,0.354
ammunition,0.635,0.667,0.338
amnesia,0.33,0.308,0.296
amnesty,0.451,0.814,0.551
amorous,0.67,0.636,0.844
amorphous,0.402,0.349,0.327
amortization,0.491,0.522,0.592
amount,0.422,0.649,0.562
amour,0.48,0.652,0.865
amp,0.393,0.375,0.439
ampersand,0.448,0.483,0.48
amphetamines,0.667,0.526,0.133
amphibian,0.357,0.474,0.427
amphibious,0.346,0.445,0.479
amphitheater,0.48,0.545,0.653
ample,0.349,0.719,0.744
amplification,0.677,0.81,0.69
amplify,0.735,0.827,0.677
amplitude,0.439,0.692,0.694
amply,0.431,0.766,0.781
amputate,0.66,0.509,0.092
amputation,0.755,0.483,0.1
amuck,0.602,0.321,0.385
amulet,0.26,0.63,0.781
amuse,0.684,0.664,0.812
amused,0.847,0.596,0.942
amusement,0.837,0.803,0.929
amusing,0.829,0.632,0.96
ana,0.3,0.314,0.541
anaconda,0.83,0.54,0.146
anaesthesia,0.217,0.473,0.35
anaesthetic,0.268,0.509,0.449
anagram,0.327,0.449,0.552
anal,0.798,0.334,0.333
analgesic,0.321,0.441,0.417
analogous,0.27,0.5,0.531
analogue,0.32,0.446,0.57
analogy,0.367,0.509,0.51
analysis,0.448,0.705,0.729
analyst,0.415,0.755,0.604
analytic,0.521,0.634,0.665
analytical,0.324,0.8,0.625
analyze,0.462,0.71,0.667
analyzer,0.556,0.854,0.625
anaphylactic,0.588,0.5,0.378
anarchism,0.804,0.623,0.125
anarchist,0.7,0.759,0.204
anarchy,0.755,0.62,0.146
anastomosis,0.47,0.49,0.375
anathema,0.49,0.519,0.286
anatomic,0.442,0.546,0.562
anatomy,0.39,0.571,0.562
ancestor,0.388,0.594,0.592
ancestral,0.481,0.75,0.64
ancestry,0.519,0.717,0.708
anchor,0.284,0.564,0.52
anchorage,0.325,0.639,0.5
ancient,0.217,0.439,0.42
ancillary,0.442,0.278,0.449
androgen,0.523,0.527,0.255
android,0.436,0.5,0.663
anecdote,0.529,0.5,0.583
anemia,0.327,0.31,0.188
anemic,0.279,0.155,0.167
anemone,0.538,0.327,0.552
anesthesia,0.216,0.394,0.365
anesthesiologist,0.224,0.526,0.419
anesthetic,0.264,0.482,0.35
aneurysm,0.69,0.536,0.115
anew,0.358,0.385,0.771
angel,0.158,0.704,0.906
angelic,0.298,0.668,0.927
anger,0.865,0.657,0.167
angered,0.86,0.547,0.01
angermanagement,0.632,0.482,0.26
angina,0.63,0.464,0.23
angiogram,0.52,0.465,0.347
angiography,0.536,0.52,0.378
angle,0.33,0.455,0.541
angling,0.408,0.5,0.625
angora,0.425,0.405,0.529
angriest,0.892,0.43,0.094
angry,0.83,0.604,0.122
angrytweet,0.644,0.471,0.265
angst,0.888,0.333,0.167
anguish,0.792,0.265,0.153
anguished,0.72,0.307,0.135
angular,0.281,0.444,0.449
anhydrous,0.365,0.355,0.456
animal,0.51,0.513,0.521
animate,0.755,0.635,0.827
animated,0.676,0.538,0.823
animation,0.75,0.549,0.888
animosity,0.724,0.545,0.51
animus,0.676,0.466,0.698
ankle,0.274,0.234,0.5
anklet,0.276,0.302,0.41
annals,0.61,0.424,0.427
annex,0.35,0.458,0.594
annexation,0.5,0.555,0.342
annexe,0.35,0.392,0.584
annihilate,0.918,0.681,0.115
annihilated,0.76,0.324,0.08
annihilation,0.8,0.591,0.041
anniversary,0.77,0.723,0.88
annotate,0.469,0.441,0.592
annotation,0.47,0.619,0.604
announce,0.618,0.611,0.694
announcement,0.491,0.482,0.729
announcer,0.57,0.732,0.602
annoy,0.765,0.286,0.094
annoyance,0.718,0.342,0.167
annoyed,0.783,0.345,0.104
annoyin,0.573,0.352,0.26
annoying,0.853,0.348,0.082
annoys,0.778,0.435,0.146
annual,0.236,0.5,0.552
annuity,0.304,0.527,0.521
annul,0.448,0.364,0.25
annular,0.385,0.412,0.31
annulment,0.375,0.447,0.153
annulus,0.38,0.376,0.458
anointed,0.368,0.579,0.5
anointing,0.35,0.547,0.653
anomalous,0.48,0.423,0.281
anomaly,0.538,0.404,0.188
anon,0.354,0.298,0.479
anonymity,0.255,0.43,0.469
anonymous,0.291,0.431,0.396
anorexic,0.618,0.245,0.16
answer,0.373,0.661,0.537
answerable,0.481,0.75,0.708
answering,0.5,0.607,0.684
ant,0.216,0.216,0.448
antagonism,0.618,0.524,0.224
antagonist,0.615,0.7,0.24
antagonistic,0.604,0.565,0.296
antagonize,0.663,0.629,0.143
ante,0.32,0.417,0.448
antecedent,0.551,0.566,0.427
antelope,0.51,0.5,0.542
antenna,0.327,0.358,0.521
anterior,0.245,0.362,0.51
anthem,0.343,0.729,0.78
anthill,0.578,0.377,0.327
anthology,0.406,0.537,0.338
anthrax,0.73,0.5,0.188
anthropological,0.39,0.49,0.367
anthropologist,0.385,0.725,0.551
anthropology,0.367,0.582,0.49
anti,0.412,0.384,0.365
antiaircraft,0.622,0.629,0.33
antibiotic,0.373,0.658,0.51
antibiotics,0.406,0.557,0.448
antichrist,0.837,0.544,0.082
anticipate,0.469,0.667,0.622
anticipation,0.539,0.711,0.698
anticipatory,0.551,0.682,0.653
antics,0.74,0.236,0.448
antidote,0.49,0.629,0.541
antifungal,0.412,0.441,0.408
antigravity,0.714,0.658,0.43
antimony,0.398,0.49,0.378
antipathy,0.549,0.393,0.198
antiquarian,0.233,0.426,0.5
antiquated,0.392,0.236,0.42
antique,0.29,0.518,0.634
antiques,0.37,0.595,0.54
antiquity,0.333,0.556,0.385
antiseptic,0.37,0.623,0.438
antisocial,0.686,0.391,0.146
antithesis,0.412,0.536,0.396
antithetical,0.509,0.358,0.271
antiviral,0.47,0.549,0.459
antler,0.47,0.5,0.448
antsy,0.558,0.417,0.449
anus,0.644,0.35,0.347
anvil,0.51,0.604,0.38
anxiety,0.865,0.342,0.146
anxietyattack,0.925,0.446,0.15
anxious,0.875,0.434,0.281
anxiousness,0.814,0.282,0.235
anytime,0.461,0.436,0.625
aorta,0.51,0.542,0.448
aortic,0.54,0.438,0.436
apace,0.5,0.536,0.536
apache,0.469,0.5,0.687
apartment,0.393,0.58,0.719
apartments,0.337,0.443,0.704
apathetic,0.292,0.333,0.188
apathy,0.212,0.204,0.184
ape,0.389,0.336,0.548
aperture,0.45,0.667,0.612
apex,0.433,0.418,0.57
aphid,0.473,0.407,0.388
aphrodisiac,0.846,0.667,0.75
apiece,0.259,0.383,0.439
aplomb,0.509,0.582,0.5
apocalypse,0.867,0.736,0.05
apocalyptic,0.88,0.75,0.173
apologetic,0.461,0.571,0.479
apologist,0.429,0.526,0.406
apologize,0.378,0.389,0.551
apology,0.346,0.402,0.571
apostasy,0.52,0.517,0.388
apostate,0.5,0.528,0.342
apostle,0.347,0.732,0.646
apostolic,0.3,0.717,0.592
apostrophe,0.368,0.537,0.469
apothecary,0.328,0.529,0.561
appalled,0.792,0.562,0.194
appalling,0.827,0.415,0.16
apparatus,0.353,0.377,0.375
apparel,0.435,0.453,0.698
apparent,0.383,0.398,0.473
apparently,0.41,0.426,0.531
apparition,0.573,0.636,0.406
appeal,0.598,0.558,0.663
appear,0.506,0.567,0.735
appearance,0.49,0.534,0.669
appease,0.278,0.434,0.633
appellant,0.588,0.568,0.327
append,0.464,0.453,0.573
appendage,0.382,0.438,0.229
appendectomy,0.67,0.554,0.177
appendicitis,0.64,0.347,0.031
appendix,0.387,0.425,0.365
appetite,0.637,0.581,0.704
appetizer,0.56,0.406,0.755
appetizing,0.657,0.688,0.806
applaud,0.824,0.464,0.865
applause,0.857,0.621,0.953
apple,0.3,0.264,0.811
apple juice,0.204,0.294,0.765
applejack,0.431,0.473,0.604
applesauce,0.167,0.291,0.75
appliance,0.453,0.538,0.582
appliances,0.394,0.567,0.594
applicability,0.49,0.741,0.677
applicable,0.43,0.667,0.469
applicant,0.558,0.688,0.612
application,0.445,0.726,0.646
apply,0.321,0.667,0.612
appoint,0.33,0.509,0.565
appointment,0.594,0.547,0.688
appointments,0.677,0.625,0.745
apportion,0.49,0.638,0.677
apportionment,0.481,0.453,0.552
appraisal,0.667,0.682,0.417
appraise,0.49,0.696,0.677
appreciable,0.491,0.778,0.873
appreciate,0.422,0.741,0.885
appreciated,0.434,0.779,0.91
appreciates,0.5,0.656,0.765
appreciation,0.529,0.588,0.917
appreciative,0.38,0.654,0.857
apprehend,0.624,0.696,0.521
apprehension,0.72,0.454,0.385
apprehensive,0.592,0.431,0.406
apprentice,0.413,0.452,0.615
apprenticeship,0.482,0.643,0.812
approach,0.392,0.61,0.612
approaching,0.557,0.491,0.74
approbate,0.59,0.86,0.646
approbation,0.529,0.774,0.792
appropriate,0.368,0.759,0.833
appropriation,0.632,0.717,0.51
approval,0.46,0.889,0.854
approve,0.548,0.741,0.875
approved,0.349,0.698,0.833
approvement,0.625,0.78,0.88
approving,0.583,0.773,0.917
approximate,0.56,0.52,0.551
approximately,0.396,0.538,0.622
approximating,0.615,0.471,0.583
approximation,0.402,0.593,0.582
appurtenances,0.412,0.547,0.573
apricot,0.32,0.278,0.708
apron,0.208,0.245,0.582
apt,0.418,0.382,0.582
aptitude,0.471,0.746,0.75
aqua,0.292,0.359,0.656
aquamarine,0.306,0.413,0.729
aquarium,0.327,0.393,0.663
aquatic,0.51,0.463,0.677
aqueduct,0.411,0.534,0.551
aqueous,0.27,0.31,0.429
arable,0.35,0.465,0.51
arbiter,0.537,0.814,0.561
arbitrary,0.702,0.686,0.281
arbitrate,0.62,0.682,0.47
arbitration,0.602,0.67,0.587
arbitrator,0.448,0.795,0.385
arbor,0.49,0.591,0.583
arc,0.388,0.396,0.552
arcade,0.521,0.502,0.676
arcane,0.49,0.637,0.5
arch,0.354,0.468,0.5
archaeological,0.441,0.66,0.74
archaeologist,0.451,0.706,0.552
archaeology,0.358,0.691,0.596
archaic,0.327,0.332,0.271
archangel,0.5,0.708,0.837
archbishop,0.28,0.776,0.622
archdiocese,0.321,0.704,0.4
archduke,0.413,0.634,0.458
arched,0.403,0.398,0.582
archer,0.622,0.661,0.573
archery,0.604,0.589,0.594
archetype,0.52,0.569,0.448
archipelago,0.37,0.592,0.745
architect,0.442,0.836,0.776
architectural,0.39,0.67,0.729
architecture,0.39,0.694,0.82
archive,0.294,0.527,0.438
arctic,0.352,0.546,0.615
ardent,0.873,0.722,0.694
ardor,0.78,0.538,0.5
arduous,0.783,0.605,0.344
area,0.306,0.464,0.49
arena,0.235,0.404,0.51
areola,0.396,0.381,0.417
areyoukidding,0.633,0.4,0.429
areyoukiddingme,0.635,0.375,0.365
argent,0.418,0.472,0.594
argh,0.538,0.328,0.26
arghh,0.536,0.397,0.292
arghhhh,0.618,0.324,0.25
argue,0.798,0.525,0.093
argument,0.464,0.698,0.51
argumentation,0.549,0.76,0.479
argumentative,0.531,0.679,0.45
arguments,0.602,0.657,0.541
arid,0.333,0.379,0.323
arise,0.582,0.725,0.75
aristocracy,0.549,0.842,0.688
aristocrat,0.413,0.811,0.583
aristocratic,0.519,0.676,0.449
arithmetic,0.46,0.634,0.453
ark,0.427,0.543,0.396
arm,0.285,0.469,0.552
armada,0.74,0.868,0.408
armament,0.764,0.81,0.198
armaments,0.839,0.83,0.192
armature,0.558,0.755,0.51
armchair,0.164,0.339,0.646
armed,0.75,0.808,0.188
armor,0.625,0.784,0.469
armored,0.509,0.861,0.469
armory,0.663,0.8,0.448
armpit,0.439,0.25,0.283
arms,0.395,0.483,0.464
army,0.759,0.902,0.417
aroma,0.235,0.442,0.823
aromatherapy,0.22,0.473,0.847
arousal,0.943,0.731,0.791
arouse,0.491,0.58,0.74
aroused,0.952,0.667,0.708
arraignment,0.837,0.534,0.406
arrange,0.49,0.571,0.74
arranged,0.531,0.728,0.698
arrangement,0.382,0.683,0.625
array,0.396,0.568,0.521
arrears,0.485,0.302,0.286
arrest,0.951,0.5,0.146
arrhythmia,0.706,0.356,0.265
arrival,0.51,0.474,0.678
arrive,0.406,0.585,0.837
arrogance,0.75,0.62,0.143
arrogant,0.755,0.58,0.115
arrow,0.39,0.454,0.439
arsehole,0.598,0.433,0.276
arseholes,0.545,0.351,0.188
arsenal,0.741,0.752,0.365
arsenic,0.472,0.447,0.281
arson,0.904,0.567,0.133
arsonist,0.84,0.5,0.348
art,0.36,0.603,0.812
arterial,0.51,0.583,0.396
artery,0.58,0.537,0.396
artful,0.608,0.778,0.771
arthritis,0.518,0.345,0.11
arthropod,0.464,0.434,0.344
artichoke,0.218,0.287,0.583
article,0.28,0.481,0.594
articles,0.324,0.565,0.552
articulate,0.462,0.618,0.677
articulation,0.48,0.591,0.479
artifact,0.5,0.566,0.51
artifice,0.696,0.482,0.316
artificial,0.385,0.351,0.306
artillery,0.912,0.794,0.35
artisan,0.33,0.411,0.781
artist,0.442,0.732,0.802
artiste,0.512,0.565,0.844
artistic,0.646,0.632,0.802
artistry,0.346,0.769,0.823
artists,0.667,0.741,0.796
artwork,0.368,0.679,0.896
arty,0.422,0.388,0.49
siesta,0.046,0.295,0.74
napping,0.046,0.306,0.765
mellow,0.069,0.265,0.633
cotton,0.071,0.24,0.639
slow,0.073,0.131,0.357
tortoise,0.078,0.25,0.673
nothingness,0.08,0.161,0.204
stressfree,0.08,0.528,0.833
couch,0.082,0.198,0.594
chair,0.082,0.276,0.562
softness,0.086,0.402,0.875
relaxant,0.087,0.357,0.878
normality,0.089,0.444,0.781
sleep,0.09,0.339,0.719
effortless,0.09,0.352,0.626
canvas,0.09,0.364,0.719
relaxed,0.09,0.382,0.865
sleeping,0.091,0.312,0.704
tranquil,0.094,0.355,0.917
nought,0.098,0.116,0.312
nap,0.098,0.342,0.66
asleep,0.1,0.27,0.604
calm,0.1,0.282,0.875
repose,0.1,0.33,0.469
turtle,0.102,0.271,0.291
basic,0.102,0.395,0.643
snail,0.104,0.296,0.48
calming,0.105,0.36,0.885
calmness,0.105,0.394,0.934
quiet,0.105,0.431,0.792
sofa,0.106,0.263,0.583
peaceful,0.108,0.569,0.867
no emotion,0.109,0.225,0.17
teapot,0.11,0.309,0.479
holy,0.112,0.69,0.812
passivity,0.115,0.246,0.241
silk,0.115,0.3,0.76
yoga,0.115,0.422,0.75
books,0.115,0.43,0.729
buddhism,0.115,0.673,0.51
passive,0.116,0.241,0.42
restful,0.116,0.413,0.781
tree,0.118,0.442,0.67
humility,0.118,0.444,0.74
natural,0.118,0.481,0.854
pacific,0.118,0.58,0.627
yawn,0.12,0.139,0.385
dull,0.12,0.185,0.194
vegetable,0.12,0.289,0.551
meditative,0.12,0.454,0.614
stationery,0.12,0.455,0.57
meditation,0.12,0.478,0.786
grape,0.122,0.295,0.729
library,0.122,0.549,0.776
serenity,0.122,0.557,0.9
quilt,0.123,0.226,0.643
comb,0.123,0.268,0.49
paper,0.123,0.293,0.52
curtains,0.123,0.342,0.615
water,0.123,0.429,0.812
sluggish,0.124,0.155,0.224
sleepy,0.125,0.25,0.604
silent,0.125,0.28,0.469
quietly,0.125,0.321,0.561
stillness,0.125,0.339,0.729
patience,0.125,0.387,0.771
smooth,0.127,0.281,0.823
common,0.127,0.318,0.6
normal,0.127,0.38,0.74
reassurance,0.127,0.593,0.875
pray,0.127,0.627,0.714
pillow,0.128,0.195,0.663
simple,0.13,0.314,0.653
nightstand,0.13,0.327,0.49
meadow,0.13,0.382,0.622
lull,0.13,0.402,0.602
modest,0.13,0.412,0.76
orange,0.132,0.296,0.646
wool,0.132,0.345,0.583
serene,0.132,0.37,0.802
blanket,0.132,0.391,0.74
elbow,0.133,0.254,0.448
cloud,0.133,0.342,0.74
peaceable,0.134,0.453,0.776
smoothly,0.134,0.488,0.821
aught,0.135,0.217,0.418
teacup,0.135,0.277,0.633
seed,0.135,0.306,0.656
monotony,0.135,0.353,0.398
desk,0.135,0.422,0.51
tranquility,0.135,0.442,0.84
librarian,0.135,0.509,0.625
house,0.135,0.533,0.587
minimized,0.137,0.208,0.458
blue,0.137,0.291,0.646
trees,0.137,0.537,0.653
boredom,0.139,0.255,0.167
bedspread,0.139,0.292,0.551
sloth,0.14,0.125,0.198
grey,0.14,0.295,0.347
seamless,0.14,0.302,0.459
rosary,0.14,0.43,0.806
napkin,0.142,0.209,0.469
nil,0.143,0.157,0.286
inanimate,0.143,0.224,0.281
inactivity,0.143,0.227,0.135
standard,0.143,0.605,0.673
dummy,0.144,0.25,0.44
knit,0.144,0.295,0.63
simpleton,0.144,0.358,0.429
pasture,0.145,0.17,0.688
laurel,0.146,0.302,0.646
sitting,0.146,0.353,0.561
meditate,0.146,0.564,0.812
minimal,0.147,0.206,0.448
celery,0.147,0.223,0.396
savanna,0.147,0.394,0.606
simply,0.148,0.393,0.535
meek,0.15,0.198,0.531
straightforward,0.15,0.38,0.78
nun,0.15,0.406,0.5
geography,0.15,0.553,0.719
spa,0.151,0.386,0.622
musing,0.151,0.465,0.74
normalcy,0.151,0.62,0.805
loner,0.152,0.221,0.347
eggplant,0.152,0.323,0.592
shy,0.153,0.132,0.28
gray,0.153,0.189,0.335
lawn,0.153,0.192,0.686
elder,0.153,0.462,0.448
pacifist,0.153,0.557,0.663
statue,0.153,0.57,0.542
hairline,0.154,0.23,0.418
sleeper,0.154,0.254,0.64
six,0.154,0.271,0.5
broom,0.154,0.302,0.385
unremarkable,0.155,0.23,0.271
leaf,0.156,0.294,0.583
lullaby,0.156,0.339,0.796
peace,0.156,0.613,0.939
pajama,0.157,0.245,0.908
indifferent,0.157,0.25,0.396
middle,0.157,0.3,0.458
dream,0.157,0.328,0.844
sedate,0.157,0.345,0.656
homely,0.157,0.399,0.745
text,0.157,0.402,0.604
interior,0.157,0.462,0.618
relaxing,0.157,0.475,0.854
pear,0.158,0.241,0.677
morale,0.158,0.792,0.729
teatime,0.159,0.339,0.847
little,0.16,0.213,0.385
quiescent,0.16,0.305,0.5
peaceofmind,0.16,0.519,0.786
relaxation,0.161,0.381,0.873
fragile,0.163,0.126,0.302
void,0.163,0.13,0.135
lettuce,0.163,0.291,0.594
neuter,0.163,0.302,0.621
soap,0.163,0.311,0.531
tea,0.163,0.37,0.698
note,0.163,0.416,0.594
comfortable,0.163,0.473,0.927
paragraph,0.164,0.269,0.51
closed,0.164,0.318,0.24
grass,0.164,0.333,0.604
nocomplaints,0.164,0.491,0.677
tablecloth,0.165,0.215,0.48
shelved,0.166,0.321,0.306
idle,0.167,0.112,0.179
inactive,0.167,0.159,0.271
muted,0.167,0.162,0.26
bored,0.167,0.196,0.153
lesser,0.167,0.211,0.396
subtle,0.167,0.228,0.708
cup,0.167,0.231,0.615
wait,0.167,0.264,0.224
sock,0.167,0.29,0.5
rest,0.167,0.3,0.907
plain,0.167,0.311,0.5
bucket,0.167,0.336,0.408
bedside,0.167,0.375,0.604
trunk,0.167,0.404,0.271
notebook,0.167,0.442,0.449
lounging,0.167,0.449,0.735
fixed,0.167,0.509,0.684
rinse,0.168,0.409,0.663
dry,0.169,0.311,0.363
teddy bear,0.17,0.192,0.89
downy,0.17,0.255,0.63
pajamas,0.17,0.264,0.719
resigned,0.17,0.268,0.24
table,0.17,0.284,0.551
parsley,0.17,0.291,0.458
oat,0.17,0.298,0.622
carpet,0.17,0.339,0.52
lineal,0.17,0.474,0.521
clean,0.17,0.5,0.827
commonly,0.17,0.574,0.604
husk,0.173,0.147,0.378
emptiness,0.173,0.184,0.177
lint,0.173,0.214,0.388
beneath,0.173,0.233,0.354
crate,0.173,0.274,0.427
wallpaper,0.173,0.308,0.673
cardboard,0.173,0.309,0.5
bed,0.173,0.327,0.604
ream,0.173,0.346,0.49
clock,0.173,0.407,0.677
dune,0.173,0.414,0.459
white,0.173,0.42,0.729
blueprint,0.173,0.425,0.49
face,0.173,0.453,0.571
painless,0.173,0.491,0.785
snug,0.173,0.5,0.867
sheet,0.174,0.302,0.439
naught,0.176,0.161,0.344
mould,0.176,0.246,0.357
purse,0.176,0.306,0.656
yard,0.176,0.349,0.468
tapestry,0.176,0.362,0.52
subtlety,0.176,0.363,0.615
landscape,0.176,0.423,0.719
theme,0.176,0.427,0.541
pail,0.177,0.188,0.448
furnishings,0.177,0.346,0.592
pumpkin,0.177,0.355,0.539
millimeter,0.177,0.36,0.427
vegetation,0.177,0.5,0.74
equal,0.178,0.407,0.781
soft,0.179,0.232,0.76
pillowcase,0.179,0.25,0.5
box,0.179,0.312,0.5
obedient,0.179,0.518,0.8
soothing,0.179,0.519,0.625
drowsy,0.18,0.24,0.375
shampoo,0.18,0.25,0.604
slim,0.18,0.296,0.562
inert,0.18,0.319,0.323
spot,0.18,0.336,0.51
line,0.18,0.353,0.541
soil,0.18,0.356,0.35
lilac,0.18,0.357,0.688
plant,0.18,0.371,0.73
lettering,0.18,0.431,0.541
bookstore,0.18,0.503,0.771
peacetime,0.18,0.579,0.949
unwind,0.181,0.394,0.837
loneliness,0.182,0.222,0.146
pan,0.182,0.364,0.734
wood,0.182,0.373,0.494
buddhist,0.182,0.481,0.57
empty,0.183,0.081,0.188
turnip,0.183,0.254,0.561
mitt,0.183,0.264,0.406
barely,0.183,0.268,0.448
tomato,0.183,0.275,0.55
hat,0.183,0.353,0.604
prairie,0.183,0.415,0.673
reading,0.183,0.415,0.781
relieve,0.183,0.536,0.813
stone,0.183,0.561,0.216
monastery,0.183,0.726,0.694
thread,0.184,0.209,0.646
bald,0.184,0.268,0.306
tuesday,0.184,0.33,0.469
neutral,0.184,0.357,0.469
lumber,0.184,0.373,0.517
nature,0.184,0.643,0.857
bishop,0.184,0.725,0.594
chalk,0.185,0.121,0.385
wheat,0.185,0.25,0.531
sedentary,0.185,0.273,0.292
slowly,0.185,0.295,0.427
silently,0.185,0.306,0.448
evening,0.185,0.318,0.458
blueberry,0.185,0.365,0.656
mode,0.185,0.367,0.531
meditating,0.185,0.399,0.718
shirt,0.186,0.231,0.698
carton,0.186,0.241,0.286
cherry,0.186,0.25,0.688
hair,0.186,0.286,0.582
pot,0.186,0.294,0.5
awning,0.186,0.318,0.5
charcoal,0.186,0.342,0.302
portrait,0.186,0.467,0.698
reassured,0.186,0.519,0.854
steady,0.186,0.763,0.68
third,0.187,0.304,0.551
sample,0.187,0.452,0.521
untranslated,0.188,0.264,0.271
pause,0.188,0.264,0.429
herbarium,0.188,0.327,0.602
cloak,0.188,0.333,0.469
regular,0.188,0.558,0.435
kerchief,0.189,0.236,0.52
flower,0.189,0.254,0.802
lid,0.189,0.255,0.49
unnamed,0.189,0.284,0.316
tulip,0.189,0.356,0.73
door,0.189,0.421,0.549
timetable,0.189,0.491,0.561
cloth,0.19,0.287,0.51
blouse,0.19,0.302,0.58
solo,0.19,0.325,0.438
fabric,0.19,0.345,0.635
moderate,0.19,0.453,0.582
sector,0.19,0.569,0.594
peacefully,0.19,0.639,0.901
mesa,0.191,0.319,0.604
stem,0.191,0.336,0.615
slumber,0.191,0.426,0.592
thimble,0.192,0.218,0.49
handkerchief,0.192,0.219,0.51
sponge,0.192,0.219,0.551
oatmeal,0.192,0.241,0.592
snowflake,0.192,0.26,0.748
creamer,0.192,0.269,0.594
turf,0.192,0.295,0.531
sidewalk,0.192,0.348,0.479
dilute,0.192,0.349,0.275
tolerant,0.192,0.618,0.765
drip,0.193,0.175,0.392
patient,0.193,0.34,0.583
point,0.193,0.431,0.49
petal,0.194,0.211,0.81
mist,0.194,0.221,0.375
pen,0.194,0.25,0.622
hushed,0.194,0.272,0.292
sole,0.194,0.279,0.427
wristband,0.194,0.292,0.551
drowsiness,0.194,0.303,0.26
dorm,0.194,0.327,0.719
cradle,0.194,0.333,0.776
palm,0.194,0.34,0.531
humbly,0.194,0.37,0.771
easy,0.194,0.373,0.865
soften,0.194,0.392,0.694
panda,0.194,0.406,0.646
soothe,0.194,0.412,0.817
pacified,0.194,0.414,0.802
environment,0.194,0.528,0.646
clouds,0.195,0.324,0.735
tiny,0.196,0.125,0.479
vacuum,0.196,0.134,0.327
tasteless,0.196,0.148,0.146
trickle,0.196,0.231,0.5
nightcap,0.196,0.268,0.75
talcum,0.196,0.291,0.5
drawer,0.196,0.292,0.429
corn,0.196,0.292,0.594
stretcher,0.196,0.295,0.438
wooden,0.196,0.318,0.5
blameless,0.196,0.343,0.759
incase,0.196,0.365,0.58
sunday,0.196,0.394,0.776
lake,0.196,0.425,0.694
seawater,0.197,0.491,0.76
minimum,0.198,0.194,0.38
mild,0.198,0.216,0.635
eyebrow,0.198,0.222,0.51
grain,0.198,0.302,0.39
spatula,0.198,0.369,0.302
lavender,0.198,0.388,0.812
fence,0.198,0.398,0.5
baseboard,0.198,0.405,0.396
classical,0.198,0.536,0.643
buddha,0.198,0.604,0.69
church,0.198,0.61,0.708
eight,0.199,0.315,0.54
diminutive,0.2,0.109,0.323
mushy,0.2,0.182,0.52
silence,0.2,0.223,0.438
mute,0.2,0.25,0.271
pencil,0.2,0.263,0.552
broccoli,0.2,0.283,0.469
lace,0.2,0.293,0.625
cupboard,0.2,0.304,0.553
spinach,0.2,0.368,0.583
two,0.2,0.404,0.52
doze,0.2,0.405,0.592
shingle,0.2,0.41,0.51
march,0.2,0.483,0.531
formless,0.201,0.163,0.398
botany,0.201,0.5,0.604
peanut,0.202,0.246,0.646
divan,0.202,0.262,0.75
solitary,0.202,0.268,0.224
brown,0.202,0.293,0.396
gardens,0.202,0.296,0.775
subtitle,0.202,0.347,0.445
shelf,0.202,0.366,0.561
timber,0.202,0.386,0.332
wrench,0.202,0.545,0.396
poise,0.202,0.708,0.677
standstill,0.203,0.5,0.441
unchanged,0.204,0.237,0.49
hoop,0.204,0.315,0.635
closet,0.204,0.33,0.531
foil,0.204,0.342,0.312
lone,0.204,0.367,0.198
dormitory,0.204,0.382,0.633
glossary,0.204,0.447,0.57
autumn,0.204,0.45,0.765
bibliography,0.204,0.528,0.622
stable,0.204,0.735,0.725
small,0.205,0.12,0.542
neutrality,0.205,0.434,0.469
purity,0.205,0.712,0.823
yam,0.206,0.152,0.5
sheep,0.206,0.161,0.604
branch,0.206,0.25,0.538
bass,0.206,0.268,0.427
candles,0.206,0.268,0.615
gel,0.206,0.279,0.524
softly,0.206,0.304,0.517
cereal,0.206,0.316,0.612
innocent,0.206,0.34,0.729
leaflet,0.206,0.375,0.49
typical,0.206,0.426,0.635
briefcase,0.206,0.442,0.542
tailor,0.206,0.45,0.573
museum,0.206,0.481,0.792
chill,0.206,0.482,0.837
roadway,0.206,0.509,0.562
tolerance,0.206,0.649,0.875
yew,0.207,0.311,0.312
minim,0.208,0.138,0.518
feather,0.208,0.144,0.677
droplet,0.208,0.194,0.625
towel,0.208,0.286,0.63
bulb,0.208,0.3,0.562
spoonful,0.208,0.308,0.582
tab,0.208,0.308,0.594
rice,0.208,0.33,0.667
cone,0.208,0.343,0.417
layer,0.208,0.366,0.5
liter,0.208,0.382,0.573
monk,0.208,0.439,0.472
habitual,0.208,0.49,0.527
grandma,0.208,0.491,0.796
centerpiece,0.208,0.52,0.594
manuscript,0.208,0.54,0.51
tidy,0.208,0.647,0.76
eraser,0.209,0.311,0.458
quay,0.209,0.442,0.542
rocks,0.209,0.543,0.365
ash,0.21,0.207,0.26
motionless,0.21,0.246,0.323
second,0.21,0.25,0.49
chestnut,0.21,0.294,0.714
koala,0.21,0.311,0.608
earthenware,0.21,0.32,0.552
asleeep,0.21,0.322,0.49
glasses,0.21,0.33,0.531
tarp,0.21,0.364,0.479
monogram,0.21,0.425,0.48
zen,0.21,0.432,0.492
synonym,0.21,0.433,0.615
residential,0.21,0.589,0.72
book,0.21,0.606,0.802
finalized,0.21,0.608,0.245
senile,0.211,0.305,0.28
slowness,0.212,0.191,0.302
cantaloupe,0.212,0.276,0.592
elderly,0.212,0.283,0.615
pollen,0.212,0.292,0.622
barley,0.212,0.296,0.614
savannah,0.212,0.309,0.729
suitcase,0.212,0.318,0.562
hay,0.212,0.343,0.469
padded,0.212,0.371,0.606
ninth,0.212,0.396,0.49
calendar,0.212,0.473,0.48
symmetric,0.212,0.588,0.745
intact,0.212,0.602,0.716
marble,0.212,0.667,0.604
fog,0.213,0.26,0.51
clouded,0.213,0.302,0.24
lonesome,0.213,0.336,0.281
bubble,0.213,0.364,0.774
olden,0.213,0.425,0.284
documentary,0.213,0.596,0.622
untroubled,0.213,0.653,0.75
lyrics,0.214,0.333,0.582
inconspicuous,0.214,0.368,0.604
mug,0.214,0.382,0.542
stead,0.214,0.51,0.551
bookkeeping,0.214,0.592,0.52
defined,0.214,0.646,0.67
lot,0.215,0.37,0.531
texture,0.215,0.412,0.615
yawning,0.216,0.15,0.323
toothpick,0.216,0.185,0.561
insignificance,0.216,0.222,0.25
noodle,0.216,0.225,0.633
ear,0.216,0.231,0.469
dropper,0.216,0.236,0.333
hairbrush,0.216,0.263,0.454
quill,0.216,0.263,0.521
ewe,0.216,0.277,0.429
vanilla,0.216,0.284,0.706
jute,0.216,0.295,0.551
robe,0.216,0.298,0.594
crockery,0.216,0.327,0.552
drawing,0.216,0.333,0.698
nigh,0.216,0.336,0.653
otter,0.216,0.339,0.439
magnifier,0.216,0.345,0.469
median,0.216,0.375,0.459
fixture,0.216,0.409,0.663
inner,0.216,0.443,0.551
words,0.216,0.473,0.71
calligraphy,0.216,0.5,0.62
discreet,0.216,0.532,0.552
slogan,0.216,0.564,0.55
sober,0.216,0.568,0.729
resemblance,0.216,0.57,0.743
boring,0.217,0.125,0.194
submissive,0.217,0.173,0.48
dispassionate,0.217,0.218,0.199
immobile,0.217,0.298,0.225
milligram,0.217,0.302,0.429
likewise,0.217,0.312,0.651
rubber,0.217,0.315,0.46
storefront,0.217,0.457,0.58
storeroom,0.217,0.588,0.56
convent,0.217,0.594,0.48
prayer,0.217,0.604,0.745
senor,0.217,0.63,0.527
thrift,0.217,0.649,0.76
nationwide,0.217,0.672,0.684
cloves,0.218,0.396,0.427
seal,0.218,0.518,0.49
scabbard,0.219,0.217,0.325
margin,0.219,0.331,0.5
routine,0.219,0.333,0.365
low,0.22,0.102,0.292
drapery,0.22,0.223,0.479
dietary,0.22,0.261,0.551
blues,0.22,0.287,0.469
herbaceous,0.22,0.31,0.56
bush,0.22,0.315,0.413
sail,0.22,0.325,0.615
button,0.22,0.343,0.52
closure,0.22,0.412,0.229
vacant,0.22,0.464,0.578
carefree,0.22,0.5,0.755
soul,0.22,0.51,0.77
pensive,0.22,0.529,0.54
writ,0.22,0.543,0.562
faith,0.22,0.763,0.833
mere,0.221,0.176,0.396
cushion,0.221,0.292,0.653
toe,0.221,0.293,0.406
five,0.221,0.298,0.51
mat,0.221,0.304,0.459
nest,0.221,0.333,0.687
candle,0.221,0.344,0.602
mint,0.221,0.345,0.688
caps,0.221,0.368,0.51
monotonous,0.221,0.4,0.354
usual,0.221,0.4,0.625
knot,0.221,0.408,0.541
smoothness,0.221,0.412,0.833
environ,0.221,0.433,0.724
bookcase,0.221,0.49,0.553
great grandma,0.221,0.491,0.771
tip,0.221,0.518,0.708
homestead,0.221,0.536,0.865
catalog,0.221,0.573,0.561
traditional,0.221,0.604,0.677
property,0.221,0.805,0.74
braid,0.222,0.216,0.427
beige,0.222,0.224,0.49
thing,0.222,0.26,0.449
unsound,0.222,0.272,0.146
meantime,0.222,0.3,0.432
newsstand,0.222,0.336,0.615
bamboo,0.222,0.356,0.646
icebox,0.222,0.37,0.56
mailbox,0.222,0.404,0.573
nomenclature,0.222,0.575,0.5
syrup,0.223,0.318,0.62
goofy,0.224,0.179,0.281
scarf,0.224,0.224,0.75
pigeon,0.224,0.276,0.688
page,0.224,0.278,0.677
perchance,0.224,0.298,0.48
cereals,0.224,0.311,0.719
midline,0.224,0.33,0.332
crepe,0.224,0.349,0.562
ceiling,0.224,0.366,0.52
casual,0.224,0.385,0.643
standby,0.224,0.386,0.26
no surprise,0.224,0.412,0.171
innkeeper,0.224,0.472,0.578
psalm,0.224,0.557,0.688
handbook,0.224,0.567,0.6
unbroken,0.224,0.602,0.55
reader,0.224,0.602,0.776
vase,0.225,0.215,0.638
cabbage,0.225,0.264,0.398
whisper,0.225,0.265,0.49
shoe,0.225,0.288,0.517
pine,0.225,0.312,0.583
inaction,0.225,0.325,0.323
hereunto,0.225,0.333,0.5
swan,0.225,0.357,0.781
three,0.225,0.377,0.653
mahogany,0.225,0.393,0.602
sundial,0.225,0.406,0.643
butler,0.225,0.438,0.469
rectangle,0.225,0.438,0.479
dew,0.225,0.464,0.604
bio,0.225,0.49,0.612
gloves,0.225,0.491,0.542
earth,0.225,0.614,0.75
bible,0.225,0.726,0.719
bland,0.226,0.157,0.3
rag,0.226,0.18,0.255
lonely,0.226,0.238,0.25
harmless,0.226,0.241,0.625
cube,0.226,0.274,0.469
velvet,0.226,0.304,0.663
mildness,0.226,0.311,0.827
luggage,0.226,0.319,0.561
downtime,0.226,0.324,0.24
roof,0.226,0.342,0.602
eyesight,0.226,0.343,0.75
paintbrush,0.226,0.353,0.714
vegan,0.226,0.357,0.49
turquoise,0.226,0.357,0.786
solitude,0.226,0.358,0.208
eighth,0.226,0.38,0.531
brochure,0.226,0.391,0.552
kale,0.226,0.411,0.469
hexagon,0.226,0.425,0.542
sanctuary,0.226,0.575,0.863
habit,0.226,0.585,0.625
union,0.226,0.766,0.854
gum,0.227,0.213,0.573
solitaire,0.227,0.279,0.365
basket,0.227,0.336,0.458
parchment,0.228,0.455,0.615
disuse,0.229,0.202,0.229
raft,0.229,0.228,0.51
blank,0.229,0.25,0.531
porridge,0.229,0.274,0.573
necktie,0.229,0.314,0.583
oils,0.229,0.391,0.459
dough,0.229,0.391,0.588
clapper,0.229,0.42,0.5
map,0.229,0.463,0.561
mercy,0.229,0.5,0.719
shelter,0.229,0.569,0.704
civilian,0.229,0.598,0.7
biography,0.229,0.718,0.698
gone,0.23,0.19,0.292
foam,0.23,0.204,0.698
uninhabited,0.23,0.221,0.301
watermelon,0.23,0.239,0.714
banana,0.23,0.241,0.612
chiffon,0.23,0.25,0.406
floor,0.23,0.25,0.43
other,0.23,0.259,0.472
beanie,0.23,0.263,0.5
pouch,0.23,0.271,0.438
cot,0.23,0.278,0.625
hallway,0.23,0.279,0.573
wastebasket,0.23,0.286,0.271
jasmine,0.23,0.286,0.765
ignore,0.23,0.295,0.146
cow,0.23,0.3,0.449
bourse,0.23,0.336,0.53
sit,0.23,0.368,0.561
glove,0.23,0.382,0.5
receipt,0.23,0.415,0.542
email,0.23,0.456,0.698
garden,0.23,0.456,0.77
unassuming,0.23,0.471,0.49
noun,0.23,0.477,0.531
harmony,0.23,0.509,0.949
saving,0.23,0.621,0.663
primrose,0.23,0.648,0.827
household,0.23,0.667,0.781
nada,0.231,0.136,0.25
placket,0.231,0.228,0.408
unused,0.231,0.234,0.344
sunflower,0.231,0.27,0.878
melon,0.231,0.271,0.461
sunset,0.231,0.298,0.875
hush,0.231,0.312,0.471
pulp,0.231,0.324,0.469
pocketbook,0.231,0.343,0.551
week,0.231,0.351,0.51
lagoon,0.231,0.373,0.66
basin,0.231,0.398,0.552
date,0.231,0.4,0.604
olive,0.231,0.406,0.571
coral,0.231,0.425,0.802
discrete,0.231,0.429,0.585
center,0.231,0.431,0.643
serum,0.231,0.443,0.52
number,0.231,0.471,0.406
yearbook,0.231,0.509,0.562
written,0.231,0.52,0.6
habitation,0.231,0.538,0.781
situated,0.231,0.543,0.542
mail,0.231,0.548,0.615
mark,0.231,0.6,0.491
comfort,0.231,0.67,0.863
civilized,0.231,0.796,0.792
prefix,0.232,0.463,0.521
riverbed,0.233,0.421,0.61
moon,0.233,0.547,0.673
kitchen,0.234,0.398,0.7
sky,0.234,0.401,0.958
voiceless,0.235,0.131,0.271
hairless,0.235,0.139,0.136
sorrow,0.235,0.164,0.052
minor,0.235,0.175,0.25
omitted,0.235,0.211,0.26
uninteresting,0.235,0.228,0.153
cucumber,0.235,0.237,0.49
flour,0.235,0.239,0.53
raisin,0.235,0.246,0.594
parched,0.235,0.255,0.25
floral,0.235,0.264,0.833
tub,0.235,0.265,0.449
potato,0.235,0.265,0.541
carrot,0.235,0.279,0.5
iguana,0.235,0.291,0.521
mime,0.235,0.302,0.455
bitumen,0.235,0.307,0.375
liquid,0.235,0.307,0.562
ledge,0.235,0.339,0.406
flooring,0.235,0.346,0.562
cape,0.235,0.357,0.531
footage,0.235,0.364,0.625
mesh,0.235,0.371,0.429
bonsai,0.235,0.375,0.714
textile,0.235,0.395,0.604
selfless,0.235,0.396,0.521
diet,0.235,0.398,0.429
memo,0.235,0.407,0.625
veil,0.235,0.415,0.5
praying,0.235,0.415,0.646
loch,0.235,0.425,0.449
gate,0.235,0.426,0.51
dove,0.235,0.437,0.729
morning,0.235,0.444,0.688
rested,0.235,0.462,0.792
neat,0.235,0.491,0.878
harmonica,0.235,0.51,0.847
baton,0.235,0.519,0.272
whiteness,0.235,0.519,0.688
dawn,0.235,0.519,0.827
textbook,0.235,0.526,0.622
crystalline,0.235,0.534,0.765
perusal,0.235,0.543,0.622
ivory,0.235,0.566,0.625
unit,0.235,0.578,0.562
equilibrium,0.235,0.62,0.676
poetry,0.235,0.629,0.697
decency,0.235,0.634,0.75
pew,0.235,0.664,0.449
sane,0.235,0.67,0.76
outdated,0.236,0.226,0.167
sardine,0.236,0.236,0.541
spoon,0.236,0.259,0.479
eyeglass,0.236,0.286,0.531
flat,0.236,0.303,0.408
minimize,0.236,0.311,0.36
bottle,0.236,0.336,0.469
tissue,0.236,0.345,0.558
moustache,0.236,0.409,0.47
bookish,0.236,0.43,0.604
nunnery,0.236,0.473,0.653
humble,0.236,0.483,0.867
great grandmother,0.236,0.549,0.802
rock,0.236,0.557,0.623
bases,0.236,0.591,0.569
tranquilizer,0.236,0.596,0.51
catechism,0.236,0.613,0.656
pastor,0.236,0.746,0.698
closeness,0.237,0.45,0.796
refuge,0.238,0.481,0.64
steward,0.238,0.55,0.633
religious,0.238,0.696,0.74
lard,0.239,0.179,0.427
unitary,0.239,0.641,0.531
less,0.24,0.115,0.265
laziness,0.24,0.132,0.271
slight,0.24,0.155,0.521
unimportant,0.24,0.175,0.281
foaming,0.24,0.198,0.643
unread,0.24,0.214,0.458
grapes,0.24,0.236,0.784
untitled,0.24,0.24,0.213
rug,0.24,0.245,0.52
tad,0.24,0.25,0.459
copy,0.24,0.263,0.46
simples,0.24,0.263,0.724
occasionally,0.24,0.264,0.538
tomatoes,0.24,0.272,0.615
granola,0.24,0.281,0.625
fern,0.24,0.29,0.602
feet,0.24,0.292,0.51
rectangular,0.24,0.307,0.438
bathtub,0.24,0.318,0.625
papyrus,0.24,0.324,0.459
thelittlethings,0.24,0.324,0.571
beret,0.24,0.327,0.542
uninterested,0.24,0.328,0.365
handbag,0.24,0.336,0.562
journal,0.24,0.352,0.688
dado,0.24,0.364,0.51
cap,0.24,0.375,0.612
subsoil,0.24,0.382,0.429
pictures,0.24,0.405,0.653
crib,0.24,0.407,0.653
auburn,0.24,0.411,0.51
inactivate,0.24,0.415,0.245
lime,0.24,0.415,0.594
parquet,0.24,0.422,0.541
shape,0.24,0.422,0.592
sabbatical,0.24,0.427,0.771
sixty,0.24,0.433,0.694
chapel,0.24,0.44,0.573
luncheon,0.24,0.441,0.837
granny,0.24,0.452,0.796
moderation,0.24,0.453,0.531
botanist,0.24,0.456,0.651
cover,0.24,0.471,0.365
wharf,0.24,0.472,0.469
climate,0.24,0.483,0.635
stationary,0.24,0.484,0.408
modesty,0.24,0.5,0.778
lighthouse,0.24,0.51,0.622
be,0.24,0.554,0.67
remains,0.24,0.565,0.61
civic,0.24,0.573,0.653
catholic,0.24,0.575,0.646
sanctified,0.24,0.612,0.792
kind,0.24,0.618,0.918
fine,0.24,0.647,0.823
titled,0.24,0.658,0.677
orderly,0.24,0.661,0.844
document,0.24,0.667,0.594
saint,0.24,0.693,0.812
conservatory,0.24,0.729,0.635
weak,0.241,0.045,0.18
egg,0.241,0.293,0.684
coal,0.241,0.34,0.36
pallet,0.241,0.349,0.604
rooms,0.241,0.386,0.677
seals,0.241,0.402,0.412
numbers,0.241,0.44,0.406
vinyl,0.241,0.44,0.49
image,0.241,0.453,0.653
great grandfather,0.241,0.569,0.729
christian,0.241,0.591,0.76
comfy,0.241,0.625,0.93
headline,0.241,0.685,0.63
reliable,0.241,0.875,0.912
monograph,0.242,0.481,0.5
memoir,0.242,0.553,0.75
uninspired,0.243,0.26,0.163
sojourn,0.243,0.509,0.514
prong,0.244,0.293,0.367
midlife,0.244,0.473,0.594
thatch,0.245,0.161,0.337
broth,0.245,0.168,0.5
platter,0.245,0.219,0.686
sac,0.245,0.226,0.344
dormant,0.245,0.245,0.385
turkey,0.245,0.247,0.634
lily,0.245,0.263,0.64
soup,0.245,0.269,0.602
mass,0.245,0.277,0.458
seventh,0.245,0.288,0.5
sideways,0.245,0.291,0.788
stall,0.245,0.292,0.37
sweater,0.245,0.295,0.704
codfish,0.245,0.3,0.49
waxy,0.245,0.308,0.408
wax,0.245,0.309,0.436
seagull,0.245,0.314,0.635
balloon,0.245,0.315,0.729
draught,0.245,0.316,0.465
uncaring,0.245,0.321,0.177
loom,0.245,0.325,0.531
speck,0.245,0.343,0.418
neck,0.245,0.345,0.541
indoor,0.245,0.347,0.615
tile,0.245,0.348,0.429
dollhouse,0.245,0.363,0.643
plate,0.245,0.366,0.583
piece,0.245,0.367,0.646
batter,0.245,0.373,0.561
oneday,0.245,0.374,0.667
lethargic,0.245,0.375,0.214
plywood,0.245,0.38,0.561
bluish,0.245,0.382,0.604
hibernation,0.245,0.384,0.469
simplistic,0.245,0.391,0.49
knee,0.245,0.396,0.52
willow,0.245,0.4,0.604
patio,0.245,0.402,0.562
ham,0.245,0.404,0.673
rural,0.245,0.408,0.562
veggie,0.245,0.409,0.602
postal,0.245,0.411,0.765
unoccupied,0.245,0.412,0.258
grove,0.245,0.417,0.604
path,0.245,0.421,0.59
label,0.245,0.423,0.582
teflon,0.245,0.434,0.354
cable,0.245,0.434,0.583
pensioner,0.245,0.442,0.44
manual,0.245,0.449,0.635
collagen,0.245,0.45,0.541
girder,0.245,0.452,0.388
lounge,0.245,0.466,0.592
lens,0.245,0.472,0.42
norm,0.245,0.527,0.5
oak,0.245,0.536,0.583
creed,0.245,0.544,0.573
heal,0.245,0.556,0.765
tier,0.245,0.56,0.52
dutiful,0.245,0.585,0.724
dwell,0.245,0.611,0.698
uniform,0.245,0.655,0.57
hygienic,0.245,0.702,0.719
logic,0.245,0.819,0.646
dust,0.246,0.241,0.344
umbrella,0.246,0.255,0.583
humdrum,0.246,0.353,0.269
geriatric,0.247,0.436,0.479
assumed,0.247,0.454,0.612
vocabulary,0.247,0.585,0.53
nylong,0.248,0.351,0.439
tunic,0.248,0.391,0.531
chaste,0.248,0.453,0.408
granddad,0.248,0.461,0.74
metric,0.248,0.573,0.519
mantra,0.249,0.357,0.396
rhyme,0.249,0.481,0.667
powder,0.25,0.194,0.521
jug,0.25,0.213,0.52
weaken,0.25,0.223,0.112
insipid,0.25,0.241,0.214
mildew,0.25,0.241,0.344
lantern,0.25,0.243,0.622
smock,0.25,0.25,0.429
ifonly,0.25,0.255,0.406
paprika,0.25,0.264,0.417
clay,0.25,0.267,0.542
tableware,0.25,0.276,0.677
loaf,0.25,0.277,0.755
eyelash,0.25,0.278,0.48
peel,0.25,0.279,0.439
cork,0.25,0.281,0.347
soy,0.25,0.286,0.438
nuts,0.25,0.291,0.594
cinnamon,0.25,0.292,0.6
soybean,0.25,0.293,0.521
mosaic,0.25,0.302,0.635
innocently,0.25,0.302,0.776
consolation,0.25,0.304,0.408
binder,0.25,0.308,0.438
bag,0.25,0.314,0.5
mica,0.25,0.314,0.531
east,0.25,0.317,0.51
manner,0.25,0.32,0.618
infrequently,0.25,0.327,0.204
flannel,0.25,0.327,0.49
pamphlet,0.25,0.327,0.53
sieve,0.25,0.333,0.459
simplicity,0.25,0.337,0.667
snag,0.25,0.339,0.417
cloudiness,0.25,0.343,0.469
tray,0.25,0.345,0.549
axis,0.25,0.356,0.209
tape measure,0.25,0.36,0.406
static,0.25,0.366,0.297
tooth,0.25,0.367,0.439
leisurely,0.25,0.367,0.806
things,0.25,0.368,0.519
bellman,0.25,0.371,0.54
ceramics,0.25,0.373,0.573
camisole,0.25,0.375,0.497
relax,0.25,0.375,0.927
flatbed,0.25,0.38,0.49
fleece,0.25,0.381,0.561
grocer,0.25,0.382,0.625
sesame,0.25,0.382,0.673
balsam,0.25,0.385,0.663
stag,0.25,0.389,0.594
midday,0.25,0.403,0.658
seam,0.25,0.414,0.427
syllable,0.25,0.417,0.448
grate,0.25,0.419,0.333
cease,0.25,0.42,0.388
similar,0.25,0.423,0.562
data,0.25,0.426,0.5
eleven,0.25,0.43,0.449
holly,0.25,0.443,0.51
pane,0.25,0.444,0.385
salmon,0.25,0.444,0.76
taoism,0.25,0.456,0.49
geranium,0.25,0.458,0.635
nominal,0.25,0.463,0.594
hectares,0.25,0.471,0.57
linear,0.25,0.472,0.646
overcast,0.25,0.475,0.417
sheer,0.25,0.481,0.604
storehouse,0.25,0.491,0.57
surname,0.25,0.493,0.67
wall,0.25,0.509,0.417
readout,0.25,0.518,0.59
remembrance,0.25,0.519,0.812
gentile,0.25,0.527,0.833
sight,0.25,0.528,0.684
resembling,0.25,0.529,0.592
secretive,0.25,0.538,0.39
nautical,0.25,0.579,0.646
equivalence,0.25,0.582,0.663
citizen,0.25,0.586,0.631
documents,0.25,0.587,0.53
scriptural,0.25,0.596,0.551
dictionary,0.25,0.598,0.62
literature,0.25,0.598,0.708
parson,0.25,0.615,0.583
formal,0.25,0.625,0.735
prudent,0.25,0.657,0.706
column,0.25,0.67,0.48
wise,0.25,0.861,0.878
opacity,0.251,0.256,0.471
khaki,0.252,0.278,0.594
psalms,0.252,0.534,0.602
customary,0.253,0.561,0.7
scenery,0.253,0.592,0.745
inferior,0.254,0.106,0.26
halfway,0.254,0.339,0.51
forefinger,0.254,0.37,0.51
numeral,0.254,0.382,0.582
cloakroom,0.254,0.397,0.69
honest,0.254,0.75,0.927
foolish,0.255,0.109,0.316
weakly,0.255,0.111,0.27
pudding,0.255,0.202,0.75
puree,0.255,0.208,0.708
sadly,0.255,0.216,0.047
crumb,0.255,0.216,0.417
cauliflower,0.255,0.231,0.448
ward,0.255,0.254,0.469
unobserved,0.255,0.257,0.398
dish,0.255,0.264,0.552
blackboard,0.255,0.287,0.469
hammock,0.255,0.287,0.673
avocado,0.255,0.287,0.677
ounce,0.255,0.288,0.531
nerdy,0.255,0.292,0.296
coma,0.255,0.302,0.219
lightbulb,0.255,0.302,0.573
parasol,0.255,0.304,0.604
stuffed animal,0.255,0.306,0.684
unturned,0.255,0.316,0.312
older,0.255,0.317,0.385
semicolon,0.255,0.318,0.378
cocoa,0.255,0.322,0.776
thyme,0.255,0.325,0.561
nine,0.255,0.327,0.552
thermos,0.255,0.328,0.582
keypad,0.255,0.33,0.604
unnumbered,0.255,0.331,0.406
holster,0.255,0.339,0.561
retina,0.255,0.342,0.49
boots,0.255,0.35,0.602
bovine,0.255,0.353,0.449
gently,0.255,0.36,0.917
softening,0.255,0.361,0.7
lira,0.255,0.37,0.53
twain,0.255,0.37,0.541
ceramic,0.255,0.371,0.521
graze,0.255,0.371,0.56
nana,0.255,0.375,0.765
parenthesis,0.255,0.38,0.51
board,0.255,0.385,0.592
wing,0.255,0.389,0.562
herbal,0.255,0.39,0.592
diskette,0.255,0.391,0.531
spleen,0.255,0.396,0.448
mattress,0.255,0.397,0.612
vegetarian,0.255,0.407,0.562
month,0.255,0.411,0.688
showcase,0.255,0.415,0.521
clipboard,0.255,0.423,0.594
homeboy,0.255,0.436,0.602
north,0.255,0.45,0.531
laterally,0.255,0.45,0.562
relieving,0.255,0.455,0.74
dairy,0.255,0.462,0.633
namaste,0.255,0.464,0.719
depot,0.255,0.471,0.635
province,0.255,0.471,0.714
generally,0.255,0.473,0.562
word,0.255,0.482,0.552
circumference,0.255,0.488,0.458
assuage,0.255,0.5,0.745
similarity,0.255,0.518,0.729
cosy,0.255,0.518,0.847
naturalist,0.255,0.562,0.844
verbatim,0.255,0.574,0.562
shrine,0.255,0.574,0.802
uncle,0.255,0.578,0.653
term,0.255,0.598,0.45
homogeneous,0.255,0.617,0.552
philosophy,0.255,0.64,0.684
full,0.255,0.704,0.602
balanced,0.255,0.745,0.806
azure,0.256,0.339,0.62
undetermined,0.256,0.353,0.265
outdoor,0.256,0.447,0.814
coat,0.256,0.464,0.677
dripping,0.257,0.267,0.302
minutiae,0.257,0.316,0.323
shire,0.257,0.609,0.479
compassion,0.258,0.509,0.735
companionless,0.259,0.2,0.271
cream,0.259,0.22,0.688
pale,0.259,0.245,0.281
suede,0.259,0.259,0.542
docile,0.259,0.264,0.604
retired,0.259,0.301,0.27
decimal,0.259,0.305,0.507
canal,0.259,0.321,0.673
yesteryear,0.259,0.331,0.469
nacho,0.259,0.333,0.667
molecule,0.259,0.375,0.531
attic,0.259,0.377,0.521
sideboard,0.259,0.426,0.59
pagoda,0.259,0.435,0.571
backboard,0.259,0.436,0.48
element,0.259,0.481,0.531
botanical,0.259,0.491,0.66
ecosystem,0.259,0.633,0.729
cinder,0.26,0.157,0.35
mud,0.26,0.185,0.333
crayon,0.26,0.185,0.604
unspoken,0.26,0.208,0.177
cilantro,0.26,0.208,0.469
inactivation,0.26,0.22,0.198
biscuit,0.26,0.231,0.888
drawers,0.26,0.236,0.539
melancholy,0.26,0.237,0.188
pate,0.26,0.26,0.406
close,0.26,0.263,0.292
bath,0.26,0.263,0.725
furniture,0.26,0.264,0.688
custard,0.26,0.293,0.618
salad,0.26,0.307,0.75
innocence,0.26,0.307,0.802
lamp,0.26,0.309,0.51
erase,0.26,0.321,0.24
pewter,0.26,0.321,0.396
patchwork,0.26,0.325,0.5
nonfat,0.26,0.34,0.604
patella,0.26,0.342,0.43
tumbler,0.26,0.352,0.52
petunia,0.26,0.356,0.583
blubber,0.26,0.36,0.388
cleat,0.26,0.361,0.486
cat,0.26,0.37,0.667
naive,0.26,0.375,0.406
northeast,0.26,0.375,0.562
brooch,0.26,0.38,0.531
dried,0.26,0.385,0.427
verdant,0.26,0.389,0.6
refrigerator,0.26,0.391,0.677
woody,0.26,0.396,0.469
gutter,0.26,0.4,0.466
list,0.26,0.402,0.528
ten,0.26,0.406,0.562
basis,0.26,0.426,0.602
guidebook,0.26,0.427,0.677
summary,0.26,0.427,0.729
elders,0.26,0.441,0.602
uncomplicated,0.26,0.453,0.74
kilogram,0.26,0.455,0.51
role,0.26,0.464,0.552
rubric,0.26,0.5,0.427
copper,0.26,0.5,0.58
crop,0.26,0.5,0.615
proverb,0.26,0.518,0.714
friar,0.26,0.531,0.51
transparency,0.26,0.587,0.847
classic,0.26,0.611,0.69
land,0.26,0.616,0.582
ethic,0.26,0.791,0.786
lotion,0.261,0.188,0.724
navel,0.261,0.276,0.448
beard,0.261,0.371,0.49
place,0.261,0.398,0.573
polar,0.261,0.5,0.468
redundancy,0.262,0.589,0.316
diplomat,0.262,0.868,0.563
speckled,0.263,0.254,0.449
tenuous,0.263,0.276,0.398
latch,0.263,0.288,0.395
unsweetened,0.263,0.3,0.396
papacy,0.263,0.553,0.481
symmetrical,0.263,0.569,0.542
lazy,0.264,0.096,0.392
fluff,0.264,0.172,0.52
kelp,0.264,0.213,0.479
short,0.264,0.237,0.184
plaster,0.264,0.255,0.438
peppermint,0.264,0.271,0.72
await,0.264,0.276,0.448
finger,0.264,0.291,0.321
facile,0.264,0.307,0.74
nowork,0.264,0.309,0.312
phrase,0.264,0.314,0.63
saucepan,0.264,0.321,0.347
sunglass,0.264,0.324,0.684
withal,0.264,0.381,0.345
stapler,0.264,0.394,0.37
canopy,0.264,0.398,0.615
moonlight,0.264,0.409,0.865
equally,0.264,0.436,0.625
asphalt,0.264,0.439,0.479
modal,0.264,0.461,0.592
link,0.264,0.491,0.427
scribe,0.264,0.491,0.541
moderately,0.264,0.5,0.604
category,0.264,0.521,0.571
holiness,0.264,0.742,0.86
blessing,0.264,0.8,0.929
stability,0.264,0.849,0.812
underneath,0.265,0.158,0.45
weave,0.265,0.172,0.604
brush,0.265,0.186,0.49
groggy,0.265,0.194,0.235
unconnected,0.265,0.213,0.188
unlisted,0.265,0.218,0.365
ice,0.265,0.219,0.44
broomstick,0.265,0.227,0.41
coconut,0.265,0.227,0.622
poncho,0.265,0.231,0.49
yarn,0.265,0.233,0.51
saliva,0.265,0.236,0.214
secluded,0.265,0.24,0.357
shyness,0.265,0.246,0.312
nether,0.265,0.259,0.24
slab,0.265,0.264,0.398
deodorant,0.265,0.269,0.48
pinkie,0.265,0.269,0.663
suave,0.265,0.269,0.724
shade,0.265,0.278,0.388
thereof,0.265,0.281,0.542
seating,0.265,0.286,0.552
veneer,0.265,0.289,0.49
dwarfed,0.265,0.293,0.365
sandy,0.265,0.296,0.406
duster,0.265,0.296,0.408
insulated,0.265,0.304,0.208
woolen,0.265,0.307,0.726
plush,0.265,0.318,0.625
rust,0.265,0.321,0.281
iodine,0.265,0.333,0.39
hour,0.265,0.336,0.552
mozzarella,0.265,0.34,0.653
opaque,0.265,0.342,0.344
hull,0.265,0.353,0.542
break,0.265,0.37,0.61
seven,0.265,0.373,0.672
silken,0.265,0.394,0.73
pi,0.265,0.4,0.469
magnifying,0.265,0.406,0.594
contour,0.265,0.414,0.589
eye,0.265,0.425,0.531
south,0.265,0.429,0.562
overcoat,0.265,0.43,0.594
folio,0.265,0.435,0.513
quart,0.265,0.436,0.439
particle,0.265,0.438,0.521
omit,0.265,0.451,0.33
site,0.265,0.452,0.677
mural,0.265,0.454,0.551
masseur,0.265,0.463,0.622
mantel,0.265,0.471,0.5
sedimentary,0.265,0.5,0.398
cement,0.265,0.527,0.544
haven,0.265,0.547,0.684
sentence,0.265,0.548,0.625
unaffected,0.265,0.571,0.542
measured,0.265,0.578,0.542
studio,0.265,0.62,0.677
concept,0.265,0.632,0.573
harmoniously,0.265,0.647,0.969
loyal,0.265,0.657,0.896
sincere,0.265,0.725,0.918
balance,0.265,0.735,0.684
vacuous,0.267,0.304,0.354
shrubbery,0.267,0.332,0.49
cedar,0.267,0.577,0.56
conclude,0.267,0.679,0.53
nonsensical,0.268,0.193,0.173
nape,0.268,0.298,0.427
index,0.268,0.342,0.448
streetlight,0.268,0.39,0.673
homeopathic,0.268,0.4,0.417
unacknowledged,0.269,0.116,0.24
diminished,0.269,0.196,0.156
silt,0.269,0.2,0.51
eggshell,0.269,0.212,0.408
diabetic,0.269,0.237,0.125
yogurt,0.269,0.24,0.66
comma,0.269,0.242,0.344
bean,0.269,0.264,0.667
doormat,0.269,0.267,0.458
molasses,0.269,0.286,0.49
lee,0.269,0.296,0.51
pedicure,0.269,0.296,0.695
stool,0.269,0.302,0.448
eyeglasses,0.269,0.306,0.561
see,0.269,0.312,0.635
paperback,0.269,0.314,0.633
piecemeal,0.269,0.319,0.615
plastic,0.269,0.32,0.49
dinghy,0.269,0.325,0.51
orchard,0.269,0.333,0.76
verse,0.269,0.336,0.667
triangle,0.269,0.352,0.562
woods,0.269,0.364,0.594
southern,0.269,0.37,0.552
day,0.269,0.389,0.719
vegetarianism,0.269,0.407,0.51
straits,0.269,0.41,0.408
terrace,0.269,0.411,0.615
palmer,0.269,0.413,0.48
seeds,0.269,0.418,0.731
section,0.269,0.421,0.5
mantle,0.269,0.422,0.51
card,0.269,0.436,0.531
local,0.269,0.452,0.656
lyric,0.269,0.464,0.702
pink,0.269,0.471,0.806
quadrant,0.269,0.482,0.5
regulated,0.269,0.483,0.531
shoemaker,0.269,0.491,0.396
moonlit,0.269,0.508,0.873
ode,0.269,0.519,0.604
headquarter,0.269,0.525,0.615
poetic,0.269,0.548,0.86
come,0.269,0.558,0.529
scheme,0.269,0.577,0.521
bless,0.269,0.588,0.929
unaltered,0.269,0.598,0.571
temple,0.269,0.66,0.612
thoughtfulness,0.269,0.667,0.867
tiredofit,0.27,0.204,0.3
moss,0.27,0.245,0.235
nose,0.27,0.245,0.582
micro,0.27,0.25,0.5
unrelated,0.27,0.264,0.302
sleeve,0.27,0.273,0.531
languid,0.27,0.283,0.281
thither,0.27,0.316,0.5
owl,0.27,0.321,0.52
toupee,0.27,0.324,0.323
milk,0.27,0.327,0.817
strawberry,0.27,0.336,0.833
slates,0.27,0.342,0.5
sepia,0.27,0.345,0.448
vegetative,0.27,0.351,0.5
booklet,0.27,0.351,0.51
dale,0.27,0.365,0.622
polyester,0.27,0.366,0.479
hut,0.27,0.375,0.633
upholstery,0.27,0.386,0.592
stayed,0.27,0.395,0.497
hamlet,0.27,0.397,0.573
sedation,0.27,0.398,0.51
monogrammed,0.27,0.402,0.503
trundle,0.27,0.414,0.507
clothes,0.27,0.414,0.833
forest,0.27,0.435,0.729
peruse,0.27,0.439,0.503
not negative,0.27,0.444,0.622
stealth,0.27,0.452,0.52
item,0.27,0.465,0.594
crystal,0.27,0.508,0.618
laptop,0.27,0.519,0.724
boards,0.27,0.524,0.469
geometry,0.27,0.537,0.49
ensign,0.27,0.545,0.663
home,0.27,0.545,0.854
theoretical,0.27,0.546,0.615
poem,0.27,0.571,0.81
friendliness,0.27,0.611,0.981
scripture,0.27,0.63,0.745
historian,0.27,0.637,0.688
philosophic,0.27,0.655,0.688
ecclesiastical,0.27,0.66,0.673
sure,0.27,0.793,0.724
decreased,0.271,0.17,0.224
bitty,0.271,0.257,0.469
gourd,0.271,0.289,0.427
potatoes,0.271,0.309,0.69
momentary,0.271,0.33,0.562
pore,0.271,0.342,0.427
thumb,0.271,0.361,0.673
shortwave,0.271,0.368,0.46
tangerine,0.271,0.395,0.571
ointment,0.271,0.398,0.438
canister,0.271,0.403,0.553
recipe,0.271,0.415,0.698
aspirin,0.271,0.422,0.479
tendon,0.271,0.463,0.341
bold,0.271,0.483,0.49
headquarters,0.271,0.525,0.615
equatorial,0.271,0.593,0.55
tail,0.272,0.293,0.48
stalk,0.272,0.395,0.436
violet,0.272,0.401,0.688
soluble,0.272,0.409,0.542
formed,0.272,0.696,0.656
oneness,0.272,0.72,0.745
may,0.273,0.245,0.704
kiwi,0.273,0.282,0.646
creamed,0.273,0.288,0.723
seasonal,0.273,0.305,0.592
sedative,0.273,0.352,0.314
limited,0.273,0.38,0.229
listing,0.273,0.432,0.438
barometer,0.273,0.545,0.388
comparative,0.273,0.562,0.47
heavens,0.273,0.683,0.806
propriety,0.273,0.798,0.823
casualty,0.274,0.132,0.235
diaper,0.274,0.155,0.409
slightly,0.274,0.255,0.47
sandbox,0.274,0.264,0.573
mushroom,0.274,0.269,0.49
half,0.274,0.276,0.5
basil,0.274,0.309,0.534
funnel,0.274,0.336,0.354
scarecrow,0.274,0.349,0.219
deco,0.274,0.356,0.625
pancake,0.274,0.364,0.802
doorstep,0.274,0.391,0.531
mold,0.274,0.402,0.33
scrapbook,0.274,0.432,0.562
windowsill,0.274,0.433,0.429
prose,0.274,0.436,0.542
symmetry,0.274,0.5,0.604
biology,0.274,0.546,0.479
waterfront,0.274,0.556,0.716
staff,0.274,0.627,0.745
faded,0.275,0.194,0.302
fuchsia,0.275,0.264,0.633
gauze,0.275,0.276,0.46
midst,0.275,0.296,0.324
pea,0.275,0.298,0.58
comforter,0.275,0.302,0.618
underscore,0.275,0.306,0.375
fir,0.275,0.306,0.521
blossom,0.275,0.309,0.792
incense,0.275,0.328,0.698
tent,0.275,0.333,0.51
pocket,0.275,0.34,0.458
chemise,0.275,0.364,0.53
poster,0.275,0.365,0.542
sixth,0.275,0.366,0.521
envelope,0.275,0.377,0.604
iris,0.275,0.38,0.708
yellow,0.275,0.387,0.671
row,0.275,0.406,0.427
peasant,0.275,0.407,0.53
balm,0.275,0.414,0.625
magenta,0.275,0.415,0.635
crank,0.275,0.417,0.448
way,0.275,0.42,0.48
homeward,0.275,0.435,0.833
case,0.275,0.441,0.427
prime,0.275,0.446,0.708
auntie,0.275,0.447,0.643
calender,0.275,0.451,0.531
shaft,0.275,0.472,0.549
regulate,0.275,0.481,0.51
stay,0.275,0.516,0.604
key,0.275,0.519,0.615
hearth,0.275,0.536,0.76
therapeutic,0.275,0.68,0.625
method,0.275,0.698,0.64
philosophical,0.275,0.713,0.719
education,0.275,0.84,0.896
timid,0.276,0.132,0.327
disconnected,0.276,0.173,0.292
tutu,0.276,0.233,0.583
cheesecake,0.276,0.238,0.86
hen,0.276,0.241,0.385
hanky,0.276,0.25,0.46
canary,0.276,0.265,0.582
bandanna,0.276,0.277,0.562
origami,0.276,0.294,0.684
retro,0.276,0.321,0.65
bathing,0.276,0.361,0.74
tenderness,0.276,0.367,0.949
bedding,0.276,0.377,0.704
fen,0.276,0.379,0.49
tithe,0.276,0.385,0.507
window,0.276,0.385,0.542
rose,0.276,0.386,0.865
vale,0.276,0.387,0.592
grind,0.276,0.397,0.48
manger,0.276,0.398,0.656
subtext,0.276,0.412,0.635
sketch,0.276,0.42,0.704
topic,0.276,0.427,0.52
sundown,0.276,0.445,0.812
reservoir,0.276,0.462,0.531
celibacy,0.276,0.509,0.302
dusk,0.276,0.519,0.532
censor,0.276,0.538,0.344
easygoing,0.276,0.538,0.823
naturally,0.276,0.549,0.854
untouched,0.276,0.6,0.531
verification,0.276,0.642,0.75
confidence,0.276,0.943,0.959
tape,0.277,0.254,0.531
mane,0.277,0.373,0.521
fennel,0.277,0.389,0.573
cellar,0.277,0.406,0.51
munch,0.277,0.434,0.541
enzyme,0.277,0.481,0.562
level,0.277,0.491,0.622
sphere,0.277,0.5,0.633
complement,0.277,0.6,0.76
conformance,0.278,0.254,0.608
whiskers,0.278,0.27,0.439
curtain,0.278,0.304,0.698
oil,0.278,0.306,0.521
backpack,0.278,0.333,0.729
raspberries,0.278,0.333,0.802
faucet,0.278,0.356,0.427
staticky,0.278,0.358,0.357
part,0.278,0.36,0.663
paperweight,0.278,0.433,0.421
gentleness,0.278,0.447,0.927
baggy,0.278,0.452,0.521
relief,0.278,0.481,0.844
estuary,0.278,0.482,0.469
axial,0.278,0.491,0.458
homey,0.278,0.5,0.769
proprietary,0.278,0.814,0.771
ashes,0.279,0.142,0.327
wig,0.279,0.18,0.722
damp,0.279,0.21,0.36
sawdust,0.279,0.241,0.398
pita,0.279,0.255,0.551
restroom,0.279,0.267,0.653
hairspray,0.279,0.269,0.549
huckleberry,0.279,0.296,0.6
sand,0.279,0.304,0.582
pocketful,0.279,0.306,0.594
fourteen,0.279,0.308,0.552
old,0.279,0.315,0.41
pad,0.279,0.33,0.684
delicacy,0.279,0.336,0.812
letter,0.279,0.342,0.635
meatball,0.279,0.343,0.612
pinhole,0.279,0.345,0.375
keyboard,0.279,0.349,0.573
minute,0.279,0.356,0.582
cottage,0.279,0.361,0.6
whitish,0.279,0.365,0.583
folder,0.279,0.375,0.49
utensil,0.279,0.383,0.573
cappuccino,0.279,0.384,0.792
desert,0.279,0.389,0.469
taffeta,0.279,0.405,0.604
embroidered,0.279,0.407,0.677
tube,0.279,0.409,0.418
eyes,0.279,0.432,0.76
times,0.279,0.439,0.49
pier,0.279,0.445,0.583
easily,0.279,0.453,0.885
timepiece,0.279,0.461,0.65
root,0.279,0.508,0.602
legible,0.279,0.509,0.673
housekeeper,0.279,0.52,0.694
laurels,0.279,0.545,0.684
grandfather,0.279,0.586,0.827
council,0.279,0.635,0.875
naturalization,0.279,0.652,0.781
blessed,0.279,0.696,0.91
civics,0.279,0.72,0.7
feeble,0.28,0.109,0.157
dispirited,0.28,0.142,0.204
nameless,0.28,0.164,0.344
forgotten,0.28,0.184,0.235
cloudy,0.28,0.202,0.281
vane,0.28,0.231,0.561
fish,0.28,0.25,0.51
shortness,0.28,0.272,0.459
sunless,0.28,0.273,0.245
bowls,0.28,0.277,0.551
floss,0.28,0.278,0.5
cheese,0.28,0.281,0.74
buoy,0.28,0.284,0.562
cocoon,0.28,0.29,0.47
attenuated,0.28,0.298,0.449
backyard,0.28,0.302,0.552
green bean,0.28,0.304,0.469
enamel,0.28,0.306,0.594
shoelace,0.28,0.307,0.396
fresco,0.28,0.32,0.827
measuring tape,0.28,0.327,0.337
oval,0.28,0.33,0.417
plank,0.28,0.333,0.427
rope,0.28,0.345,0.385
burrow,0.28,0.355,0.438
kimono,0.28,0.363,0.643
centimeter,0.28,0.38,0.427
four,0.28,0.383,0.552
moisturizer,0.28,0.386,0.75
aspen,0.28,0.395,0.479
fourth,0.28,0.398,0.559
color,0.28,0.402,0.786
parsimony,0.28,0.403,0.449
snowfall,0.28,0.455,0.675
average,0.28,0.455,0.684
metaphor,0.28,0.47,0.562
unencumbered,0.28,0.472,0.604
rind,0.28,0.491,0.542
lands,0.28,0.492,0.594
portfolio,0.28,0.498,0.625
width,0.28,0.518,0.583
flatness,0.28,0.527,0.479
software,0.28,0.57,0.561
great grandpa,0.28,0.602,0.857
municipality,0.28,0.614,0.569
centrally,0.28,0.7,0.729
keeping,0.28,0.723,0.592
unavailable,0.281,0.159,0.323
weary,0.281,0.202,0.194
grapefruit,0.281,0.282,0.521
ravioli,0.281,0.308,0.656
juice,0.281,0.352,0.776
hearer,0.281,0.415,0.656
seat,0.281,0.434,0.542
brackets,0.281,0.435,0.573
statuary,0.281,0.5,0.561
coherent,0.281,0.5,0.698
civil,0.281,0.517,0.521
equalize,0.281,0.574,0.738
mausoleum,0.281,0.594,0.344
spirituality,0.281,0.667,0.865
unresponsive,0.282,0.244,0.108
cellophane,0.282,0.289,0.648
camel,0.282,0.314,0.54
bleach,0.282,0.337,0.336
nib,0.282,0.406,0.51
nuance,0.282,0.411,0.408
stack,0.282,0.427,0.47
coastline,0.282,0.441,0.745
suit,0.282,0.482,0.776
insignia,0.282,0.685,0.665
vainly,0.283,0.169,0.365
figurine,0.283,0.258,0.76
goose,0.283,0.265,0.479
disconnection,0.283,0.277,0.167
tallow,0.283,0.29,0.344
hem,0.283,0.291,0.562
slush,0.283,0.296,0.427
unconcerned,0.283,0.298,0.562
peas,0.283,0.31,0.542
vowel,0.283,0.311,0.49
milky,0.283,0.311,0.517
sandal,0.283,0.333,0.49
bathroom,0.283,0.345,0.561
bellybutton,0.283,0.36,0.531
vignette,0.283,0.382,0.717
mutton,0.283,0.393,0.427
cushy,0.283,0.395,0.823
fishing,0.283,0.405,0.677
southeast,0.283,0.413,0.51
gown,0.283,0.421,0.625
grandmother,0.283,0.426,0.792
oasis,0.283,0.429,0.796
slate,0.283,0.431,0.531
driftwood,0.283,0.439,0.321
newspaper,0.283,0.444,0.602
room,0.283,0.445,0.729
slack,0.283,0.446,0.521
balsamic,0.283,0.447,0.582
garage,0.283,0.455,0.531
remedy,0.283,0.491,0.625
diocesan,0.283,0.518,0.52
calculator,0.283,0.588,0.513
pansy,0.283,0.589,0.653
read,0.283,0.611,0.74
pacify,0.283,0.629,0.812
lessen,0.284,0.255,0.235
limbo,0.284,0.309,0.385
tinfoil,0.284,0.311,0.448
lamb,0.284,0.321,0.646
wavy,0.284,0.345,0.52
morn,0.284,0.345,0.542
type,0.284,0.364,0.5
checkbook,0.284,0.364,0.552
breeze,0.284,0.37,0.837
fiber,0.284,0.39,0.719
lemma,0.284,0.391,0.53
disinterested,0.284,0.392,0.398
freshwater,0.284,0.393,0.854
interval,0.284,0.4,0.51
year,0.284,0.415,0.542
dainty,0.284,0.424,0.604
ballad,0.284,0.424,0.792
homeopathy,0.284,0.439,0.469
behold,0.284,0.449,0.61
padlock,0.284,0.457,0.459
parallel,0.284,0.465,0.568
inn,0.284,0.475,0.66
hourglass,0.284,0.492,0.542
marquee,0.284,0.508,0.602
penmanship,0.284,0.509,0.677
manners,0.284,0.517,0.816
stayaway,0.284,0.526,0.369
monologue,0.284,0.534,0.5
brand,0.284,0.547,0.562
charity,0.284,0.551,0.92
terminology,0.284,0.566,0.612
pedestal,0.284,0.579,0.735
horizon,0.284,0.59,0.729
autobiography,0.284,0.629,0.735
schematic,0.284,0.647,0.49
notion,0.284,0.667,0.612
prudence,0.284,0.679,0.781
priestly,0.284,0.683,0.605
hotbed,0.285,0.395,0.51
wearily,0.286,0.128,0.327
minuscule,0.286,0.214,0.396
chimney,0.286,0.225,0.583
yesterday,0.286,0.253,0.5
plumage,0.286,0.284,0.656
t-shirt,0.286,0.284,0.815
crease,0.286,0.3,0.44
vinaigrette,0.286,0.3,0.49
rake,0.286,0.314,0.41
kiosk,0.286,0.321,0.5
caterpillar,0.286,0.33,0.461
digit,0.286,0.333,0.447
microgram,0.286,0.355,0.448
goggle,0.286,0.36,0.525
meh,0.286,0.365,0.38
ovate,0.286,0.368,0.385
valance,0.286,0.371,0.424
bluff,0.286,0.377,0.418
seaweed,0.286,0.382,0.446
pegs,0.286,0.386,0.408
shoulder,0.286,0.406,0.562
pottery,0.286,0.422,0.594
earpiece,0.286,0.452,0.583
deductible,0.286,0.455,0.375
santa,0.286,0.509,0.735
lodging,0.286,0.527,0.713
chalice,0.286,0.529,0.633
optics,0.286,0.58,0.562
crowded,0.286,0.585,0.694
saintly,0.286,0.591,0.865
graph,0.286,0.621,0.51
present,0.286,0.634,0.724
database,0.286,0.644,0.604
coupled,0.286,0.65,0.612
elementary,0.286,0.686,0.594
nobleman,0.286,0.709,0.675
total,0.286,0.714,0.771
equitable,0.286,0.75,0.714
principles,0.286,0.84,0.698
froth,0.287,0.194,0.612
chunk,0.287,0.214,0.365
scone,0.287,0.229,0.418
lapel,0.287,0.288,0.46
bellhop,0.287,0.318,0.5
nonviolent,0.287,0.346,0.64
channel,0.287,0.405,0.49
lemonade,0.287,0.412,0.661
courtesy,0.287,0.431,0.927
undisturbed,0.287,0.434,0.725
obedience,0.287,0.536,0.765
hygiene,0.287,0.537,0.781
mineral,0.287,0.605,0.519
grammar,0.287,0.607,0.56
sadness,0.288,0.164,0.052
feathered,0.288,0.214,0.438
twig,0.288,0.236,0.378
hose,0.288,0.263,0.469
asterisk,0.288,0.273,0.541
patch,0.288,0.283,0.439
uninitiated,0.288,0.288,0.271
inertia,0.288,0.322,0.344
residual,0.288,0.327,0.448
countryside,0.288,0.327,0.732
environs,0.288,0.345,0.561
ribbon,0.288,0.357,0.719
pylon,0.288,0.37,0.417
camera,0.288,0.379,0.64
spruce,0.288,0.38,0.604
weekly,0.288,0.38,0.622
seamstress,0.288,0.389,0.535
side,0.288,0.395,0.439
net,0.288,0.417,0.441
notional,0.288,0.5,0.52
inborn,0.288,0.546,0.59
diocese,0.288,0.575,0.51
condo,0.288,0.607,0.439
time,0.288,0.609,0.604
unity,0.288,0.658,0.837
tantamount,0.288,0.67,0.633
building,0.288,0.673,0.705
genetic,0.288,0.726,0.562
femur,0.289,0.413,0.408
handprint,0.289,0.463,0.635
bench,0.289,0.544,0.571
census,0.289,0.553,0.449
reserve,0.289,0.589,0.585
hardware,0.289,0.686,0.594
formalism,0.289,0.689,0.838
straw,0.29,0.163,0.48
pussycat,0.29,0.196,0.541
sleeveless,0.29,0.2,0.638
toilet,0.29,0.233,0.49
foot,0.29,0.254,0.49
goatee,0.29,0.255,0.479
wedge,0.29,0.278,0.49
remaining,0.29,0.296,0.449
sixteen,0.29,0.324,0.583
nay,0.29,0.325,0.344
lowlands,0.29,0.331,0.323
casually,0.29,0.333,0.658
circle,0.29,0.343,0.48
villa,0.29,0.345,0.698
hold,0.29,0.364,0.448
toothpaste,0.29,0.371,0.51
watered,0.29,0.377,0.615
zeta,0.29,0.38,0.385
liver,0.29,0.385,0.439
dot,0.29,0.391,0.434
tallies,0.29,0.402,0.551
insoluble,0.29,0.414,0.439
choral,0.29,0.421,0.852
greenish,0.29,0.429,0.574
lactose,0.29,0.433,0.479
segment,0.29,0.44,0.469
fifteen,0.29,0.443,0.49
moonbeam,0.29,0.491,0.7
birthplace,0.29,0.491,0.781
larder,0.29,0.509,0.656
statics,0.29,0.527,0.542
thoughtful,0.29,0.527,0.667
readily,0.29,0.547,0.74
german,0.29,0.57,0.438
capsule,0.29,0.57,0.583
quotient,0.29,0.58,0.615
reply,0.29,0.596,0.762
meridional,0.29,0.6,0.365
ecological,0.29,0.607,0.885
nourishment,0.29,0.631,0.786
staid,0.29,0.634,0.385
telescopic,0.29,0.66,0.49
documentation,0.29,0.667,0.719
fruit,0.291,0.312,0.896
micron,0.291,0.315,0.375
snowman,0.291,0.323,0.776
paraffin,0.291,0.343,0.426
bookshop,0.291,0.389,0.688
aunt,0.291,0.42,0.667
granddaddy,0.291,0.48,0.708
verbal,0.291,0.562,0.52
wimpy,0.292,0.134,0.188
withered,0.292,0.16,0.188
disconnect,0.292,0.191,0.438
butter,0.292,0.202,0.65
miniature,0.292,0.204,0.429
negligible,0.292,0.232,0.177
tinge,0.292,0.264,0.469
tint,0.292,0.273,0.582
stucco,0.292,0.279,0.439
twenty,0.292,0.286,0.52
indefinite,0.292,0.296,0.448
haystack,0.292,0.331,0.552
stairwell,0.292,0.333,0.51
footprint,0.292,0.336,0.592
monochrome,0.292,0.339,0.312
mount,0.292,0.348,0.5
lark,0.292,0.352,0.57
strings,0.292,0.355,0.457
minty,0.292,0.361,0.635
classroom,0.292,0.363,0.539
one,0.292,0.37,0.542
decimeter,0.292,0.377,0.52
laundry,0.292,0.377,0.644
caption,0.292,0.379,0.814
fossil,0.292,0.38,0.48
postcard,0.292,0.39,0.822
fridge,0.292,0.402,0.571
vine,0.292,0.405,0.531
velour,0.292,0.412,0.67
hinge,0.292,0.417,0.458
fresh,0.292,0.419,0.908
cabin,0.292,0.43,0.643
menthol,0.292,0.433,0.49
eld,0.292,0.451,0.471
hillside,0.292,0.458,0.625
august,0.292,0.462,0.652
diary,0.292,0.464,0.698
quartz,0.292,0.481,0.704
twelfth,0.292,0.527,0.521
domicile,0.292,0.529,0.604
tactful,0.292,0.537,0.704
view,0.292,0.555,0.896
fountain,0.292,0.559,0.704
curable,0.292,0.574,0.823
lung,0.292,0.629,0.51
conventional,0.292,0.634,0.594
hymn,0.292,0.634,0.735
heading,0.292,0.642,0.551
township,0.292,0.667,0.531
reflective,0.292,0.735,0.656
definite,0.292,0.741,0.708
unlikely,0.293,0.245,0.271
teal,0.293,0.321,0.54
simmer,0.293,0.393,0.65
nichts,0.293,0.404,0.406
profile,0.293,0.529,0.689
weakling,0.294,0.087,0.194
burrito,0.294,0.166,0.688
lego,0.294,0.189,0.6
uncalled,0.294,0.222,0.344
sans,0.294,0.246,0.459
dusty,0.294,0.255,0.406
jelly,0.294,0.256,0.651
pothole,0.294,0.283,0.344
tenths,0.294,0.284,0.406
crutch,0.294,0.302,0.302
pantry,0.294,0.312,0.622
peanuts,0.294,0.324,0.542
mouth,0.294,0.336,0.734
hiatus,0.294,0.352,0.479
lea,0.294,0.358,0.583
bulletin,0.294,0.361,0.573
weed,0.294,0.364,0.459
delicate,0.294,0.366,0.583
bathe,0.294,0.371,0.677
necklace,0.294,0.373,0.76
corsage,0.294,0.397,0.51
sonnet,0.294,0.404,0.718
cylindrical,0.294,0.414,0.458
materiel,0.294,0.417,0.531
lowly,0.294,0.417,0.562
candlelight,0.294,0.417,0.789
nodding,0.294,0.426,0.694
unmarked,0.294,0.433,0.416
monolayer,0.294,0.433,0.427
solace,0.294,0.453,0.776
stealthily,0.294,0.458,0.763
axle,0.294,0.473,0.459
manna,0.294,0.544,0.698
transference,0.294,0.551,0.592
temperance,0.294,0.639,0.5
boon,0.294,0.642,0.878
durable,0.294,0.688,0.74
midget,0.295,0.254,0.396
yearly,0.295,0.431,0.592
subsidiary,0.295,0.5,0.541
region,0.295,0.712,0.54
order,0.295,0.814,0.78
trifle,0.296,0.221,0.271
diminution,0.296,0.245,0.316
lower,0.296,0.258,0.327
filter,0.296,0.26,0.44
dryness,0.296,0.263,0.292
spent,0.296,0.263,0.296
hum,0.296,0.276,0.49
shrug,0.296,0.278,0.208
mucous,0.296,0.293,0.33
penguin,0.296,0.307,0.615
clove,0.296,0.315,0.439
goldfish,0.296,0.317,0.786
seventeen,0.296,0.321,0.585
hovel,0.296,0.322,0.333
dishwasher,0.296,0.324,0.48
various,0.296,0.342,0.5
grit,0.296,0.345,0.449
skillet,0.296,0.345,0.51
untested,0.296,0.348,0.302
corner,0.296,0.366,0.4
morsel,0.296,0.4,0.49
cabana,0.296,0.407,0.698
unpretentious,0.296,0.41,0.51
predictable,0.296,0.42,0.312
subtype,0.296,0.42,0.427
lunar,0.296,0.427,0.562
diurnal,0.296,0.443,0.714
textural,0.296,0.445,0.66
salon,0.296,0.463,0.531
rundown,0.296,0.465,0.52
grandpa,0.296,0.466,0.806
bedroom,0.296,0.491,0.744
quarter,0.296,0.509,0.568
shoreline,0.296,0.529,0.677
keep,0.296,0.547,0.714
chromosome,0.296,0.548,0.5
content,0.296,0.559,0.764
logo,0.296,0.565,0.469
solvency,0.296,0.605,0.604
theorem,0.296,0.615,0.5
function,0.296,0.618,0.694
decent,0.296,0.653,0.823
nucleus,0.296,0.667,0.529
sainted,0.296,0.676,0.708
constant,0.296,0.686,0.74
ethics,0.296,0.731,0.658
tapioca,0.297,0.324,0.594
twentieth,0.297,0.346,0.469
unfreeze,0.297,0.375,0.458
rate,0.297,0.407,0.521
educated,0.297,0.625,0.816
sunshine,0.297,0.769,0.885
hopeless,0.298,0.112,0.094
slipper,0.298,0.245,0.635
sap,0.298,0.258,0.47
blotter,0.298,0.28,0.36
dandruff,0.298,0.293,0.398
purple,0.298,0.33,0.7
sublevel,0.298,0.333,0.365
sash,0.298,0.333,0.48
watering can,0.298,0.336,0.602
wallflower,0.298,0.342,0.667
eyelet,0.298,0.346,0.632
shallow,0.298,0.351,0.427
loin,0.298,0.379,0.42
occasional,0.298,0.387,0.49
cane,0.298,0.398,0.459
delete,0.298,0.409,0.292
rye,0.298,0.411,0.49
twelve,0.298,0.412,0.49
hoary,0.298,0.424,0.469
periodical,0.298,0.43,0.55
railing,0.298,0.44,0.551
portraiture,0.298,0.445,0.735
pug,0.298,0.462,0.6
bimonthly,0.298,0.471,0.408
hoy,0.298,0.471,0.583
cleansing,0.298,0.472,0.729
choir,0.298,0.473,0.704
barrel,0.298,0.474,0.429
diameter,0.298,0.483,0.427
passing,0.298,0.509,0.458
atpeace,0.298,0.519,0.724
programme,0.298,0.537,0.74
monitor,0.298,0.538,0.49
base,0.298,0.553,0.635
fellow,0.298,0.57,0.745
godly,0.298,0.589,0.747
sib,0.298,0.593,0.698
severally,0.298,0.6,0.719
informed,0.298,0.617,0.543
concise,0.298,0.62,0.583
encompass,0.298,0.661,0.52
straight,0.298,0.669,0.667
suitable,0.298,0.722,0.792
herbs,0.299,0.308,0.62
cornstarch,0.299,0.337,0.643
connect,0.299,0.536,0.724
town,0.299,0.627,0.551
unborn,0.3,0.216,0.312
lukewarm,0.3,0.241,0.573
drab,0.3,0.242,0.327
lessening,0.3,0.277,0.375
brief,0.3,0.279,0.469
waiter,0.3,0.295,0.459
runes,0.3,0.304,0.438
pinhead,0.3,0.308,0.459
perch,0.3,0.314,0.531
noose,0.3,0.33,0.356
riverbank,0.3,0.33,0.684
floppy,0.3,0.333,0.549
tale,0.3,0.336,0.663
cutlery,0.3,0.345,0.552
dress,0.3,0.345,0.76
lightweight,0.3,0.358,0.67
flyer,0.3,0.362,0.48
saloon,0.3,0.364,0.63
popsicle,0.3,0.364,0.667
toner,0.3,0.368,0.448
softener,0.3,0.373,0.745
shades,0.3,0.38,0.49
locker,0.3,0.393,0.439
postscript,0.3,0.409,0.487
oldies,0.3,0.412,0.438
name,0.3,0.415,0.573
screen,0.3,0.417,0.67
canoe,0.3,0.418,0.542
coupon,0.3,0.421,0.704
stoneware,0.3,0.443,0.458
eighty,0.3,0.453,0.5
meter,0.3,0.463,0.438
subway,0.3,0.464,0.418
terrain,0.3,0.472,0.54
tiara,0.3,0.472,0.719
phase,0.3,0.482,0.645
raincoat,0.3,0.525,0.458
fork,0.3,0.529,0.406
synagogue,0.3,0.544,0.531
context,0.3,0.553,0.531
atmosphere,0.3,0.56,0.604
cartography,0.3,0.579,0.52
kinship,0.3,0.652,0.771
scepter,0.3,0.67,0.63
renter,0.301,0.371,0.59
disused,0.302,0.186,0.25
unofficial,0.302,0.255,0.26
walnut,0.302,0.255,0.688
clam,0.302,0.272,0.442
gummy,0.302,0.291,0.521
mannequin,0.302,0.295,0.427
puddle,0.302,0.298,0.396
seem,0.302,0.298,0.471
pruning,0.302,0.31,0.265
hairball,0.302,0.315,0.37
lethargy,0.302,0.316,0.194
shaggy,0.302,0.321,0.51
tableau,0.302,0.321,0.531
penny,0.302,0.324,0.615
unimpressed,0.302,0.327,0.198
igloo,0.302,0.345,0.569
nutmeg,0.302,0.35,0.635
stripe,0.302,0.361,0.629
pancreas,0.302,0.366,0.469
biased,0.302,0.368,0.271
jacket,0.302,0.382,0.656
whilst,0.302,0.388,0.51
tarmac,0.302,0.398,0.357
conduit,0.302,0.413,0.47
tibia,0.302,0.425,0.45
middleweight,0.302,0.428,0.51
attenuate,0.302,0.429,0.408
form,0.302,0.436,0.51
equator,0.302,0.462,0.55
legume,0.302,0.465,0.52
singular,0.302,0.482,0.61
office,0.302,0.509,0.427
forgiven,0.302,0.51,0.75
diner,0.302,0.538,0.643
violinist,0.302,0.538,0.804
instructions,0.302,0.556,0.582
treatable,0.302,0.56,0.78
partner,0.302,0.586,0.673
persons,0.302,0.588,0.869
basilica,0.302,0.639,0.612
wisdom,0.302,0.871,0.93
faun,0.303,0.376,0.49
landlady,0.303,0.417,0.677
narrative,0.303,0.443,0.58
hydrogen,0.303,0.554,0.469
discouraged,0.304,0.09,0.22
weakened,0.304,0.092,0.373
lowest,0.304,0.129,0.312
idler,0.304,0.194,0.2
flan,0.304,0.198,0.604
shore,0.304,0.204,0.542
blot,0.304,0.223,0.365
grape juice,0.304,0.267,0.696
undetected,0.304,0.268,0.224
nylon,0.304,0.295,0.49
gruel,0.304,0.297,0.382
cornbread,0.304,0.302,0.643
cosmetic,0.304,0.308,0.625
putty,0.304,0.314,0.438
bin,0.304,0.327,0.422
reduce,0.304,0.336,0.219
rhubarb,0.304,0.34,0.582
homesick,0.304,0.347,0.436
gurney,0.304,0.352,0.408
muslin,0.304,0.352,0.439
snowy,0.304,0.357,0.656
goat,0.304,0.364,0.448
cove,0.304,0.37,0.5
laminated,0.304,0.373,0.417
nineteen,0.304,0.375,0.673
sands,0.304,0.377,0.646
horizontal,0.304,0.387,0.573
washout,0.304,0.389,0.383
uninfected,0.304,0.389,0.688
ropes,0.304,0.402,0.458
detergent,0.304,0.426,0.458
grace,0.304,0.462,0.906
modulus,0.304,0.481,0.622
doorway,0.304,0.496,0.573
dweller,0.304,0.5,0.615
forearm,0.304,0.509,0.469
commensurate,0.304,0.55,0.61
papal,0.304,0.559,0.493
obediently,0.304,0.577,0.802
housing,0.304,0.591,0.776
memorial,0.304,0.6,0.602
shepherd,0.304,0.61,0.656
equity,0.304,0.614,0.792
sunup,0.304,0.62,0.76
extended,0.304,0.649,0.57
priesthood,0.304,0.649,0.622
culture,0.304,0.675,0.753
understanding,0.304,0.689,0.865
biblical,0.304,0.712,0.635
purify,0.304,0.746,0.823
theologian,0.304,0.759,0.521
solid,0.304,0.763,0.667
securities,0.304,0.852,0.75
follicular,0.305,0.391,0.401
equality,0.305,0.716,0.898
insignificant,0.306,0.114,0.083
plum,0.306,0.17,0.724
fragility,0.306,0.2,0.316
cookie,0.306,0.25,0.792
bun,0.306,0.268,0.424
melancholic,0.306,0.277,0.181
yolk,0.306,0.28,0.49
premises,0.306,0.285,0.5
used,0.306,0.287,0.354
foamy,0.306,0.291,0.663
papaya,0.306,0.3,0.63
yellows,0.306,0.318,0.57
green,0.306,0.333,0.63
conch,0.306,0.339,0.583
whisker,0.306,0.343,0.521
satchel,0.306,0.345,0.521
sticker,0.306,0.346,0.583
dodo,0.306,0.353,0.438
poetics,0.306,0.353,0.833
cayenne,0.306,0.355,0.615
today,0.306,0.362,0.806
placebo,0.306,0.365,0.52
cancel,0.306,0.368,0.214
sediment,0.306,0.372,0.438
pasta,0.306,0.375,0.615
roster,0.306,0.381,0.531
storybook,0.306,0.383,0.854
valley,0.306,0.386,0.729
flange,0.306,0.39,0.5
chicken,0.306,0.394,0.594
gerbil,0.306,0.398,0.453
rivet,0.306,0.405,0.458
cubic,0.306,0.407,0.458
phosphate,0.306,0.407,0.5
bow,0.306,0.408,0.53
ether,0.306,0.412,0.49
readership,0.306,0.422,0.698
staring,0.306,0.423,0.542
pious,0.306,0.426,0.698
subterranean,0.306,0.432,0.469
layered,0.306,0.436,0.571
staple,0.306,0.438,0.542
northwestern,0.306,0.462,0.479
cabinet,0.306,0.465,0.552
stage,0.306,0.473,0.592
woodland,0.306,0.48,0.776
neighboring,0.306,0.481,0.656
latitude,0.306,0.49,0.562
aurora,0.306,0.537,0.817
unparalleled,0.306,0.538,0.708
atlas,0.306,0.554,0.531
lofty,0.306,0.569,0.755
brotherly,0.306,0.596,0.865
curriculum,0.306,0.62,0.708
principle,0.306,0.629,0.75
reassure,0.306,0.63,0.837
literacy,0.306,0.638,0.73
viewpoint,0.306,0.644,0.673
pure,0.306,0.652,0.811
civility,0.306,0.679,0.76
elemental,0.306,0.711,0.627
correct,0.306,0.723,0.857
safe,0.306,0.759,0.898
sir,0.306,0.778,0.622
studied,0.306,0.806,0.786
unattractive,0.307,0.208,0.177
owing,0.307,0.381,0.396
bodega,0.307,0.398,0.573
keepsake,0.307,0.491,0.74
stratum,0.307,0.51,0.365
compass,0.307,0.529,0.541
coolness,0.307,0.548,0.49
warmth,0.307,0.602,0.878
subside,0.308,0.209,0.375
shovel,0.308,0.267,0.427
manicure,0.308,0.284,0.706
collie,0.308,0.328,0.562
trough,0.308,0.34,0.5
fetal,0.308,0.364,0.388
nestle,0.308,0.379,0.625
gluten,0.308,0.388,0.385
wasteland,0.308,0.391,0.365
resin,0.308,0.4,0.284
eucalyptus,0.308,0.418,0.602
shortcut,0.308,0.426,0.594
format,0.308,0.438,0.562
summerhouse,0.308,0.443,0.796
chapter,0.308,0.461,0.58
picture,0.308,0.462,0.714
oft,0.308,0.474,0.5
vector,0.308,0.482,0.538
code,0.308,0.491,0.583
spherical,0.308,0.5,0.55
favor,0.308,0.519,0.812
length,0.308,0.533,0.479
molding,0.308,0.546,0.552
forehead,0.308,0.556,0.47
impermeable,0.308,0.558,0.51
madam,0.308,0.571,0.58
thinking,0.308,0.595,0.72
unscathed,0.308,0.611,0.625
paleontology,0.308,0.617,0.438
ocean,0.308,0.642,0.823
mediate,0.308,0.654,0.635
psychologist,0.308,0.658,0.375
reassuring,0.308,0.691,0.847
contemplative,0.308,0.739,0.729
insurance,0.308,0.825,0.714
rags,0.309,0.198,0.434
mucus,0.309,0.228,0.143
immaterial,0.309,0.295,0.296
mope,0.309,0.345,0.406
howsoever,0.309,0.345,0.459
biennial,0.309,0.353,0.531
binoculars,0.309,0.411,0.49
backdrop,0.309,0.444,0.32
boulder,0.309,0.531,0.461
posture,0.309,0.598,0.562
smaller,0.31,0.179,0.3
brainless,0.31,0.224,0.138
bit,0.31,0.225,0.427
diluted,0.31,0.229,0.469
nut,0.31,0.25,0.365
chin,0.31,0.269,0.571
bygone,0.31,0.315,0.229
hole,0.31,0.33,0.531
porcelain,0.31,0.349,0.562
cornfield,0.31,0.349,0.719
harp,0.31,0.356,0.618
sashimi,0.31,0.359,0.704
shortly,0.31,0.36,0.582
seashore,0.31,0.375,0.796
clip,0.31,0.381,0.438
rut,0.31,0.392,0.333
licorice,0.31,0.4,0.677
blase,0.31,0.412,0.42
mirror,0.31,0.438,0.677
wheel,0.31,0.446,0.615
say,0.31,0.482,0.571
situate,0.31,0.483,0.51
longitude,0.31,0.516,0.479
compliant,0.31,0.519,0.677
immovable,0.31,0.571,0.48
oxygen,0.31,0.575,0.908
sobriety,0.31,0.583,0.68
craftsman,0.31,0.583,0.719
entrust,0.31,0.63,0.693
clarity,0.31,0.631,0.796
cleanse,0.31,0.66,0.625
pleasant,0.31,0.673,0.939
unwillingness,0.311,0.113,0.204
mush,0.311,0.125,0.5
frog,0.311,0.15,0.439
impoverished,0.311,0.203,0.125
littlethings,0.311,0.242,0.74
lackluster,0.311,0.264,0.25
irrelevant,0.311,0.296,0.138
buttermilk,0.311,0.304,0.633
oyster,0.311,0.327,0.5
duds,0.311,0.339,0.347
prune,0.311,0.382,0.531
template,0.311,0.411,0.479
linger,0.311,0.412,0.48
vacancy,0.311,0.418,0.643
tailings,0.311,0.446,0.439
souvenir,0.311,0.466,0.844
personal,0.311,0.467,0.75
brow,0.311,0.481,0.562
caucus,0.311,0.491,0.418
basics,0.311,0.491,0.688
godmother,0.311,0.53,0.733
optical,0.311,0.542,0.677
decor,0.311,0.573,0.734
timing,0.311,0.577,0.521
permission,0.311,0.58,0.612
collection,0.311,0.588,0.725
proven,0.311,0.611,0.724
presentable,0.311,0.643,0.836
institution,0.311,0.79,0.58
thingy,0.312,0.158,0.458
decay,0.312,0.17,0.143
soslow,0.312,0.284,0.347
ordinary,0.312,0.286,0.375
salt,0.312,0.306,0.323
dipstick,0.312,0.316,0.365
reclining,0.312,0.317,0.448
dash,0.312,0.324,0.574
coleslaw,0.312,0.336,0.707
loose,0.312,0.365,0.573
ere,0.312,0.377,0.479
ephemeral,0.312,0.377,0.5
remnant,0.312,0.388,0.367
calamari,0.312,0.406,0.521
stockroom,0.312,0.406,0.562
verb,0.312,0.414,0.582
carpeting,0.312,0.444,0.542
parsimonious,0.312,0.446,0.417
elements,0.312,0.462,0.51
wide,0.312,0.472,0.571
mercury,0.312,0.475,0.337
painkiller,0.312,0.481,0.487
cordial,0.312,0.482,0.823
beef,0.312,0.492,0.582
sanitation,0.312,0.5,0.742
offices,0.312,0.534,0.469
clergy,0.312,0.575,0.531
warm,0.312,0.585,0.76
reference,0.312,0.595,0.633
current,0.312,0.612,0.625
centrality,0.312,0.709,0.571
proper,0.312,0.757,0.796
environmental,0.313,0.664,0.633
meaningless,0.314,0.143,0.156
gout,0.314,0.17,0.354
wart,0.314,0.205,0.082
emo,0.314,0.226,0.354
teahouse,0.314,0.288,0.802
whatsoever,0.314,0.302,0.4
sandwich,0.314,0.31,0.672
tilde,0.314,0.321,0.52
two step,0.314,0.327,0.583
briefly,0.314,0.33,0.686
zinc,0.314,0.333,0.357
sheath,0.314,0.342,0.46
bread,0.314,0.342,0.66
skylight,0.314,0.343,0.708
southwest,0.314,0.355,0.406
monthly,0.314,0.364,0.622
soda,0.314,0.364,0.688
nonchalant,0.314,0.366,0.312
islet,0.314,0.367,0.612
passage,0.314,0.37,0.429
dye,0.314,0.371,0.479
bedtime,0.314,0.373,0.673
rainfall,0.314,0.378,0.604
relieved,0.314,0.391,0.896
washed,0.314,0.392,0.542
lamina,0.314,0.408,0.51
cheek,0.314,0.421,0.67
fossils,0.314,0.422,0.52
demo,0.314,0.423,0.51
hand,0.314,0.434,0.542
trousers,0.314,0.442,0.625
cleanup,0.314,0.451,0.729
potassium,0.314,0.472,0.469
detailed,0.314,0.472,0.603
morrow,0.314,0.49,0.708
periodically,0.314,0.515,0.48
class,0.314,0.522,0.656
theory,0.314,0.529,0.583
initial,0.314,0.539,0.583
orthogonal,0.314,0.54,0.5
foreword,0.314,0.551,0.59
referral,0.314,0.603,0.694
human,0.314,0.605,0.767
monastic,0.314,0.676,0.438
feature,0.314,0.679,0.667
considerable,0.314,0.683,0.653
seatbelt,0.314,0.726,0.656
episcopal,0.314,0.75,0.542
determinate,0.314,0.772,0.63
righty,0.314,0.786,0.75
zipper,0.315,0.233,0.39
leave,0.315,0.295,0.375
overslept,0.315,0.3,0.408
vena,0.315,0.345,0.5
mid,0.315,0.356,0.5
mulberry,0.315,0.361,0.469
globe,0.315,0.364,0.76
synthesis,0.315,0.377,0.604
copying,0.315,0.404,0.448
hallmark,0.315,0.411,0.646
demure,0.315,0.417,0.69
stockpile,0.315,0.425,0.542
nonfiction,0.315,0.431,0.426
inning,0.315,0.52,0.602
thought,0.315,0.571,0.78
recognize,0.315,0.6,0.76
guide,0.315,0.62,0.688
observance,0.315,0.632,0.531
oration,0.315,0.683,0.646
healthful,0.315,0.769,0.93
trustworthy,0.315,0.824,0.969
penniless,0.316,0.083,0.062
unwilling,0.316,0.179,0.302
pineapple,0.316,0.245,0.677
lapse,0.316,0.281,0.42
midway,0.316,0.304,0.459
helium,0.316,0.304,0.49
unromantic,0.316,0.307,0.208
turmeric,0.316,0.312,0.542
blink,0.316,0.324,0.552
margarine,0.316,0.333,0.53
checkered,0.316,0.336,0.459
pecan,0.316,0.358,0.552
moist,0.316,0.386,0.47
venue,0.316,0.395,0.727
radish,0.316,0.398,0.5
plateau,0.316,0.4,0.611
recycled,0.316,0.409,0.561
fragment,0.316,0.429,0.211
notwithstanding,0.316,0.433,0.367
glucose,0.316,0.444,0.562
letterhead,0.316,0.462,0.45
broadside,0.316,0.462,0.459
file,0.316,0.463,0.48
flow,0.316,0.464,0.696
toolbox,0.316,0.472,0.531
tome,0.316,0.492,0.429
figment,0.316,0.533,0.552
condensation,0.316,0.538,0.51
possible,0.316,0.548,0.688
solvent,0.316,0.573,0.635
reserved,0.316,0.583,0.594
willingly,0.316,0.588,0.833
clearness,0.316,0.689,0.875
sacrament,0.316,0.7,0.69
philosopher,0.316,0.72,0.684
immunity,0.316,0.786,0.633
conservative,0.316,0.788,0.615
tired,0.317,0.191,0.125
asparagus,0.317,0.264,0.469
knapsack,0.317,0.268,0.551
peep,0.317,0.269,0.573
nutty,0.317,0.271,0.444
colored,0.317,0.275,0.806
guacamole,0.317,0.282,0.684
pair,0.317,0.304,0.552
lemon,0.317,0.316,0.596
cards,0.317,0.32,0.568
unscientific,0.317,0.321,0.396
veiled,0.317,0.324,0.37
chart,0.317,0.33,0.469
lines,0.317,0.33,0.542
weasel,0.317,0.337,0.408
dime,0.317,0.345,0.653
foot stool,0.317,0.355,0.469
gull,0.317,0.378,0.594
cordon,0.317,0.38,0.469
defrost,0.317,0.389,0.427
doc,0.317,0.392,0.458
therewith,0.317,0.398,0.462
ebony,0.317,0.4,0.49
jersey,0.317,0.411,0.594
distance,0.317,0.418,0.233
prehistoric,0.317,0.419,0.417
grader,0.317,0.42,0.583
standing,0.317,0.425,0.604
hibernate,0.317,0.431,0.5
motto,0.317,0.439,0.688
greeted,0.317,0.454,0.781
bookseller,0.317,0.456,0.583
billboard,0.317,0.481,0.594
seaport,0.317,0.491,0.594
placid,0.317,0.491,0.64
numerator,0.317,0.526,0.49
fairness,0.317,0.552,0.74
forgiving,0.317,0.556,0.885
space,0.317,0.573,0.8
equilibration,0.317,0.593,0.724
oceanic,0.317,0.632,0.74
geographical,0.317,0.637,0.5
mores,0.317,0.684,0.582
mum,0.317,0.698,0.802
humanitarian,0.317,0.709,0.786
hope,0.317,0.739,0.927
educator,0.317,0.845,0.827
unsuccessful,0.318,0.106,0.14
tempera,0.318,0.245,0.458
wad,0.318,0.259,0.333
quail,0.318,0.287,0.5
buttery,0.318,0.303,0.625
kool-aid,0.318,0.393,0.531
pleated,0.318,0.436,0.534
earthly,0.318,0.518,0.625
student,0.318,0.537,0.634
innerpeace,0.318,0.551,0.714
magnet,0.318,0.553,0.571
curative,0.318,0.613,0.667
planets,0.318,0.658,0.724
medicine,0.318,0.679,0.708
source,0.318,0.684,0.74
solidify,0.318,0.754,0.583
lazyday,0.319,0.145,0.337
discouragement,0.319,0.206,0.112
rod,0.319,0.355,0.479
healthy,0.319,0.818,0.938
unhelpful,0.32,0.118,0.104
nothappy,0.32,0.17,0.112
futility,0.32,0.176,0.125
unassisted,0.32,0.211,0.302
mayonnaise,0.32,0.222,0.51
desolate,0.32,0.228,0.104
carte,0.32,0.274,0.592
latte,0.32,0.311,0.615
speechless,0.32,0.315,0.459
magnesium,0.32,0.321,0.542
ply,0.32,0.324,0.458
gemini,0.32,0.327,0.531
pants,0.32,0.333,0.673
dreaming,0.32,0.336,0.854
pedal,0.32,0.342,0.5
stub,0.32,0.367,0.396
suspend,0.32,0.368,0.24
cuticle,0.32,0.377,0.34
waistcoat,0.32,0.389,0.542
triangular,0.32,0.397,0.43
beading,0.32,0.398,0.542
lama,0.32,0.4,0.56
niece,0.32,0.4,0.771
mare,0.32,0.417,0.541
starfish,0.32,0.421,0.68
sanitary,0.32,0.425,0.458
hairdo,0.32,0.435,0.552
fulcrum,0.32,0.445,0.41
laity,0.32,0.487,0.51
brass,0.32,0.49,0.5
recycling,0.32,0.509,0.552
light,0.32,0.519,0.771
pile,0.32,0.539,0.461
histology,0.32,0.56,0.49
registry,0.32,0.583,0.573
concord,0.32,0.586,0.677
complementary,0.32,0.586,0.714
deed,0.32,0.592,0.52
state,0.32,0.604,0.562
peacekeeper,0.32,0.644,0.865
encyclopedia,0.32,0.645,0.679
viable,0.32,0.667,0.656
discretion,0.32,0.685,0.552
devoted,0.32,0.698,0.867
religion,0.32,0.755,0.646
collaborator,0.32,0.769,0.729
innocuous,0.321,0.172,0.51
pawn,0.321,0.187,0.39
miscellaneous,0.321,0.196,0.531
uncooked,0.321,0.241,0.312
obsolete,0.321,0.25,0.337
zucchini,0.321,0.25,0.51
dim,0.321,0.273,0.398
cranberry juice,0.321,0.281,0.622
drop,0.321,0.291,0.479
nook,0.321,0.296,0.48
cod,0.321,0.304,0.51
jimmy,0.321,0.311,0.579
thaw,0.321,0.327,0.438
doll,0.321,0.33,0.729
flicker,0.321,0.333,0.635
unconfirmed,0.321,0.339,0.334
java,0.321,0.343,0.459
step,0.321,0.347,0.531
short story,0.321,0.348,0.697
pamper,0.321,0.348,0.792
dumpling,0.321,0.36,0.58
plankton,0.321,0.371,0.552
collage,0.321,0.375,0.68
steppe,0.321,0.379,0.427
parmesan,0.321,0.382,0.698
pendant,0.321,0.385,0.676
panel,0.321,0.425,0.469
bushy,0.321,0.427,0.562
mutual,0.321,0.464,0.729
footpath,0.321,0.473,0.677
rudimentary,0.321,0.509,0.286
geology,0.321,0.518,0.635
craft,0.321,0.539,0.76
communal,0.321,0.556,0.592
uphold,0.321,0.561,0.698
cross,0.321,0.569,0.448
peer,0.321,0.569,0.458
goodness,0.321,0.715,0.969
respecting,0.321,0.72,0.837
wand,0.322,0.315,0.542
belt,0.322,0.445,0.541
trail,0.322,0.455,0.6
numerical,0.322,0.517,0.479
garlic,0.323,0.277,0.46
linen,0.323,0.286,0.656
omelet,0.323,0.315,0.708
pesto,0.323,0.336,0.531
jot,0.323,0.35,0.406
pretzel,0.323,0.358,0.519
grassy,0.323,0.371,0.647
plume,0.323,0.375,0.469
limestone,0.323,0.381,0.602
synonymous,0.323,0.4,0.48
truffle,0.323,0.418,0.677
epitaph,0.323,0.442,0.276
summarize,0.323,0.471,0.59
vaulting,0.323,0.52,0.51
program,0.323,0.713,0.561
checkpoint,0.323,0.812,0.571
puny,0.324,0.135,0.312
deaf,0.324,0.161,0.186
shoes,0.324,0.21,0.729
scarce,0.324,0.218,0.292
vagueness,0.324,0.221,0.15
mini,0.324,0.221,0.421
unproductive,0.324,0.237,0.1
chowder,0.324,0.241,0.51
retirement,0.324,0.255,0.25
stain,0.324,0.264,0.453
cardigan,0.324,0.264,0.599
distant,0.324,0.269,0.229
cheeks,0.324,0.282,0.708
maid,0.324,0.3,0.406
stuffing,0.324,0.304,0.417
nopoint,0.324,0.314,0.276
shading,0.324,0.318,0.42
flowers,0.324,0.33,0.875
cowhide,0.324,0.333,0.458
painting,0.324,0.333,0.792
leather,0.324,0.341,0.51
culvert,0.324,0.343,0.337
spongy,0.324,0.344,0.469
partial,0.324,0.348,0.429
decaf,0.324,0.353,0.48
corduroy,0.324,0.357,0.57
derive,0.324,0.36,0.396
pass,0.324,0.362,0.51
humid,0.324,0.366,0.375
clothesline,0.324,0.366,0.582
bend,0.324,0.368,0.571
jeans,0.324,0.371,0.622
soaking,0.324,0.375,0.438
carp,0.324,0.375,0.531
mailing,0.324,0.375,0.688
groundhog,0.324,0.377,0.385
facet,0.324,0.382,0.667
porch,0.324,0.388,0.535
prawn,0.324,0.39,0.488
cooling,0.324,0.392,0.469
stagnation,0.324,0.396,0.276
natural gas,0.324,0.396,0.635
street,0.324,0.398,0.594
parcel,0.324,0.411,0.66
precincts,0.324,0.418,0.531
outback,0.324,0.43,0.5
cylinder,0.324,0.447,0.459
no disgust,0.324,0.448,0.51
daytime,0.324,0.454,0.75
cultivation,0.324,0.462,0.625
concede,0.324,0.473,0.67
nettle,0.324,0.49,0.406
levee,0.324,0.49,0.52
sphinx,0.324,0.49,0.604
radius,0.324,0.5,0.521
periodic,0.324,0.508,0.677
stand,0.324,0.509,0.6
bridge,0.324,0.519,0.625
food,0.324,0.527,0.888
cello,0.324,0.528,0.635
meridian,0.324,0.558,0.51
sister,0.324,0.562,0.916
femoral,0.324,0.566,0.417
flora,0.324,0.567,0.833
habitually,0.324,0.583,0.6
period,0.324,0.588,0.396
cleric,0.324,0.589,0.521
geological,0.324,0.596,0.667
standardized,0.324,0.607,0.61
contemplation,0.324,0.627,0.552
ethical,0.324,0.634,0.854
periodicity,0.324,0.645,0.646
priest,0.324,0.648,0.561
literary,0.324,0.667,0.719
recipient,0.324,0.679,0.604
stocking,0.324,0.688,0.594
personage,0.324,0.698,0.653
motherly,0.324,0.71,0.927
confident,0.324,0.723,0.765
observatory,0.324,0.731,0.643
bunny,0.325,0.194,0.74
cola,0.325,0.24,0.469
topaz,0.325,0.384,0.643
display,0.325,0.4,0.677
sunroof,0.325,0.425,0.681
cobalt,0.325,0.441,0.408
hieroglyphics,0.325,0.509,0.479
humanities,0.325,0.677,0.729
remark,0.325,0.716,0.561
stint,0.326,0.342,0.49
potable,0.326,0.431,0.765
suffice,0.326,0.504,0.643
overt,0.326,0.607,0.708
raised,0.326,0.643,0.656
dunce,0.327,0.146,0.188
chaff,0.327,0.188,0.333
haze,0.327,0.217,0.427
tepid,0.327,0.237,0.337
grille,0.327,0.246,0.337
oregano,0.327,0.25,0.596
insulation,0.327,0.264,0.245
snip,0.327,0.268,0.417
bandage,0.327,0.286,0.22
mango,0.327,0.29,0.765
bait,0.327,0.296,0.276
farm,0.327,0.297,0.781
inch,0.327,0.3,0.481
pet,0.327,0.305,0.875
sideburns,0.327,0.308,0.777
lather,0.327,0.313,0.635
butterfly,0.327,0.314,0.892
uncorrelated,0.327,0.316,0.333
till,0.327,0.319,0.49
casing,0.327,0.328,0.458
chlorine,0.327,0.332,0.306
whitefish,0.327,0.333,0.492
saucer,0.327,0.337,0.51
thirds,0.327,0.345,0.402
gallon,0.327,0.345,0.531
paisley,0.327,0.347,0.531
juniper,0.327,0.352,0.583
walrus,0.327,0.361,0.521
letters,0.327,0.364,0.663
parlor,0.327,0.366,0.5
expect,0.327,0.377,0.469
frock,0.327,0.381,0.632
unprovoked,0.327,0.385,0.565
imagery,0.327,0.39,0.653
parenthetical,0.327,0.391,0.49
parts,0.327,0.392,0.459
sketching,0.327,0.4,0.729
cede,0.327,0.402,0.275
postponed,0.327,0.402,0.439
unobtrusive,0.327,0.402,0.447
helmet,0.327,0.402,0.573
namesake,0.327,0.404,0.418
bicolor,0.327,0.404,0.58
servile,0.327,0.415,0.439
carpal,0.327,0.42,0.449
stencil,0.327,0.421,0.5
photo,0.327,0.431,0.729
microscopic,0.327,0.433,0.36
stamp,0.327,0.441,0.438
shipping,0.327,0.443,0.622
laundering,0.327,0.444,0.439
diesel,0.327,0.448,0.49
decorum,0.327,0.462,0.802
brocade,0.327,0.464,0.5
thermometer,0.327,0.473,0.4
options,0.327,0.473,0.622
glacial,0.327,0.474,0.439
lithograph,0.327,0.481,0.551
semester,0.327,0.482,0.521
monolith,0.327,0.5,0.429
banking,0.327,0.5,0.51
resident,0.327,0.5,0.592
domestic,0.327,0.5,0.729
regulars,0.327,0.508,0.729
poetical,0.327,0.518,0.802
individual,0.327,0.533,0.627
catalogue,0.327,0.533,0.647
enumeration,0.327,0.534,0.548
balmy,0.327,0.545,0.684
utopian,0.327,0.552,0.542
spiritual,0.327,0.564,0.938
liturgy,0.327,0.568,0.49
clear,0.327,0.573,0.857
stopover,0.327,0.575,0.531
integer,0.327,0.595,0.573
goodie,0.327,0.6,0.854
questionnaire,0.327,0.606,0.385
colonial,0.327,0.613,0.553
locket,0.327,0.616,0.615
underwriter,0.327,0.62,0.571
design,0.327,0.632,0.796
tracer,0.327,0.645,0.573
district,0.327,0.66,0.438
goodwill,0.327,0.667,0.938
symbolize,0.327,0.673,0.633
bank,0.327,0.675,0.562
lord,0.327,0.684,0.618
sage,0.327,0.693,0.781
obtainable,0.327,0.702,0.677
spotless,0.327,0.726,0.792
counsellor,0.327,0.74,0.823
methodology,0.327,0.745,0.664
assured,0.327,0.754,0.878
soot,0.328,0.292,0.375
skim,0.328,0.322,0.418
libretto,0.328,0.406,0.612
slashes,0.328,0.41,0.33
figure,0.328,0.509,0.688
characteristic,0.328,0.538,0.583
mossy,0.329,0.286,0.375
eleventh,0.329,0.357,0.594
feeling,0.329,0.531,0.806
stainless,0.329,0.618,0.594
dumb,0.33,0.151,0.188
residue,0.33,0.183,0.354
coy,0.33,0.213,0.347
teaspoon,0.33,0.221,0.521
idleness,0.33,0.228,0.308
fanning,0.33,0.236,0.615
backseat,0.33,0.237,0.388
rabbit,0.33,0.241,0.685
wire,0.33,0.245,0.48
undeveloped,0.33,0.254,0.292
invalid,0.33,0.255,0.18
down,0.33,0.264,0.208
purring,0.33,0.271,0.748
scab,0.33,0.272,0.354
oblivion,0.33,0.282,0.153
subtract,0.33,0.283,0.208
tofu,0.33,0.283,0.521
nozzle,0.33,0.287,0.438
tassel,0.33,0.307,0.552
unsung,0.33,0.314,0.296
mauve,0.33,0.314,0.533
tiling,0.33,0.315,0.6
yonder,0.33,0.318,0.615
toothbrush,0.33,0.321,0.517
paddy,0.33,0.33,0.653
tubule,0.33,0.333,0.5
wannasleep,0.33,0.345,0.604
framework,0.33,0.36,0.459
candied,0.33,0.36,0.713
pose,0.33,0.361,0.427
offshoot,0.33,0.361,0.517
flute,0.33,0.363,0.635
cranberry,0.33,0.363,0.793
saltwater,0.33,0.364,0.327
fixtures,0.33,0.37,0.643
downfield,0.33,0.38,0.521
bask,0.33,0.381,0.76
tod,0.33,0.384,0.469
dual,0.33,0.384,0.573
monte,0.33,0.391,0.589
polymer,0.33,0.393,0.438
fraction,0.33,0.4,0.417
ion,0.33,0.408,0.429
mitten,0.33,0.408,0.531
deduct,0.33,0.412,0.355
plaid,0.33,0.417,0.48
muffled,0.33,0.421,0.479
obituary,0.33,0.423,0.188
thirteenth,0.33,0.425,0.408
breakfast,0.33,0.429,0.885
lithium,0.33,0.43,0.417
croissant,0.33,0.43,0.745
macadamia,0.33,0.434,0.635
tablet,0.33,0.438,0.562
crud,0.33,0.444,0.312
farmhouse,0.33,0.444,0.69
asylum,0.33,0.445,0.407
meniscus,0.33,0.453,0.323
funds,0.33,0.461,0.633
tabular,0.33,0.462,0.438
media,0.33,0.464,0.5
microscope,0.33,0.464,0.531
finale,0.33,0.468,0.406
nebulae,0.33,0.472,0.49
dwelling,0.33,0.481,0.765
clothe,0.33,0.481,0.797
sameness,0.33,0.484,0.531
scales,0.33,0.491,0.439
years,0.33,0.508,0.653
hint,0.33,0.517,0.602
remission,0.33,0.518,0.418
singularly,0.33,0.527,0.571
span,0.33,0.528,0.521
vertebra,0.33,0.532,0.427
carefully,0.33,0.544,0.698
localization,0.33,0.545,0.552
handout,0.33,0.545,0.56
clergyman,0.33,0.556,0.594
vitamin,0.33,0.56,0.827
editorial,0.33,0.57,0.583
sufficient,0.33,0.588,0.833
metallic,0.33,0.607,0.615
familiar,0.33,0.615,0.906
sanctity,0.33,0.628,0.771
linguist,0.33,0.634,0.583
lifelong,0.33,0.64,0.823
info,0.33,0.642,0.75
cathedral,0.33,0.643,0.598
species,0.33,0.645,0.561
prototype,0.33,0.657,0.673
geographic,0.33,0.664,0.698
transparent,0.33,0.667,0.542
statute,0.33,0.673,0.592
pillar,0.33,0.684,0.583
direction,0.33,0.684,0.719
immaculate,0.33,0.688,0.698
atelier,0.33,0.705,0.49
theology,0.33,0.711,0.448
holder,0.33,0.713,0.592
emblem,0.33,0.754,0.64
veritable,0.33,0.759,0.794
writer,0.33,0.78,0.806
tedium,0.331,0.298,0.224
nectar,0.331,0.398,0.746
follicle,0.331,0.436,0.406
soulful,0.331,0.5,0.755
intro,0.331,0.657,0.51
futile,0.332,0.158,0.122
minority,0.332,0.211,0.31
bunk,0.332,0.339,0.438
magazine,0.332,0.377,0.615
reel,0.332,0.395,0.449
earshot,0.332,0.408,0.552
flowery,0.332,0.446,0.792
corporation,0.332,0.873,0.429
frail,0.333,0.069,0.255
scanty,0.333,0.127,0.287
blockhead,0.333,0.148,0.163
sad,0.333,0.149,0.225
substandard,0.333,0.15,0.235
mindless,0.333,0.153,0.184
clueless,0.333,0.161,0.35
lifeless,0.333,0.163,0.042
witless,0.333,0.179,0.198
palette,0.333,0.205,0.59
nappy,0.333,0.207,0.529
weariness,0.333,0.226,0.104
fade,0.333,0.245,0.354
gram,0.333,0.26,0.578
gingerbread,0.333,0.264,0.597
unfurnished,0.333,0.272,0.316
omission,0.333,0.275,0.367
lapsed,0.333,0.276,0.357
smoothie,0.333,0.281,0.806
wilderness,0.333,0.29,0.281
parrot,0.333,0.292,0.588
skinny,0.333,0.298,0.333
waning,0.333,0.3,0.375
kangaroo,0.333,0.301,0.716
squishy,0.333,0.307,0.516
coffeepot,0.333,0.312,0.76
pint,0.333,0.321,0.686
flatfoot,0.333,0.33,0.265
brim,0.333,0.33,0.469
sweetener,0.333,0.33,0.67
makeup,0.333,0.331,0.74
crest,0.333,0.333,0.458
pigment,0.333,0.339,0.39
cupcake,0.333,0.344,0.656
flounder,0.333,0.345,0.711
grits,0.333,0.346,0.458
cage,0.333,0.352,0.316
ore,0.333,0.356,0.5
sept,0.333,0.361,0.521
gardening,0.333,0.361,0.854
bottling,0.333,0.37,0.365
caste,0.333,0.374,0.51
cave,0.333,0.38,0.459
garment,0.333,0.38,0.531
receipts,0.333,0.381,0.32
shortening,0.333,0.385,0.286
menu,0.333,0.385,0.633
knuckle,0.333,0.393,0.655
deck,0.333,0.394,0.42
befitting,0.333,0.394,0.708
pagination,0.333,0.4,0.459
vara,0.333,0.407,0.49
pulley,0.333,0.413,0.48
frame,0.333,0.42,0.469
plaque,0.333,0.42,0.52
stave,0.333,0.424,0.417
painted,0.333,0.424,0.667
condiment,0.333,0.433,0.52
vega,0.333,0.434,0.51
siphon,0.333,0.435,0.354
gothic,0.333,0.475,0.197
dunk,0.333,0.475,0.406
remote,0.333,0.477,0.458
beluga,0.333,0.482,0.51
shelters,0.333,0.482,0.582
parietal,0.333,0.491,0.481
suspenders,0.333,0.5,0.391
aura,0.333,0.5,0.76
grandson,0.333,0.5,0.778
collation,0.333,0.508,0.52
clearing,0.333,0.509,0.68
facilitate,0.333,0.509,0.812
classics,0.333,0.51,0.75
facade,0.333,0.518,0.52
bronze,0.333,0.526,0.622
smith,0.333,0.529,0.677
everyman,0.333,0.535,0.522
twofold,0.333,0.551,0.573
member,0.333,0.555,0.698
handicraft,0.333,0.565,0.724
enclave,0.333,0.58,0.531
gospel,0.333,0.58,0.74
sublime,0.333,0.585,0.784
giving,0.333,0.585,0.795
freshness,0.333,0.585,0.917
remembered,0.333,0.588,0.916
naturalized,0.333,0.6,0.76
marker,0.333,0.605,0.5
hometown,0.333,0.605,0.858
stance,0.333,0.609,0.604
fact,0.333,0.618,0.683
faithful,0.333,0.627,0.888
tenet,0.333,0.636,0.667
subscription,0.333,0.651,0.583
sanity,0.333,0.655,0.667
genteel,0.333,0.656,0.917
memorials,0.333,0.679,0.771
lithosphere,0.333,0.689,0.473
briefing,0.333,0.702,0.612
uniformly,0.333,0.704,0.625
conscious,0.333,0.705,0.74
pertinent,0.333,0.723,0.58
hospitality,0.333,0.725,0.865
unanimously,0.333,0.738,0.686
embassy,0.333,0.758,0.622
father,0.333,0.824,0.812
entitle,0.333,0.827,0.729
tapeworm,0.334,0.331,0.357
cassette,0.334,0.355,0.49
rattan,0.334,0.377,0.434
pliers,0.334,0.441,0.561
typography,0.334,0.574,0.48
omniscient,0.334,0.778,0.656
vague,0.335,0.083,0.271
muff,0.335,0.314,0.542
blue spruce,0.335,0.364,0.559
painstaking,0.335,0.386,0.396
monogamous,0.335,0.402,0.51
unimpeached,0.335,0.433,0.458
lovable,0.335,0.565,0.948
raspberry,0.336,0.291,0.735
mottled,0.336,0.295,0.38
pistachio,0.336,0.305,0.643
doe,0.336,0.336,0.55
mousse,0.336,0.368,0.604
potted,0.336,0.375,0.469
stopper,0.336,0.39,0.365
reindeer,0.336,0.396,0.592
locality,0.336,0.464,0.582
jumper,0.336,0.481,0.615
lay,0.336,0.491,0.521
fraternal,0.336,0.536,0.844
trimester,0.336,0.538,0.783
size,0.336,0.569,0.531
font,0.336,0.576,0.615
foothold,0.336,0.582,0.673
obvious,0.336,0.585,0.625
mom,0.336,0.639,0.927
regulator,0.336,0.668,0.5
replenish,0.336,0.689,0.615
regard,0.336,0.809,0.802
glum,0.337,0.123,0.244
fungus,0.337,0.173,0.388
mashed,0.337,0.194,0.531
bellow,0.337,0.212,0.248
loosen,0.337,0.218,0.487
hollow,0.337,0.222,0.3
duck,0.337,0.236,0.594
wheelchair,0.337,0.245,0.24
mule,0.337,0.254,0.32
sack,0.337,0.264,0.385
unregistered,0.337,0.266,0.255
footwear,0.337,0.275,0.643
grating,0.337,0.282,0.512
unfollow,0.337,0.293,0.281
catfish,0.337,0.296,0.458
odd,0.337,0.302,0.265
foggy,0.337,0.302,0.354
ponytail,0.337,0.302,0.541
verge,0.337,0.305,0.5
repressed,0.337,0.311,0.188
raindrops,0.337,0.311,0.698
bookworm,0.337,0.316,0.563
ballpoint,0.337,0.318,0.596
inverse,0.337,0.319,0.459
reddish,0.337,0.328,0.521
subsequently,0.337,0.336,0.38
ice tea,0.337,0.336,0.771
slot,0.337,0.337,0.469
mascot,0.337,0.337,0.75
nostalgia,0.337,0.339,0.417
elk,0.337,0.34,0.439
dab,0.337,0.34,0.51
creamy,0.337,0.345,0.823
previous,0.337,0.348,0.521
hermit,0.337,0.351,0.271
dilution,0.337,0.352,0.445
scullery,0.337,0.353,0.469
thin,0.337,0.356,0.469
sewing,0.337,0.356,0.625
pond,0.337,0.358,0.52
griffin,0.337,0.36,0.418
wheel barrow,0.337,0.363,0.51
castor,0.337,0.368,0.583
tepee,0.337,0.373,0.5
pearly,0.337,0.373,0.635
toaster,0.337,0.387,0.542
bearded,0.337,0.391,0.439
sensibly,0.337,0.396,0.786
fortnightly,0.337,0.398,0.592
autistic,0.337,0.404,0.367
piping,0.337,0.405,0.365
glen,0.337,0.406,0.573
guesthouse,0.337,0.406,0.729
veal,0.337,0.41,0.438
pipeline,0.337,0.411,0.479
nephew,0.337,0.412,0.719
west,0.337,0.414,0.562
mockingbird,0.337,0.423,0.513
plainclothes,0.337,0.424,0.698
midterm,0.337,0.425,0.427
bicarbonate,0.337,0.438,0.479
mead,0.337,0.441,0.667
commonplace,0.337,0.442,0.52
granular,0.337,0.443,0.478
pound,0.337,0.443,0.57
ottoman,0.337,0.444,0.531
idiom,0.337,0.445,0.52
lamppost,0.337,0.455,0.42
biweekly,0.337,0.455,0.581
crust,0.337,0.456,0.542
daydream,0.337,0.456,0.75
barnacle,0.337,0.457,0.408
lump,0.337,0.463,0.438
network,0.337,0.466,0.531
mimicry,0.337,0.472,0.42
liaison,0.337,0.472,0.698
oneself,0.337,0.483,0.66
preview,0.337,0.491,0.656
numerically,0.337,0.5,0.51
tempo,0.337,0.5,0.582
logotype,0.337,0.509,0.48
eater,0.337,0.51,0.459
example,0.337,0.51,0.542
diaphragm,0.337,0.517,0.459
omega,0.337,0.526,0.529
input,0.337,0.527,0.643
measuring,0.337,0.529,0.448
signification,0.337,0.53,0.583
imam,0.337,0.539,0.527
pharmacy,0.337,0.542,0.531
robot,0.337,0.543,0.441
bandwidth,0.337,0.548,0.714
recollection,0.337,0.566,0.722
prescription,0.337,0.568,0.302
braces,0.337,0.568,0.5
goody,0.337,0.57,0.786
introspection,0.337,0.575,0.603
reverend,0.337,0.576,0.65
regularity,0.337,0.585,0.663
indelible,0.337,0.591,0.49
summation,0.337,0.594,0.766
berth,0.337,0.596,0.295
credential,0.337,0.597,0.735
recourse,0.337,0.598,0.402
integral,0.337,0.615,0.59
comforting,0.337,0.62,0.906
previously,0.337,0.623,0.594
passable,0.337,0.633,0.688
punctual,0.337,0.636,0.745
surveyor,0.337,0.648,0.545
protein,0.337,0.654,0.75
nutritious,0.337,0.655,0.833
sizable,0.337,0.657,0.727
preserved,0.337,0.667,0.677
ripe,0.337,0.67,0.671
nativity,0.337,0.673,0.75
language,0.337,0.704,0.677
helpful,0.337,0.705,0.816
reasonable,0.337,0.726,0.902
objective,0.337,0.736,0.724
organized,0.337,0.746,0.816
posh,0.337,0.75,0.823
providence,0.337,0.755,0.603
physical therapist,0.337,0.775,0.531
guarantee,0.337,0.805,0.949
guaranty,0.337,0.818,0.646
ketchup,0.338,0.282,0.653
wristwatch,0.338,0.308,0.771
isolation,0.338,0.339,0.198
linguini,0.338,0.355,0.625
unaccounted,0.338,0.361,0.41
deuce,0.338,0.425,0.479
calico,0.338,0.491,0.406
scrap,0.339,0.173,0.156
unsolicited,0.339,0.28,0.094
coffee table,0.339,0.295,0.72
pillbox,0.339,0.296,0.385
waiting,0.339,0.333,0.239
mir,0.339,0.355,0.417
wicker,0.339,0.388,0.427
black,0.339,0.39,0.326
layman,0.339,0.424,0.531
microscopy,0.339,0.455,0.5
indicating,0.339,0.555,0.745
solution,0.339,0.664,0.79
professorship,0.339,0.718,0.582
smallest,0.34,0.129,0.281
unearned,0.34,0.213,0.177
colorless,0.34,0.25,0.354
unopened,0.34,0.265,0.542
wrist,0.34,0.265,0.706
discolored,0.34,0.269,0.204
snot,0.34,0.269,0.214
snuggles,0.34,0.287,0.67
dwarf,0.34,0.288,0.37
bunion,0.34,0.29,0.276
sodium,0.34,0.291,0.49
square,0.34,0.291,0.509
nonresident,0.34,0.302,0.25
headset,0.34,0.302,0.602
bracelet,0.34,0.322,0.776
nasal,0.34,0.33,0.479
pipe,0.34,0.33,0.541
silicone,0.34,0.333,0.48
sew,0.34,0.34,0.51
shrub,0.34,0.34,0.531
nugget,0.34,0.348,0.602
girdle,0.34,0.349,0.5
glaze,0.34,0.356,0.65
indistinct,0.34,0.36,0.255
clover,0.34,0.364,0.605
fin,0.34,0.377,0.333
ford,0.34,0.382,0.521
saline,0.34,0.385,0.43
taupe,0.34,0.386,0.406
grange,0.34,0.391,0.531
oboe,0.34,0.392,0.51
tailgate,0.34,0.398,0.323
homemade,0.34,0.398,0.869
eighteen,0.34,0.404,0.523
blackbird,0.34,0.405,0.52
sum,0.34,0.42,0.792
hall,0.34,0.424,0.51
medial,0.34,0.429,0.458
pullover,0.34,0.439,0.657
cattle,0.34,0.445,0.622
cherub,0.34,0.455,0.663
gamut,0.34,0.462,0.49
league,0.34,0.462,0.656
due,0.34,0.467,0.562
northern,0.34,0.472,0.57
tacit,0.34,0.473,0.459
woodlands,0.34,0.473,0.656
chilled,0.34,0.482,0.521
piety,0.34,0.482,0.76
corpus,0.34,0.49,0.543
columnar,0.34,0.491,0.448
inhale,0.34,0.492,0.427
nightingale,0.34,0.496,0.74
telescope,0.34,0.5,0.531
topical,0.34,0.5,0.561
bazaar,0.34,0.5,0.604
astrology,0.34,0.5,0.635
domiciled,0.34,0.516,0.542
papa,0.34,0.527,0.656
easel,0.34,0.527,0.694
heft,0.34,0.53,0.503
emulate,0.34,0.549,0.438
scene,0.34,0.578,0.57
sustained,0.34,0.58,0.649
mull,0.34,0.594,0.663
selection,0.34,0.595,0.594
bedrock,0.34,0.598,0.561
picker,0.34,0.609,0.534
pedigree,0.34,0.609,0.625
monsieur,0.34,0.623,0.552
sibling,0.34,0.636,0.857
covered,0.34,0.644,0.562
decoder,0.34,0.686,0.562
benevolence,0.34,0.717,0.786
platform,0.34,0.718,0.602
graded,0.34,0.759,0.562
aware,0.34,0.77,0.656
worthy,0.34,0.796,0.812
republic,0.34,0.83,0.635
hoof,0.341,0.365,0.427
provincial,0.341,0.481,0.645
evoke,0.341,0.5,0.438
external,0.341,0.509,0.479
twilight,0.341,0.633,0.622
useless,0.342,0.184,0.052
pacifier,0.342,0.356,0.615
circular,0.342,0.417,0.562
shilling,0.342,0.43,0.521
chassis,0.342,0.444,0.406
reflect,0.342,0.472,0.698
visible,0.342,0.509,0.75
lengthy,0.342,0.528,0.57
needed,0.342,0.679,0.677
roomy,0.342,0.736,0.76
shadow,0.343,0.158,0.302
guano,0.343,0.191,0.296
grapevine,0.343,0.232,0.541
disheartened,0.343,0.238,0.153
kitten,0.343,0.26,0.816
forgetful,0.343,0.264,0.24
tights,0.343,0.269,0.583
dryer,0.343,0.277,0.479
wont,0.343,0.291,0.24
loosening,0.343,0.295,0.378
stanza,0.343,0.297,0.612
coil,0.343,0.298,0.448
junior,0.343,0.304,0.635
haircut,0.343,0.307,0.677
ninny,0.343,0.309,0.344
loop,0.343,0.317,0.516
quasi,0.343,0.33,0.51
discard,0.343,0.337,0.24
sewage,0.343,0.339,0.255
concierge,0.343,0.343,0.48
cracker,0.343,0.346,0.604
suppose,0.343,0.348,0.551
bones,0.343,0.358,0.281
node,0.343,0.361,0.396
cog,0.343,0.363,0.427
measuring cup,0.343,0.377,0.557
magnolia,0.343,0.379,0.558
borough,0.343,0.38,0.429
videotape,0.343,0.384,0.665
headlight,0.343,0.393,0.592
sushi,0.343,0.394,0.698
porosity,0.343,0.402,0.312
lever,0.343,0.402,0.4
clothing,0.343,0.407,0.75
diagonal,0.343,0.41,0.5
uneventful,0.343,0.41,0.51
paint,0.343,0.413,0.667
park,0.343,0.414,0.816
cubicle,0.343,0.417,0.479
seedling,0.343,0.423,0.406
dozen,0.343,0.425,0.583
bundle,0.343,0.434,0.51
piano,0.343,0.438,0.704
veranda,0.343,0.439,0.743
orange juice,0.343,0.445,0.719
consoled,0.343,0.452,0.7
moiety,0.343,0.454,0.378
asymmetric,0.343,0.465,0.58
retinal,0.343,0.475,0.531
granite,0.343,0.483,0.572
bilateral,0.343,0.491,0.633
velvety,0.343,0.493,0.677
attachment,0.343,0.5,0.57
delta,0.343,0.509,0.551
workbook,0.343,0.51,0.673
drugstore,0.343,0.518,0.49
noon,0.343,0.518,0.531
voice,0.343,0.528,0.594
novelist,0.343,0.529,0.34
wary,0.343,0.535,0.51
organic,0.343,0.535,0.719
dense,0.343,0.536,0.354
debrief,0.343,0.549,0.247
habitat,0.343,0.553,0.633
modulate,0.343,0.555,0.673
conditional,0.343,0.556,0.521
reservation,0.343,0.561,0.688
cultivated,0.343,0.564,0.837
planting,0.343,0.595,0.635
ground,0.343,0.602,0.398
palpable,0.343,0.611,0.552
therapeutics,0.343,0.625,0.552
baptismal,0.343,0.625,0.646
friendship,0.343,0.694,0.958
default,0.343,0.712,0.459
legality,0.343,0.713,0.765
exemplary,0.343,0.729,0.833
author,0.343,0.749,0.775
epoch,0.343,0.797,0.553
forming,0.343,0.8,0.729
pas,0.344,0.262,0.49
cote,0.344,0.324,0.439
diluent,0.344,0.332,0.417
quench,0.344,0.333,0.385
queue,0.344,0.365,0.458
hosiery,0.344,0.373,0.52
cart,0.344,0.388,0.52
id,0.344,0.391,0.449
beaver,0.344,0.393,0.49
inflorescence,0.344,0.412,0.459
phone,0.344,0.418,0.729
kit,0.344,0.42,0.583
binocular,0.344,0.426,0.531
predicate,0.344,0.465,0.635
reviewer,0.344,0.5,0.562
subject,0.344,0.558,0.602
personnel,0.344,0.587,0.729
subscribe,0.344,0.591,0.66
coding,0.344,0.667,0.442
ideology,0.344,0.692,0.573
cognition,0.344,0.706,0.635
thankful,0.344,0.714,0.969
trademark,0.344,0.75,0.667
existing,0.344,0.75,0.802
respect,0.344,0.758,0.927
consultant,0.344,0.808,0.77
gnat,0.345,0.2,0.357
rusty,0.345,0.231,0.271
marbles,0.345,0.241,0.714
inorganic,0.345,0.282,0.385
easement,0.345,0.302,0.479
curry,0.345,0.302,0.633
semi,0.345,0.304,0.296
pleat,0.345,0.316,0.49
elm,0.345,0.321,0.51
glue,0.345,0.349,0.45
orchid,0.345,0.382,0.84
copier,0.345,0.39,0.459
invisible,0.345,0.412,0.417
detain,0.345,0.43,0.351
peak,0.345,0.431,0.5
northwest,0.345,0.451,0.604
printer,0.345,0.471,0.479
ozone,0.345,0.518,0.56
weatherproof,0.345,0.552,0.541
noble,0.345,0.61,0.906
permanent,0.345,0.736,0.745
unification,0.345,0.788,0.688
crestfallen,0.346,0.175,0.235
novice,0.346,0.18,0.429
decreasing,0.346,0.224,0.32
humpback,0.346,0.247,0.235
knots,0.346,0.267,0.418
mustard,0.346,0.275,0.5
unclaimed,0.346,0.278,0.316
croak,0.346,0.298,0.337
scalp,0.346,0.302,0.347
jar,0.346,0.318,0.43
foregoing,0.346,0.324,0.42
shower,0.346,0.336,0.669
lunchbox,0.346,0.346,0.663
kilt,0.346,0.348,0.448
cornflakes,0.346,0.355,0.729
gardener,0.346,0.361,0.673
frozen,0.346,0.375,0.344
indent,0.346,0.379,0.479
birch,0.346,0.382,0.562
evaporation,0.346,0.388,0.556
pin,0.346,0.39,0.438
compo,0.346,0.39,0.5
ration,0.346,0.39,0.521
mouthpiece,0.346,0.393,0.573
cider,0.346,0.398,0.53
cookbook,0.346,0.398,0.602
nowadays,0.346,0.4,0.68
fauna,0.346,0.404,0.646
spigot,0.346,0.423,0.38
watch,0.346,0.423,0.531
cornea,0.346,0.443,0.521
mixed,0.346,0.444,0.51
vial,0.346,0.445,0.594
footing,0.346,0.464,0.76
orthopedic,0.346,0.473,0.406
plinth,0.346,0.473,0.438
lithography,0.346,0.473,0.561
calcium,0.346,0.479,0.6
trace,0.346,0.483,0.573
sculpture,0.346,0.49,0.75
surroundings,0.346,0.492,0.6
give,0.346,0.5,0.75
merciful,0.346,0.5,0.854
earrings,0.346,0.517,0.676
tabulation,0.346,0.526,0.396
plaza,0.346,0.529,0.69
visitation,0.346,0.534,0.729
syntax,0.346,0.559,0.531
talk,0.346,0.594,0.833
gender,0.346,0.611,0.688
familiarity,0.346,0.616,0.854
trinity,0.346,0.66,0.635
ministry,0.346,0.717,0.51
system,0.346,0.764,0.615
tutor,0.346,0.826,0.75
pauper,0.347,0.151,0.26
retard,0.347,0.222,0.194
downward,0.347,0.255,0.188
undiscovered,0.347,0.261,0.438
sliver,0.347,0.291,0.388
finite,0.347,0.293,0.384
halve,0.347,0.302,0.316
knoll,0.347,0.333,0.434
yogi,0.347,0.349,0.653
gaby,0.347,0.377,0.51
distillate,0.347,0.382,0.5
drier,0.347,0.392,0.306
nigger,0.347,0.398,0.24
den,0.347,0.398,0.51
inclined,0.347,0.402,0.469
nickel,0.347,0.406,0.51
brook,0.347,0.412,0.594
lyre,0.347,0.414,0.719
limey,0.347,0.415,0.469
nebulous,0.347,0.417,0.469
consonant,0.347,0.417,0.5
dotted,0.347,0.426,0.48
leash,0.347,0.427,0.32
island,0.347,0.432,0.745
giraffe,0.347,0.436,0.561
staircase,0.347,0.44,0.469
user,0.347,0.442,0.629
thumbprint,0.347,0.451,0.51
oblique,0.347,0.455,0.438
riverboat,0.347,0.462,0.561
daily,0.347,0.473,0.653
pack,0.347,0.475,0.51
eyepiece,0.347,0.48,0.418
equivalent,0.347,0.5,0.646
zoology,0.347,0.509,0.568
reverence,0.347,0.516,0.643
chum,0.347,0.518,0.911
wearer,0.347,0.527,0.471
filler,0.347,0.529,0.531
portal,0.347,0.547,0.583
conserve,0.347,0.573,0.69
mature,0.347,0.6,0.625
simplify,0.347,0.602,0.565
rational,0.347,0.632,0.775
symbolism,0.347,0.64,0.688
sunrise,0.347,0.64,0.823
contemplate,0.347,0.642,0.74
unique,0.347,0.661,0.823
selective,0.347,0.706,0.612
century,0.347,0.735,0.407
nobility,0.347,0.736,0.844
firewood,0.348,0.263,0.52
morass,0.348,0.375,0.387
cache,0.348,0.389,0.552
boreal,0.348,0.4,0.582
cartographic,0.348,0.424,0.49
lip,0.348,0.443,0.541
sunny,0.348,0.481,0.74
leer,0.348,0.509,0.612
yearling,0.348,0.518,0.51
particulars,0.348,0.525,0.604
holistic,0.348,0.547,0.67
resources,0.348,0.627,0.604
czar,0.348,0.643,0.48
singularity,0.348,0.654,0.582
granted,0.348,0.779,0.882
silly,0.349,0.161,0.384
skimpy,0.349,0.208,0.302
chalet,0.349,0.278,0.653
end,0.349,0.298,0.198
warbler,0.349,0.311,0.48
thirty,0.349,0.316,0.562
vellum,0.349,0.321,0.5
chaise,0.349,0.327,0.406
colors,0.349,0.34,0.875
raw,0.349,0.342,0.143
eyeliner,0.349,0.347,0.688
concave,0.349,0.349,0.441
rib,0.349,0.351,0.49
faro,0.349,0.357,0.544
steps,0.349,0.373,0.511
sipping,0.349,0.377,0.469
tenth,0.349,0.382,0.51
zone,0.349,0.382,0.531
beam,0.349,0.382,0.584
palomino,0.349,0.396,0.616
icon,0.349,0.415,0.549
internal,0.349,0.423,0.439
ninety,0.349,0.436,0.479
xerox,0.349,0.448,0.385
crossing,0.349,0.451,0.549
candid,0.349,0.458,0.667
octagon,0.349,0.462,0.602
permit,0.349,0.518,0.733
empathy,0.349,0.545,0.729
genus,0.349,0.561,0.582
grades,0.349,0.566,0.521
greatnight,0.349,0.574,0.918
coexisting,0.349,0.648,0.551
bro,0.349,0.684,0.794
senate,0.349,0.836,0.49
autonomy,0.349,0.891,0.781
constitute,0.349,0.906,0.812
leftovers,0.35,0.116,0.219
moth,0.35,0.196,0.323
listless,0.35,0.231,0.219
soggy,0.35,0.241,0.312
uneducated,0.35,0.246,0.177
inane,0.35,0.268,0.271
sleepyhead,0.35,0.294,0.327
droopy,0.35,0.297,0.438
reed,0.35,0.307,0.49
yeast,0.35,0.327,0.5
percent,0.35,0.356,0.47
palate,0.35,0.358,0.625
tolerable,0.35,0.374,0.75
heel,0.35,0.385,0.48
skin,0.35,0.395,0.569
cognate,0.35,0.398,0.615
block,0.35,0.402,0.286
horseshoe,0.35,0.406,0.673
dolphin,0.35,0.414,0.776
prior,0.35,0.417,0.468
revue,0.35,0.42,0.594
etiquette,0.35,0.421,0.604
tertiary,0.35,0.431,0.5
subjective,0.35,0.432,0.51
hemlock,0.35,0.434,0.438
attached,0.35,0.439,0.562
optional,0.35,0.44,0.755
redwood,0.35,0.443,0.592
bluebird,0.35,0.45,0.573
substantive,0.35,0.455,0.5
sauna,0.35,0.455,0.781
tell,0.35,0.457,0.551
dining,0.35,0.459,0.724
corporeal,0.35,0.461,0.52
parlance,0.35,0.462,0.51
rainbow,0.35,0.462,0.878
serial,0.35,0.472,0.469
backwoods,0.35,0.482,0.541
ornamented,0.35,0.49,0.677
dreamy,0.35,0.5,0.837
kindness,0.35,0.508,0.938
gradual,0.35,0.509,0.571
synthetic,0.35,0.519,0.396
janitor,0.35,0.527,0.51
sequence,0.35,0.529,0.543
topographical,0.35,0.538,0.438
poet,0.35,0.556,0.827
thorough,0.35,0.558,0.467
totem,0.35,0.571,0.639
scale,0.35,0.577,0.31
handheld,0.35,0.586,0.646
tool,0.35,0.594,0.49
pith,0.35,0.596,0.458
conceivable,0.35,0.613,0.73
front,0.35,0.623,0.677
mediation,0.35,0.657,0.661
community,0.35,0.659,0.75
indicate,0.35,0.676,0.594
tangible,0.35,0.679,0.646
bracket,0.35,0.682,0.49
behest,0.35,0.72,0.602
continental,0.35,0.755,0.486
moderate trust,0.35,0.773,0.677
contribute,0.35,0.795,0.806
respectable,0.35,0.889,0.85
nostalgic,0.351,0.184,0.458
tartar,0.351,0.212,0.214
doubt,0.351,0.231,0.395
futon,0.351,0.343,0.429
unrecorded,0.351,0.35,0.241
nodular,0.351,0.411,0.438
unseen,0.351,0.421,0.427
recall,0.351,0.525,0.583
biosphere,0.351,0.579,0.684
progeny,0.351,0.58,0.571
verily,0.351,0.585,0.713
linguistic,0.351,0.618,0.646
iron,0.351,0.679,0.448
sincerity,0.351,0.686,0.908
bouquet,0.352,0.306,0.724
shut,0.352,0.311,0.24
chit,0.352,0.321,0.49
earlier,0.352,0.339,0.562
vocal,0.352,0.34,0.583
manicurist,0.352,0.341,0.583
trinket,0.352,0.368,0.521
medley,0.352,0.4,0.487
bungalow,0.352,0.406,0.562
heather,0.352,0.407,0.5
microfilm,0.352,0.412,0.469
sulfate,0.352,0.429,0.427
halftime,0.352,0.429,0.458
novel,0.352,0.439,0.702
mien,0.352,0.447,0.5
compactness,0.352,0.454,0.582
mosque,0.352,0.528,0.542
supplementary,0.352,0.541,0.625
lungs,0.352,0.555,0.531
descriptive,0.352,0.57,0.667
cleanly,0.352,0.583,0.823
right,0.352,0.71,0.74
exec,0.352,0.769,0.64
control,0.352,0.808,0.729
pointless,0.353,0.111,0.055
bogus,0.353,0.144,0.219
latrine,0.353,0.176,0.38
flea,0.353,0.218,0.286
disheartening,0.353,0.224,0.01
fat,0.353,0.237,0.198
tablespoon,0.353,0.245,0.49
lacquer,0.353,0.258,0.51
duckling,0.353,0.263,0.602
drought,0.353,0.267,0.133
taco,0.353,0.277,0.561
deciduous,0.353,0.282,0.385
pebble,0.353,0.287,0.354
spaghetti,0.353,0.288,0.729
bur,0.353,0.314,0.385
procrastinate,0.353,0.315,0.276
drizzle,0.353,0.319,0.521
wreckage,0.353,0.333,0.082
flotation,0.353,0.333,0.51
back,0.353,0.336,0.438
barnyard,0.353,0.336,0.51
ventilator,0.353,0.344,0.471
photograph,0.353,0.358,0.677
varnish,0.353,0.361,0.448
detritus,0.353,0.363,0.276
tag,0.353,0.375,0.612
barium,0.353,0.377,0.406
girth,0.353,0.377,0.52
unselfish,0.353,0.377,0.615
porthole,0.353,0.382,0.5
exit,0.353,0.399,0.37
retail,0.353,0.411,0.51
mommy,0.353,0.422,0.854
cleanser,0.353,0.433,0.604
lean,0.353,0.438,0.734
goblet,0.353,0.442,0.786
pastime,0.353,0.443,0.677
seventy,0.353,0.446,0.625
hiking boot,0.353,0.446,0.657
like,0.353,0.446,0.719
epilogue,0.353,0.466,0.582
vicinity,0.353,0.466,0.7
chauffeur,0.353,0.471,0.5
pavement,0.353,0.475,0.46
task,0.353,0.5,0.55
sparingly,0.353,0.518,0.51
route,0.353,0.518,0.583
hill,0.353,0.518,0.615
spotlight,0.353,0.519,0.688
thank,0.353,0.526,0.958
homologous,0.353,0.536,0.471
uniformity,0.353,0.538,0.745
long,0.353,0.543,0.541
harvest,0.353,0.548,0.781
grateful,0.353,0.56,0.958
matter,0.353,0.562,0.487
valid,0.353,0.565,0.693
literal,0.353,0.574,0.57
sea,0.353,0.589,0.833
gentle,0.353,0.589,0.847
colony,0.353,0.593,0.716
entry,0.353,0.602,0.552
therapy,0.353,0.607,0.49
politeness,0.353,0.618,0.875
statistical,0.353,0.627,0.714
provided,0.353,0.648,0.871
knowing,0.353,0.658,0.833
stature,0.353,0.664,0.47
literally,0.353,0.673,0.571
graciously,0.353,0.68,0.948
wholly,0.353,0.696,0.69
principal,0.353,0.709,0.65
standardize,0.353,0.729,0.684
clever,0.353,0.729,0.896
longevity,0.353,0.745,0.75
formality,0.353,0.75,0.594
paternal,0.353,0.755,0.776
stabilizer,0.353,0.767,0.688
pout,0.354,0.202,0.458
shrunk,0.354,0.218,0.163
petite,0.354,0.245,0.51
single,0.354,0.259,0.291
stalemate,0.354,0.267,0.296
spam,0.354,0.304,0.188
drainage,0.354,0.307,0.219
wilt,0.354,0.312,0.226
starch,0.354,0.312,0.507
stair,0.354,0.345,0.375
pinto,0.354,0.373,0.57
bleu,0.354,0.379,0.46
sosweet,0.354,0.417,0.755
looker,0.354,0.451,0.583
singly,0.354,0.466,0.553
convexity,0.354,0.484,0.449
tuxedo,0.354,0.519,0.694
woodcut,0.354,0.542,0.633
parish,0.354,0.582,0.698
exact,0.354,0.685,0.719
consul,0.354,0.688,0.573
composure,0.354,0.717,0.802
federation,0.354,0.763,0.633
moderator,0.354,0.802,0.519
soppy,0.355,0.297,0.51
moo,0.355,0.3,0.438
unaware,0.355,0.31,0.208
frugal,0.355,0.355,0.48
unmoved,0.355,0.36,0.184
rung,0.355,0.368,0.51
sleet,0.355,0.395,0.41
tone,0.355,0.411,0.551
mantis,0.355,0.421,0.48
paperwork,0.355,0.422,0.448
thickening,0.355,0.434,0.448
orifice,0.355,0.443,0.448
thousand,0.355,0.48,0.663
orbs,0.355,0.482,0.469
layover,0.355,0.5,0.52
modem,0.355,0.5,0.573
winter,0.355,0.5,0.663
designing,0.355,0.552,0.792
landmark,0.355,0.681,0.694
unconscious,0.356,0.195,0.24
isolated,0.356,0.255,0.221
frontage,0.356,0.277,0.51
parapet,0.356,0.279,0.45
faraway,0.356,0.285,0.365
lobster,0.356,0.291,0.571
beetle,0.356,0.295,0.323
obscured,0.356,0.298,0.115
pare,0.356,0.309,0.5
burro,0.356,0.318,0.4
racket,0.356,0.352,0.52
medium,0.356,0.358,0.559
grout,0.356,0.366,0.405
fallout,0.356,0.373,0.428
bareback,0.356,0.373,0.5
object,0.356,0.375,0.531
mullet,0.356,0.377,0.521
hyphen,0.356,0.381,0.552
plane,0.356,0.386,0.51
haiku,0.356,0.392,0.583
canvass,0.356,0.397,0.675
massage,0.356,0.413,0.708
binary,0.356,0.42,0.49
sonice,0.356,0.421,0.5
solarium,0.356,0.421,0.602
horizontally,0.356,0.439,0.5
nanometer,0.356,0.446,0.375
glassware,0.356,0.45,0.633
minivan,0.356,0.452,0.592
likely,0.356,0.454,0.633
hitherto,0.356,0.463,0.448
impersonal,0.356,0.472,0.316
plug,0.356,0.473,0.531
lodge,0.356,0.474,0.656
silencer,0.356,0.482,0.417
geometric,0.356,0.491,0.542
ornate,0.356,0.5,0.812
seaboard,0.356,0.507,0.663
homologue,0.356,0.509,0.542
inhabitant,0.356,0.519,0.604
server,0.356,0.536,0.656
cozy,0.356,0.545,0.91
password,0.356,0.559,0.39
scanner,0.356,0.567,0.531
title,0.356,0.574,0.708
portable,0.356,0.582,0.615
christen,0.356,0.588,0.673
demographic,0.356,0.594,0.459
plenary,0.356,0.598,0.573
pool,0.356,0.598,0.625
gracias,0.356,0.6,0.833
dude,0.356,0.615,0.809
central,0.356,0.621,0.64
available,0.356,0.623,0.844
harbor,0.356,0.634,0.594
computer,0.356,0.639,0.802
goal,0.356,0.669,0.83
structure,0.356,0.712,0.562
lords,0.356,0.781,0.571
defenseless,0.357,0.105,0.143
diminish,0.357,0.167,0.24
disconnects,0.357,0.241,0.256
fruits,0.357,0.259,0.865
dontunderstand,0.357,0.271,0.219
overtired,0.357,0.273,0.21
snooze,0.357,0.282,0.235
loo,0.357,0.283,0.385
canned,0.357,0.298,0.398
rusted,0.357,0.302,0.286
coffeehouse,0.357,0.307,0.694
spout,0.357,0.309,0.438
remainder,0.357,0.324,0.398
oaf,0.357,0.33,0.344
headphones,0.357,0.336,0.6
batch,0.357,0.357,0.56
bird,0.357,0.364,0.729
pastel,0.357,0.367,0.719
survey,0.357,0.379,0.58
peg,0.357,0.393,0.52
spelling,0.357,0.398,0.594
wherefore,0.357,0.402,0.561
baroque,0.357,0.418,0.49
goodday,0.357,0.418,0.961
generic,0.357,0.422,0.52
passe,0.357,0.426,0.531
carnation,0.357,0.431,0.653
rein,0.357,0.438,0.5
diagram,0.357,0.445,0.562
gob,0.357,0.447,0.28
glance,0.357,0.454,0.625
refrigerate,0.357,0.457,0.635
storyteller,0.357,0.462,0.73
devout,0.357,0.464,0.62
watercourse,0.357,0.466,0.677
background,0.357,0.498,0.399
topography,0.357,0.506,0.469
creole,0.357,0.523,0.667
parable,0.357,0.525,0.479
whole,0.357,0.572,0.653
refractory,0.357,0.588,0.52
interface,0.357,0.6,0.643
communion,0.357,0.607,0.765
hopeful,0.357,0.627,0.947
tenets,0.357,0.667,0.734
fragrance,0.357,0.667,0.847
residency,0.357,0.679,0.694
resolved,0.357,0.683,0.735
dependable,0.357,0.741,0.88
resource,0.357,0.749,0.74
completed,0.357,0.777,0.823
historical,0.357,0.833,0.653
maestro,0.357,0.849,0.823
parent,0.357,0.86,0.812
poor,0.358,0.087,0.156
timidity,0.358,0.153,0.333
unnecessary,0.358,0.19,0.219
crippled,0.358,0.236,0.035
flabby,0.358,0.25,0.292
nul,0.358,0.264,0.337
marsh,0.358,0.277,0.302
embroidery,0.358,0.28,0.781
insulate,0.358,0.286,0.365
desist,0.358,0.291,0.22
whispered,0.358,0.309,0.548
ellipsis,0.358,0.314,0.653
late,0.358,0.315,0.245
vapor,0.358,0.318,0.51
emu,0.358,0.33,0.42
squirrel,0.358,0.333,0.592
maroon,0.358,0.336,0.469
tailed,0.358,0.351,0.438
keyhole,0.358,0.356,0.438
ukulele,0.358,0.365,0.513
betty,0.358,0.381,0.542
sup,0.358,0.385,0.551
spire,0.358,0.389,0.354
wrapper,0.358,0.391,0.625
micrometer,0.358,0.394,0.573
subset,0.358,0.404,0.429
coldly,0.358,0.407,0.365
tyre,0.358,0.407,0.48
use,0.358,0.409,0.438
sorghum,0.358,0.42,0.469
homily,0.358,0.425,0.621
fodder,0.358,0.43,0.316
microchip,0.358,0.432,0.551
buckled,0.358,0.439,0.427
golf,0.358,0.447,0.573
mamma,0.358,0.449,0.6
kilo,0.358,0.461,0.438
bunch,0.358,0.473,0.552
daybreak,0.358,0.474,0.802
perennial,0.358,0.5,0.527
fallback,0.358,0.508,0.458
dermatologist,0.358,0.528,0.531
marked,0.358,0.554,0.592
refer,0.358,0.558,0.506
viewer,0.358,0.558,0.592
substructure,0.358,0.587,0.441
sustain,0.358,0.593,0.635
frank,0.358,0.604,0.625
concordance,0.358,0.608,0.625
consensus,0.358,0.625,0.627
department,0.358,0.642,0.708
certain,0.358,0.673,0.76
baron,0.358,0.709,0.52
cardinal,0.358,0.712,0.583
manor,0.358,0.738,0.646
precise,0.358,0.769,0.833
rightful,0.358,0.821,0.837
steak,0.359,0.315,0.625
shortcake,0.359,0.398,0.677
plat,0.359,0.556,0.716
stile,0.359,0.691,0.75
retardation,0.36,0.155,0.125
blind,0.36,0.184,0.156
friendless,0.36,0.204,0.102
eggnog,0.36,0.259,0.635
erasure,0.36,0.265,0.281
decrease,0.36,0.267,0.125
knob,0.36,0.272,0.34
goggles,0.36,0.278,0.667
fawn,0.36,0.284,0.626
paw,0.36,0.286,0.417
domesticated,0.36,0.294,0.635
wafer,0.36,0.313,0.677
rawhide,0.36,0.327,0.292
casserole,0.36,0.328,0.57
salami,0.36,0.339,0.667
cervix,0.36,0.34,0.429
hyacinth,0.36,0.342,0.372
pooch,0.36,0.347,0.355
smut,0.36,0.349,0.357
carbon,0.36,0.35,0.604
draft,0.36,0.351,0.438
chine,0.36,0.352,0.561
oddball,0.36,0.357,0.316
unhand,0.36,0.361,0.406
ginseng,0.36,0.364,0.677
cavern,0.36,0.365,0.323
periphery,0.36,0.366,0.469
payphone,0.36,0.37,0.469
dill,0.36,0.373,0.427
avenue,0.36,0.377,0.677
tenant,0.36,0.398,0.385
rendition,0.36,0.398,0.417
tincture,0.36,0.402,0.44
intermission,0.36,0.402,0.49
peek,0.36,0.411,0.486
rubbers,0.36,0.414,0.604
herewith,0.36,0.415,0.45
polo,0.36,0.415,0.582
fund,0.36,0.426,0.521
usage,0.36,0.426,0.646
halt,0.36,0.432,0.167
kneecap,0.36,0.44,0.427
second cousin,0.36,0.441,0.698
solubility,0.36,0.442,0.506
dorsal,0.36,0.445,0.449
listen,0.36,0.445,0.771
pedestrian,0.36,0.448,0.438
can,0.36,0.454,0.662
aviary,0.36,0.467,0.5
introspective,0.36,0.471,0.552
daydreaming,0.36,0.479,0.776
mixture,0.36,0.481,0.546
horoscope,0.36,0.49,0.5
windpipe,0.36,0.5,0.281
tonic,0.36,0.5,0.541
generality,0.36,0.5,0.604
fractional,0.36,0.509,0.306
thermal,0.36,0.509,0.48
muse,0.36,0.509,0.76
receptor,0.36,0.51,0.417
radium,0.36,0.517,0.469
assortment,0.36,0.526,0.694
lightness,0.36,0.526,0.794
memento,0.36,0.536,0.708
conditioner,0.36,0.538,0.781
conversant,0.36,0.542,0.724
payroll,0.36,0.549,0.521
esthetic,0.36,0.558,0.635
calculus,0.36,0.562,0.36
collocation,0.36,0.594,0.637
clef,0.36,0.595,0.615
grade,0.36,0.6,0.698
endorsement,0.36,0.611,0.834
seminar,0.36,0.623,0.583
pithy,0.36,0.635,0.48
togetherness,0.36,0.635,0.906
redirect,0.36,0.648,0.469
guru,0.36,0.653,0.573
salutary,0.36,0.686,0.885
statistician,0.36,0.703,0.571
humanity,0.36,0.727,0.75
celestial,0.36,0.731,0.817
methodical,0.36,0.745,0.663
identity,0.36,0.78,0.663
security,0.36,0.821,0.837
protector,0.36,0.824,0.779
urine,0.361,0.169,0.375
unidentified,0.361,0.199,0.385
unanswered,0.361,0.219,0.276
undisclosed,0.361,0.314,0.479
fatty,0.361,0.325,0.286
pinion,0.361,0.346,0.444
dipper,0.361,0.348,0.548
notch,0.361,0.358,0.459
ballot,0.361,0.358,0.521
bog,0.361,0.365,0.302
molded,0.361,0.373,0.667
mulch,0.361,0.383,0.349
drenched,0.361,0.388,0.302
char,0.361,0.404,0.554
shrimp,0.361,0.425,0.571
tripe,0.361,0.438,0.312
housewife,0.361,0.449,0.656
phi,0.361,0.452,0.42
tubular,0.361,0.464,0.458
materials,0.361,0.473,0.633
isomorphism,0.361,0.481,0.448
employee,0.361,0.481,0.582
lettered,0.361,0.482,0.542
visage,0.361,0.482,0.7
inhabited,0.361,0.51,0.667
brother,0.361,0.546,0.823
foreseen,0.361,0.562,0.566
squatter,0.361,0.565,0.39
blessings,0.361,0.623,0.929
synchronize,0.361,0.654,0.781
manageable,0.361,0.655,0.75
know,0.361,0.704,0.765
study,0.361,0.768,0.653
sorry,0.362,0.212,0.406
pheasant,0.362,0.292,0.541
salamander,0.362,0.309,0.41
lin,0.362,0.343,0.416
taxi,0.362,0.43,0.542
jazz,0.362,0.45,0.677
ledger,0.362,0.609,0.51
terms,0.362,0.645,0.49
rabbi,0.362,0.723,0.459
lowering,0.363,0.236,0.286
crouched,0.363,0.279,0.333
mash,0.363,0.283,0.44
ultimo,0.363,0.3,0.375
bellboy,0.363,0.302,0.542
panache,0.363,0.306,0.51
frayed,0.363,0.307,0.312
snow,0.363,0.309,0.667
scallop,0.363,0.331,0.49
ensue,0.363,0.332,0.698
bagel,0.363,0.34,0.531
oldie,0.363,0.342,0.363
hemi,0.363,0.342,0.51
brunch,0.363,0.343,0.406
sherbet,0.363,0.348,0.592
fondue,0.363,0.35,0.656
concealed,0.363,0.352,0.344
cam,0.363,0.355,0.448
tubing,0.363,0.358,0.438
meshes,0.363,0.362,0.44
barrow,0.363,0.362,0.479
cymbal,0.363,0.362,0.542
balding,0.363,0.368,0.302
colloquial,0.363,0.368,0.604
fruit punch,0.363,0.368,0.837
hairpin,0.363,0.37,0.459
pasty,0.363,0.375,0.479
kidney,0.363,0.38,0.448
imtryingtosleep,0.363,0.385,0.438
robin,0.363,0.393,0.552
caramel,0.363,0.4,0.901
primate,0.363,0.402,0.561
odor,0.363,0.404,0.337
neophyte,0.363,0.411,0.286
beak,0.363,0.411,0.375
bale,0.363,0.412,0.437
hob,0.363,0.415,0.633
groceries,0.363,0.417,0.74
nadir,0.363,0.424,0.479
bolt,0.363,0.426,0.354
lop,0.363,0.426,0.429
baggage,0.363,0.427,0.61
denomination,0.363,0.429,0.49
material,0.363,0.439,0.521
westbound,0.363,0.439,0.646
twin,0.363,0.453,0.688
brachial,0.363,0.464,0.388
attenuation,0.363,0.464,0.458
simile,0.363,0.464,0.615
excel,0.363,0.466,0.561
bookkeeper,0.363,0.468,0.48
valve,0.363,0.471,0.323
quadrature,0.363,0.472,0.458
lining,0.363,0.472,0.571
contrite,0.363,0.473,0.347
numbering,0.363,0.482,0.51
fetch,0.363,0.491,0.479
farmland,0.363,0.509,0.729
unquote,0.363,0.517,0.388
hardwood,0.363,0.518,0.417
chess,0.363,0.518,0.656
reserves,0.363,0.52,0.653
parallelism,0.363,0.527,0.549
stealthy,0.363,0.534,0.38
spoken,0.363,0.545,0.551
attach,0.363,0.559,0.52
stays,0.363,0.564,0.633
understandable,0.363,0.566,0.776
freshen,0.363,0.566,0.806
conformity,0.363,0.579,0.645
fits,0.363,0.58,0.571
cagey,0.363,0.582,0.542
fluvial,0.363,0.588,0.571
condescending,0.363,0.593,0.583
person,0.363,0.596,0.646
observer,0.363,0.603,0.663
requisite,0.363,0.609,0.448
cleanliness,0.363,0.609,0.816
pristine,0.363,0.625,0.65
utilitarian,0.363,0.639,0.427
distinguishing,0.363,0.64,0.622
insight,0.363,0.649,0.613
charm,0.363,0.649,0.833
theological,0.363,0.683,0.48
primer,0.363,0.688,0.625
fatherly,0.363,0.712,0.865
neutralize,0.363,0.719,0.519
pontiff,0.363,0.723,0.625
emerald,0.363,0.726,0.74
behave,0.363,0.747,0.677
staunch,0.363,0.833,0.48
legitimate,0.363,0.841,0.792
diplomatic,0.363,0.918,0.653
swab,0.364,0.259,0.47
bozo,0.364,0.298,0.388
mongoloid,0.364,0.317,0.177
ditch,0.364,0.322,0.357
lobe,0.364,0.352,0.459
stick,0.364,0.382,0.396
portion,0.364,0.398,0.536
sidebar,0.364,0.405,0.469
porterhouse,0.364,0.418,0.602
washroom,0.364,0.446,0.5
lingo,0.364,0.447,0.448
tunable,0.364,0.582,0.51
unspecified,0.365,0.165,0.24
unverified,0.365,0.18,0.214
breve,0.365,0.191,0.535
reduced,0.365,0.204,0.229
loveless,0.365,0.216,0.102
tummy,0.365,0.23,0.427
shawl,0.365,0.23,0.72
lack,0.365,0.242,0.25
leftout,0.365,0.245,0.229
suds,0.365,0.255,0.458
click,0.365,0.268,0.536
thereabouts,0.365,0.285,0.427
slob,0.365,0.3,0.275
tern,0.365,0.309,0.573
trine,0.365,0.317,0.396
sanctimonious,0.365,0.327,0.24
commoner,0.365,0.327,0.448
rollers,0.365,0.336,0.49
bergamot,0.365,0.339,0.51
courtyard,0.365,0.355,0.503
dependency,0.365,0.356,0.429
silo,0.365,0.357,0.4
jumpsuit,0.365,0.361,0.562
separately,0.365,0.368,0.31
temporarily,0.365,0.373,0.5
stockings,0.365,0.382,0.458
cuisine,0.365,0.39,0.714
yon,0.365,0.393,0.479
capillary,0.365,0.395,0.469
gulf,0.365,0.398,0.52
silverware,0.365,0.409,0.663
piggy,0.365,0.412,0.541
barb,0.365,0.417,0.448
mike,0.365,0.423,0.542
pituitary,0.365,0.442,0.406
tabloid,0.365,0.444,0.438
discretionary,0.365,0.446,0.52
warehouse,0.365,0.446,0.721
trait,0.365,0.453,0.469
infusion,0.365,0.453,0.583
baby,0.365,0.455,0.837
skewer,0.365,0.457,0.47
underlay,0.365,0.458,0.521
tux,0.365,0.462,0.531
atrium,0.365,0.473,0.469
indigo,0.365,0.473,0.514
focal,0.365,0.482,0.367
litany,0.365,0.482,0.51
ending,0.365,0.492,0.344
theistic,0.365,0.509,0.397
outline,0.365,0.509,0.542
attendant,0.365,0.519,0.58
related,0.365,0.519,0.677
stow,0.365,0.523,0.615
son,0.365,0.528,0.792
patronizing,0.365,0.529,0.542
invariably,0.365,0.55,0.458
spacious,0.365,0.557,0.88
suggestion,0.365,0.558,0.646
mention,0.365,0.562,0.562
modulation,0.365,0.565,0.458
bay,0.365,0.569,0.719
contemporary,0.365,0.569,0.72
hybrid,0.365,0.57,0.5
overhear,0.365,0.58,0.65
homogeneity,0.365,0.582,0.715
recent,0.365,0.589,0.592
broad,0.365,0.637,0.762
columnist,0.365,0.648,0.646
probability,0.365,0.651,0.673
familiarize,0.365,0.654,0.76
national,0.365,0.663,0.698
degree,0.365,0.663,0.724
factor,0.365,0.678,0.635
comprehend,0.365,0.689,0.875
podium,0.365,0.702,0.627
counselor,0.365,0.706,0.873
reasoning,0.365,0.729,0.729
remain,0.365,0.731,0.709
seriousness,0.365,0.75,0.439
surety,0.365,0.75,0.776
reality,0.365,0.787,0.786
legislative,0.365,0.8,0.633
penultimate,0.366,0.255,0.469
wherewithal,0.366,0.321,0.388
calf,0.366,0.336,0.531
weedy,0.366,0.352,0.293
fascia,0.366,0.356,0.48
wheelbarrow,0.366,0.404,0.479
crayons,0.366,0.405,0.684
painter,0.366,0.487,0.677
genome,0.366,0.509,0.507
scaffolding,0.366,0.545,0.496
representative,0.366,0.694,0.704
ingress,0.366,0.736,0.601
consolidated,0.366,0.784,0.7
untold,0.367,0.191,0.24
sparse,0.367,0.209,0.24
blurred,0.367,0.231,0.32
donkey,0.367,0.245,0.406
backward,0.367,0.25,0.309
puff,0.367,0.26,0.531
stuff,0.367,0.263,0.622
musty,0.367,0.267,0.354
sewer,0.367,0.282,0.286
taillight,0.367,0.283,0.479
insomniac,0.367,0.329,0.231
brooding,0.367,0.333,0.327
daisy,0.367,0.333,0.562
village,0.367,0.336,0.684
hypothetical,0.367,0.361,0.48
gut,0.367,0.364,0.408
minnow,0.367,0.364,0.541
rarely,0.367,0.366,0.408
onion,0.367,0.382,0.378
mod,0.367,0.384,0.458
bridle,0.367,0.386,0.427
cent,0.367,0.402,0.439
uncritical,0.367,0.412,0.48
shutdown,0.367,0.418,0.173
lined,0.367,0.424,0.438
nod,0.367,0.427,0.59
wiring,0.367,0.431,0.49
curvature,0.367,0.447,0.417
paralyze,0.367,0.471,0.188
freezing,0.367,0.471,0.327
bearing,0.367,0.474,0.571
details,0.367,0.481,0.583
forty,0.367,0.482,0.458
causal,0.367,0.491,0.562
elan,0.367,0.5,0.562
baseline,0.367,0.509,0.483
episode,0.367,0.509,0.719
station,0.367,0.519,0.688
climatology,0.367,0.541,0.531
excerpt,0.367,0.543,0.437
guy,0.367,0.546,0.583
hydrate,0.367,0.547,0.61
gasket,0.367,0.585,0.541
seminary,0.367,0.589,0.594
etch,0.367,0.598,0.51
hemisphere,0.367,0.598,0.531
visa,0.367,0.66,0.735
limo,0.367,0.667,0.76
verified,0.367,0.677,0.781
elaborate,0.367,0.68,0.561
warranted,0.367,0.69,0.714
sufficiently,0.367,0.714,0.776
councilman,0.367,0.793,0.531
unfit,0.368,0.185,0.25
silliness,0.368,0.192,0.327
withdrawn,0.368,0.221,0.182
unfinished,0.368,0.264,0.188
inadvertent,0.368,0.286,0.365
fax,0.368,0.304,0.406
pig,0.368,0.324,0.343
spinster,0.368,0.345,0.357
cookery,0.368,0.345,0.633
ladle,0.368,0.352,0.531
sweatshirt,0.368,0.353,0.51
dissipate,0.368,0.355,0.385
narrow,0.368,0.356,0.26
shallows,0.368,0.368,0.388
citrus,0.368,0.375,0.469
dayoff,0.368,0.377,0.76
conic,0.368,0.379,0.51
opus,0.368,0.391,0.458
wallaby,0.368,0.391,0.541
partially,0.368,0.396,0.418
intermediate,0.368,0.4,0.48
nexus,0.368,0.412,0.496
homo,0.368,0.415,0.531
brackish,0.368,0.421,0.469
zip,0.368,0.422,0.487
indie,0.368,0.43,0.479
plating,0.368,0.433,0.576
pendulum,0.368,0.434,0.542
fifty,0.368,0.439,0.571
negro,0.368,0.461,0.354
wrapping,0.368,0.462,0.46
calcareous,0.368,0.462,0.49
fallow,0.368,0.464,0.375
hundredth,0.368,0.466,0.427
quince,0.368,0.474,0.557
good,0.368,0.534,0.938
county,0.368,0.545,0.479
truck,0.368,0.546,0.531
encircling,0.368,0.557,0.51
consider,0.368,0.579,0.677
introductory,0.368,0.593,0.635
starlight,0.368,0.611,0.908
finality,0.368,0.627,0.615
determine,0.368,0.776,0.612
schoolmaster,0.368,0.852,0.667
sundry,0.369,0.407,0.543
essence,0.369,0.575,0.663
venerable,0.369,0.6,0.708
conservatism,0.369,0.633,0.406
weakness,0.37,0.125,0.088
slug,0.37,0.16,0.276
unprofessional,0.37,0.17,0.042
uninformed,0.37,0.182,0.156
slime,0.37,0.183,0.3
rookie,0.37,0.198,0.583
incomplete,0.37,0.205,0.153
tin,0.37,0.217,0.469
corny,0.37,0.221,0.448
not positive,0.37,0.236,0.051
depletion,0.37,0.236,0.153
soak,0.37,0.24,0.48
wear,0.37,0.255,0.312
shortcoming,0.37,0.258,0.195
porous,0.37,0.264,0.385
hummingbird,0.37,0.273,0.75
wrinkle,0.37,0.274,0.15
pimple,0.37,0.274,0.245
marmalade,0.37,0.288,0.729
bottom,0.37,0.291,0.417
bass guitar,0.37,0.294,0.738
bimbo,0.37,0.3,0.396
rental,0.37,0.308,0.51
sub,0.37,0.312,0.51
lateral,0.37,0.322,0.469
caper,0.37,0.326,0.51
obesity,0.37,0.328,0.215
cutaneous,0.37,0.328,0.365
barbie doll,0.37,0.33,0.729
gravel,0.37,0.332,0.39
dib,0.37,0.344,0.479
fringed,0.37,0.348,0.458
tap,0.37,0.349,0.461
recumbent,0.37,0.352,0.429
vinegar,0.37,0.356,0.276
left,0.37,0.361,0.354
pinot,0.37,0.361,0.365
demos,0.37,0.368,0.418
boron,0.37,0.375,0.441
nonce,0.37,0.377,0.422
pho,0.37,0.384,0.541
chloroform,0.37,0.393,0.281
stubby,0.37,0.393,0.417
fasting,0.37,0.394,0.388
southbound,0.37,0.395,0.51
ocular,0.37,0.4,0.418
chutney,0.37,0.4,0.459
decorate,0.37,0.404,0.954
hundred,0.37,0.406,0.604
cartilage,0.37,0.407,0.438
hotel,0.37,0.407,0.74
microscopically,0.37,0.412,0.623
bone,0.37,0.413,0.337
doornail,0.37,0.423,0.459
listneing,0.37,0.433,0.531
vacuolar,0.37,0.439,0.439
beta,0.37,0.439,0.71
pliable,0.37,0.44,0.625
halo,0.37,0.441,0.49
consult,0.37,0.441,0.755
foyer,0.37,0.443,0.552
thickness,0.37,0.443,0.552
orb,0.37,0.444,0.463
moorland,0.37,0.456,0.49
audible,0.37,0.462,0.673
dugout,0.37,0.463,0.49
prim,0.37,0.473,0.54
spring,0.37,0.481,0.837
fed,0.37,0.482,0.602
enlist,0.37,0.483,0.51
combined,0.37,0.5,0.622
self,0.37,0.5,0.704
care,0.37,0.5,0.729
garb,0.37,0.508,0.562
quaternary,0.37,0.509,0.491
hypothesis,0.37,0.509,0.552
coastal,0.37,0.51,0.604
nanny,0.37,0.528,0.615
etymology,0.37,0.529,0.531
traceable,0.37,0.535,0.602
duration,0.37,0.536,0.656
bias,0.37,0.541,0.4
vicar,0.37,0.555,0.531
chaplain,0.37,0.577,0.582
humane,0.37,0.58,0.8
deliver,0.37,0.582,0.583
darling,0.37,0.608,0.885
feudal,0.37,0.61,0.367
social,0.37,0.614,0.806
spirit,0.37,0.621,0.786
comply,0.37,0.638,0.806
syllabus,0.37,0.643,0.736
genealogy,0.37,0.644,0.479
snazzy,0.37,0.66,0.735
overall,0.37,0.67,0.583
proportionate,0.37,0.67,0.704
guardianship,0.37,0.681,0.592
believe,0.37,0.682,0.781
completely,0.37,0.69,0.73
permanence,0.37,0.708,0.771
solemn,0.37,0.709,0.708
information,0.37,0.711,0.765
impeccable,0.37,0.824,0.833
tank top,0.371,0.371,0.61
log,0.371,0.395,0.591
curb,0.371,0.402,0.472
doorman,0.371,0.491,0.57
dashboard,0.371,0.595,0.51
frat,0.371,0.726,0.714
skein,0.372,0.287,0.449
childlike,0.372,0.293,0.656
backwards,0.372,0.33,0.302
par,0.372,0.429,0.615
tuition,0.372,0.436,0.531
motel,0.372,0.45,0.531
cheerless,0.373,0.167,0.204
deficiency,0.373,0.179,0.073
barren,0.373,0.221,0.173
shrunken,0.373,0.221,0.5
foliage,0.373,0.237,0.62
barefoot,0.373,0.241,0.445
stew,0.373,0.25,0.667
nearsighted,0.373,0.265,0.271
swimsuit,0.373,0.269,0.74
refrain,0.373,0.277,0.314
tonsils,0.373,0.283,0.347
tine,0.373,0.284,0.438
impractical,0.373,0.291,0.16
let,0.373,0.307,0.427
woodshed,0.373,0.312,0.551
leg,0.373,0.313,0.51
granule,0.373,0.316,0.406
pygmy,0.373,0.317,0.357
potty,0.373,0.317,0.367
vein,0.373,0.318,0.347
lox,0.373,0.318,0.49
moose,0.373,0.318,0.648
thicket,0.373,0.324,0.385
malt,0.373,0.324,0.75
folded,0.373,0.327,0.179
shadowy,0.373,0.33,0.135
echo,0.373,0.345,0.573
saffron,0.373,0.349,0.443
soapy,0.373,0.355,0.552
dragonfly,0.373,0.357,0.571
buckle,0.373,0.361,0.416
pix,0.373,0.364,0.521
humidity,0.373,0.367,0.464
gritty,0.373,0.375,0.417
tee,0.373,0.377,0.459
caricature,0.373,0.383,0.604
striped,0.373,0.385,0.344
masseuse,0.373,0.391,0.594
handyman,0.373,0.393,0.66
nullify,0.373,0.395,0.255
disengagement,0.373,0.395,0.327
pancakes,0.373,0.402,0.844
runway,0.373,0.406,0.585
cooker,0.373,0.407,0.592
rack,0.373,0.409,0.385
bouttime,0.373,0.41,0.588
vary,0.373,0.413,0.521
discoloration,0.373,0.414,0.224
paddle boat,0.373,0.415,0.663
typewriter,0.373,0.418,0.542
respite,0.373,0.42,0.6
chrome,0.373,0.421,0.582
early,0.373,0.426,0.633
ornament,0.373,0.441,0.561
ingredient,0.373,0.451,0.792
mage,0.373,0.453,0.622
tangent,0.373,0.454,0.573
chamber,0.373,0.455,0.583
means,0.373,0.46,0.615
venetian,0.373,0.464,0.633
janitorial,0.373,0.481,0.49
depository,0.373,0.481,0.551
clad,0.373,0.481,0.583
cause,0.373,0.486,0.469
leaned,0.373,0.49,0.57
counts,0.373,0.5,0.343
hosannah,0.373,0.5,0.679
breathe,0.373,0.518,0.833
asymmetry,0.373,0.527,0.476
clockwork,0.373,0.528,0.49
clutches,0.373,0.528,0.542
buoyancy,0.373,0.538,0.625
ethnography,0.373,0.549,0.571
summer,0.373,0.55,0.812
ethnic,0.373,0.555,0.583
sculptured,0.373,0.557,0.708
milestone,0.373,0.558,0.719
quirky,0.373,0.564,0.708
craftsmanship,0.373,0.571,0.823
nascent,0.373,0.585,0.684
contemporaneous,0.373,0.591,0.64
visibly,0.373,0.591,0.724
upright,0.373,0.6,0.667
earnestness,0.373,0.615,0.812
medical,0.373,0.616,0.583
bureau,0.373,0.618,0.562
coinciding,0.373,0.623,0.673
morphology,0.373,0.639,0.516
shield,0.373,0.663,0.51
comprise,0.373,0.669,0.839
ripen,0.373,0.671,0.755
loam,0.373,0.673,0.469
doctrinal,0.373,0.673,0.51
credentials,0.373,0.675,0.708
diction,0.373,0.679,0.439
character,0.373,0.686,0.667
rectory,0.373,0.704,0.49
bylaw,0.373,0.725,0.469
lore,0.373,0.768,0.719
essentially,0.373,0.802,0.75
continent,0.373,0.833,0.551
regrettable,0.374,0.245,0.104
geezer,0.374,0.414,0.458
oodles,0.374,0.446,0.49
recorder,0.374,0.481,0.551
semaphore,0.374,0.598,0.552
understand,0.374,0.643,0.76
lacking,0.375,0.121,0.229
decayed,0.375,0.169,0.017
wilted,0.375,0.186,0.245
clasp,0.375,0.241,0.448
unneeded,0.375,0.245,0.177
lag,0.375,0.246,0.22
secondary,0.375,0.26,0.636
slobber,0.375,0.278,0.35
cake,0.375,0.287,0.81
deer,0.375,0.292,0.583
slice,0.375,0.303,0.583
curve,0.375,0.307,0.48
poultry,0.375,0.314,0.48
ginger,0.375,0.316,0.406
unplugged,0.375,0.318,0.367
lizard,0.375,0.324,0.378
sill,0.375,0.324,0.433
bristle,0.375,0.326,0.375
toby,0.375,0.33,0.427
windshield,0.375,0.333,0.615
chambermaid,0.375,0.336,0.594
hank,0.375,0.339,0.51
foreveralone,0.375,0.343,0.296
icy,0.375,0.345,0.684
hunk,0.375,0.361,0.438
cathouse,0.375,0.363,0.327
chai,0.375,0.363,0.5
measure,0.375,0.365,0.51
kappa,0.375,0.366,0.469
sloop,0.375,0.38,0.48
paddle,0.375,0.393,0.561
rainforest,0.375,0.398,0.612
listener,0.375,0.403,0.667
scrappy,0.375,0.406,0.301
cess,0.375,0.406,0.427
torque,0.375,0.406,0.466
briar,0.375,0.407,0.493
subconscious,0.375,0.415,0.531
simulate,0.375,0.417,0.551
beck,0.375,0.418,0.58
powdered,0.375,0.42,0.52
vert,0.375,0.434,0.49
psyche,0.375,0.435,0.427
globular,0.375,0.438,0.542
footbridge,0.375,0.44,0.582
paraphrase,0.375,0.444,0.5
cooler,0.375,0.46,0.664
cell,0.375,0.465,0.541
inter,0.375,0.466,0.51
ascetic,0.375,0.472,0.438
skiff,0.375,0.472,0.479
storytelling,0.375,0.472,0.643
engraved,0.375,0.473,0.542
metrical,0.375,0.482,0.521
enclosure,0.375,0.49,0.417
changed,0.375,0.491,0.594
wok,0.375,0.5,0.583
nuances,0.375,0.527,0.49
cutting,0.375,0.536,0.448
unopposed,0.375,0.537,0.615
backer,0.375,0.537,0.646
medicate,0.375,0.546,0.417
location,0.375,0.546,0.615
contents,0.375,0.55,0.656
interoffice,0.375,0.556,0.439
preface,0.375,0.557,0.459
reception,0.375,0.567,0.694
definition,0.375,0.579,0.573
envoy,0.375,0.586,0.531
groundwork,0.375,0.593,0.5
math,0.375,0.6,0.417
surface,0.375,0.604,0.448
bearable,0.375,0.605,0.542
fixer,0.375,0.606,0.633
periscope,0.375,0.609,0.604
unite,0.375,0.61,0.781
evangelistic,0.375,0.612,0.66
pope,0.375,0.636,0.6
porter,0.375,0.654,0.571
belief,0.375,0.656,0.896
denominational,0.375,0.679,0.458
orator,0.375,0.682,0.667
capitol,0.375,0.705,0.535
conscience,0.375,0.721,0.663
motherland,0.375,0.731,0.677
heirloom,0.375,0.745,0.684
sacred,0.375,0.862,0.833
retiring,0.376,0.214,0.408
unprofitable,0.376,0.217,0.163
unaccompanied,0.376,0.297,0.292
mire,0.376,0.298,0.344
blob,0.376,0.298,0.5
gateway,0.376,0.529,0.592
statutory,0.376,0.539,0.51
unimproved,0.377,0.144,0.163
infrequent,0.377,0.192,0.312
disadvantage,0.377,0.282,0.15
wash,0.377,0.297,0.635
oxide,0.377,0.298,0.354
graphite,0.377,0.336,0.479
pat,0.377,0.34,0.418
unfeeling,0.377,0.345,0.235
mole,0.377,0.352,0.436
bowl,0.377,0.358,0.625
pontoon,0.377,0.373,0.5
fireside,0.377,0.394,0.684
tomorrow,0.377,0.407,0.792
transitive,0.377,0.414,0.479
rum,0.377,0.451,0.561
ineligible,0.377,0.457,0.143
quartet,0.377,0.472,0.479
refreshed,0.377,0.48,0.91
stethoscope,0.377,0.49,0.427
fastener,0.377,0.491,0.577
listenting,0.377,0.491,0.64
reread,0.377,0.492,0.448
freshair,0.377,0.509,0.688
lotus,0.377,0.51,0.604
indice,0.377,0.541,0.469
sensor,0.377,0.542,0.571
typically,0.377,0.559,0.569
condescension,0.377,0.565,0.521
synod,0.377,0.574,0.469
status,0.377,0.588,0.658
undersecretary,0.377,0.594,0.459
companion,0.377,0.618,0.77
cure,0.377,0.623,0.719
conclusion,0.377,0.659,0.615
respiration,0.377,0.669,0.76
praisejesus,0.377,0.672,0.833
purport,0.377,0.684,0.663
loader,0.377,0.686,0.562
sheltered,0.377,0.717,0.59
certificate,0.377,0.746,0.786
soundness,0.377,0.893,0.78
misery,0.378,0.158,0.146
despondent,0.378,0.221,0.133
brisket,0.378,0.222,0.552
fatigue,0.378,0.265,0.173
underlie,0.378,0.275,0.323
sentimental,0.378,0.312,0.583
cornball,0.378,0.325,0.479
quid,0.378,0.327,0.479
flex,0.378,0.33,0.604
causality,0.378,0.336,0.5
loft,0.378,0.343,0.51
headstone,0.378,0.349,0.24
cord,0.378,0.358,0.388
lumpy,0.378,0.365,0.271
supposed,0.378,0.379,0.296
handwriting,0.378,0.381,0.615
relative,0.378,0.386,0.5
linoleum,0.378,0.402,0.51
ribbed,0.378,0.409,0.365
taps,0.378,0.409,0.448
octopus,0.378,0.411,0.713
fielder,0.378,0.415,0.583
van,0.378,0.425,0.561
sawmill,0.378,0.434,0.427
redeemed,0.378,0.434,0.625
barney,0.378,0.44,0.451
eve,0.378,0.44,0.612
stalls,0.378,0.451,0.582
assimilation,0.378,0.463,0.429
inlet,0.378,0.466,0.646
damper,0.378,0.473,0.459
unharmed,0.378,0.491,0.74
including,0.378,0.518,0.7
nutcracker,0.378,0.522,0.635
lithology,0.378,0.525,0.519
differential,0.378,0.535,0.52
flag,0.378,0.536,0.592
core,0.378,0.54,0.721
storing,0.378,0.548,0.63
inhabit,0.378,0.556,0.656
topographic,0.378,0.558,0.604
microbiology,0.378,0.56,0.571
polite,0.378,0.562,0.927
double,0.378,0.569,0.677
memory,0.378,0.573,0.792
unbiased,0.378,0.618,0.625
dictation,0.378,0.627,0.255
handy,0.378,0.639,0.741
prescriptive,0.378,0.643,0.615
vault,0.378,0.644,0.49
styling,0.378,0.652,0.823
nurture,0.378,0.657,0.745
matrix,0.378,0.673,0.551
welfare,0.378,0.679,0.802
protected,0.378,0.709,0.854
healer,0.378,0.741,0.863
seldom,0.379,0.287,0.323
nylons,0.379,0.32,0.556
jackrabbit,0.379,0.344,0.625
juststop,0.379,0.364,0.417
deposit,0.379,0.483,0.54
landscaping,0.379,0.519,0.823
extinguisher,0.379,0.543,0.707
steakhouse,0.379,0.547,0.802
insufficient,0.38,0.093,0.188
trashy,0.38,0.161,0.071
sip,0.38,0.213,0.375
scum,0.38,0.218,0.357
tart,0.38,0.219,0.719
tapering,0.38,0.237,0.344
scattered,0.38,0.238,0.208
marzipan,0.38,0.258,0.684
doughnut,0.38,0.279,0.663
milkman,0.38,0.304,0.75
toenail,0.38,0.306,0.53
moat,0.38,0.314,0.398
rainyday,0.38,0.315,0.52
unloaded,0.38,0.331,0.469
field,0.38,0.336,0.64
twine,0.38,0.337,0.521
beanbag,0.38,0.34,0.45
hairy,0.38,0.343,0.542
nosun,0.38,0.351,0.388
dopey,0.38,0.365,0.32
spell,0.38,0.368,0.385
ref,0.38,0.368,0.469
vest,0.38,0.371,0.667
cheep,0.38,0.373,0.367
conform,0.38,0.375,0.479
pace,0.38,0.39,0.51
rescind,0.38,0.391,0.347
crafts,0.38,0.391,0.667
funeral,0.38,0.393,0.073
palladium,0.38,0.393,0.47
tv,0.38,0.393,0.622
ope,0.38,0.395,0.375
newcomer,0.38,0.396,0.622
nix,0.38,0.404,0.33
tat,0.38,0.404,0.429
boathouse,0.38,0.404,0.592
touched,0.38,0.404,0.592
fab,0.38,0.406,0.49
byte,0.38,0.407,0.49
clue,0.38,0.412,0.653
fireplace,0.38,0.417,0.667
pendent,0.38,0.425,0.47
pennant,0.38,0.426,0.542
hairstyle,0.38,0.433,0.771
eavesdropping,0.38,0.441,0.49
stateroom,0.38,0.441,0.653
quarterly,0.38,0.448,0.604
scion,0.38,0.451,0.49
dell,0.38,0.453,0.458
monogamy,0.38,0.455,0.542
bathhouse,0.38,0.459,0.602
freshener,0.38,0.473,0.704
invoice,0.38,0.474,0.48
schedule,0.38,0.48,0.51
shutter,0.38,0.482,0.191
octave,0.38,0.482,0.438
wormhole,0.38,0.483,0.337
partiality,0.38,0.49,0.375
undivided,0.38,0.49,0.51
carry,0.38,0.5,0.635
hydrology,0.38,0.509,0.5
triangulate,0.38,0.517,0.408
dreamt,0.38,0.518,0.812
identical,0.38,0.527,0.635
ephemeris,0.38,0.528,0.64
wiper,0.38,0.535,0.5
homesweethome,0.38,0.538,0.796
overview,0.38,0.539,0.615
newt,0.38,0.541,0.458
dossier,0.38,0.544,0.357
mongoose,0.38,0.546,0.327
buildings,0.38,0.552,0.582
notation,0.38,0.558,0.635
frostbite,0.38,0.566,0.203
longitudinally,0.38,0.569,0.541
worship,0.38,0.573,0.688
weight,0.38,0.577,0.45
boston,0.38,0.58,0.643
charitable,0.38,0.593,0.865
designed,0.38,0.595,0.745
clerkship,0.38,0.596,0.582
pediatrics,0.38,0.596,0.75
dispensary,0.38,0.606,0.406
proportional,0.38,0.621,0.729
elective,0.38,0.623,0.612
cherishing,0.38,0.625,0.836
schoolteacher,0.38,0.632,0.521
considerate,0.38,0.633,0.781
brethren,0.38,0.641,0.917
tower,0.38,0.644,0.606
grant,0.38,0.667,0.719
earnest,0.38,0.67,0.653
thrifty,0.38,0.676,0.604
esteem,0.38,0.679,0.745
unanimous,0.38,0.682,0.656
rank,0.38,0.686,0.531
consideration,0.38,0.687,0.589
ponder,0.38,0.689,0.74
electorate,0.38,0.696,0.56
reliability,0.38,0.696,0.917
firm,0.38,0.728,0.635
educate,0.38,0.728,0.76
punctually,0.38,0.728,0.76
belongings,0.38,0.75,0.592
favorable,0.38,0.788,0.952
chivalry,0.38,0.848,0.857
constitution,0.38,0.889,0.59
secure,0.38,0.914,0.844
indolent,0.381,0.259,0.177
catnip,0.381,0.296,0.439
waterbed,0.381,0.296,0.724
dank,0.381,0.383,0.39
gutless,0.381,0.384,0.25
rosemary,0.381,0.425,0.688
snotty,0.382,0.2,0.18
forget,0.382,0.209,0.312
reduction,0.382,0.24,0.365
ostrich,0.382,0.241,0.592
infantile,0.382,0.259,0.604
ashtray,0.382,0.265,0.406
no sentiment,0.382,0.278,0.092
cub,0.382,0.284,0.646
repaint,0.382,0.308,0.622
soy sauce,0.382,0.318,0.573
stools,0.382,0.327,0.459
denim,0.382,0.327,0.52
john,0.382,0.327,0.562
stitching,0.382,0.345,0.51
mill,0.382,0.347,0.531
subtraction,0.382,0.349,0.163
whereabouts,0.382,0.356,0.439
toast,0.382,0.356,0.74
baseless,0.382,0.375,0.292
estranged,0.382,0.377,0.156
com,0.382,0.382,0.396
tidbit,0.382,0.385,0.552
preschool,0.382,0.393,0.604
roe,0.382,0.398,0.49
sugar,0.382,0.402,0.896
occult,0.382,0.406,0.292
crescent,0.382,0.407,0.698
causeway,0.382,0.422,0.453
border,0.382,0.424,0.406
requiem,0.382,0.426,0.475
turnkey,0.382,0.427,0.531
hominy,0.382,0.429,0.479
incipient,0.382,0.43,0.442
bordering,0.382,0.438,0.643
camber,0.382,0.439,0.43
pivot,0.382,0.44,0.458
must,0.382,0.441,0.408
chip,0.382,0.452,0.479
shorten,0.382,0.46,0.302
noted,0.382,0.464,0.615
gland,0.382,0.467,0.396
stopping,0.382,0.473,0.388
greenwood,0.382,0.491,0.531
pointer,0.382,0.5,0.583
herald,0.382,0.5,0.643
cuddles,0.382,0.5,0.847
sideline,0.382,0.517,0.44
charter,0.382,0.518,0.677
filling,0.382,0.525,0.51
component,0.382,0.525,0.531
digital,0.382,0.529,0.74
carried,0.382,0.534,0.49
cemented,0.382,0.537,0.429
intrinsically,0.382,0.538,0.459
objectionable,0.382,0.558,0.459
covering,0.382,0.583,0.615
residence,0.382,0.585,0.615
tonnage,0.382,0.59,0.323
vineyard,0.382,0.595,0.806
parentage,0.382,0.595,0.903
concluding,0.382,0.603,0.531
telemetry,0.382,0.611,0.46
terminus,0.382,0.615,0.281
equate,0.382,0.624,0.724
indenture,0.382,0.636,0.434
pharmacist,0.382,0.648,0.592
focus,0.382,0.648,0.69
christening,0.382,0.65,0.725
iconography,0.382,0.653,0.602
treaty,0.382,0.667,0.646
custom,0.382,0.688,0.552
thoughts,0.382,0.691,0.745
rig,0.382,0.746,0.542
history,0.382,0.754,0.729
saver,0.382,0.802,0.745
sod,0.383,0.333,0.427
tang,0.383,0.34,0.594
slick,0.383,0.349,0.388
tropics,0.383,0.412,0.74
courier,0.383,0.441,0.551
handmade,0.383,0.475,0.776
family,0.383,0.643,0.968
cellulite,0.384,0.256,0.2
unwritten,0.384,0.272,0.367
tilting,0.384,0.34,0.459
print,0.384,0.482,0.521
dike,0.384,0.49,0.36
tenement,0.384,0.55,0.47
grail,0.384,0.566,0.573
baptism,0.384,0.566,0.844
optic,0.384,0.594,0.663
equation,0.384,0.608,0.479
quirk,0.384,0.618,0.49
peninsula,0.384,0.627,0.551
cowardly,0.385,0.127,0.102
neglected,0.385,0.16,0.271
needless,0.385,0.2,0.327
blurry,0.385,0.218,0.059
snout,0.385,0.241,0.276
rooster,0.385,0.275,0.459
forgetfulness,0.385,0.302,0.271
uninvited,0.385,0.307,0.09
iota,0.385,0.314,0.344
poser,0.385,0.316,0.469
disjoint,0.385,0.322,0.351
thirteen,0.385,0.331,0.459
flap,0.385,0.344,0.275
unintended,0.385,0.349,0.438
mouthwash,0.385,0.352,0.438
retold,0.385,0.352,0.459
smidgen,0.385,0.357,0.367
cessation,0.385,0.358,0.414
cubby,0.385,0.36,0.354
weir,0.385,0.363,0.375
brace,0.385,0.364,0.61
cobble,0.385,0.368,0.448
crimson,0.385,0.37,0.667
red,0.385,0.377,0.427
cavity,0.385,0.379,0.466
sec,0.385,0.38,0.49
tire,0.385,0.381,0.438
sweep,0.385,0.383,0.448
grave,0.385,0.386,0.153
baldy,0.385,0.396,0.398
subsequent,0.385,0.4,0.449
brad,0.385,0.402,0.49
packet,0.385,0.407,0.582
shall,0.385,0.412,0.51
transom,0.385,0.417,0.375
blazer,0.385,0.417,0.635
marbled,0.385,0.418,0.396
vestibule,0.385,0.422,0.541
glade,0.385,0.434,0.6
inwards,0.385,0.438,0.49
nighttime,0.385,0.439,0.735
schoolboy,0.385,0.441,0.623
ophthalmic,0.385,0.444,0.427
disciple,0.385,0.462,0.765
gradually,0.385,0.464,0.583
quadratic,0.385,0.471,0.43
triple,0.385,0.481,0.585
elliptical,0.385,0.49,0.338
newsletter,0.385,0.49,0.622
ease,0.385,0.491,0.796
welsh,0.385,0.5,0.49
posterior,0.385,0.517,0.51
prefer,0.385,0.536,0.76
worthwhile,0.385,0.538,0.908
elongate,0.385,0.54,0.583
reverting,0.385,0.544,0.562
vertically,0.385,0.545,0.534
symbolic,0.385,0.574,0.67
womb,0.385,0.591,0.375
punctuation,0.385,0.592,0.561
pyramidal,0.385,0.6,0.613
heaven,0.385,0.6,0.896
coincident,0.385,0.602,0.562
consignee,0.385,0.602,0.635
etiology,0.385,0.639,0.5
comprehensive,0.385,0.644,0.796
estate,0.385,0.647,0.653
symbolically,0.385,0.648,0.582
sharpness,0.385,0.653,0.729
holding,0.385,0.67,0.6
composed,0.385,0.682,0.684
planned,0.385,0.729,0.74
foundation,0.385,0.73,0.771
compound,0.385,0.735,0.635
titular,0.385,0.76,0.704
righteous,0.385,0.79,0.823
tuna,0.386,0.304,0.531
tick,0.386,0.412,0.521
turban,0.386,0.426,0.469
ticked,0.386,0.455,0.469
remembering,0.386,0.509,0.535
confines,0.386,0.542,0.396
fee,0.386,0.556,0.354
consist,0.386,0.58,0.823
treatment,0.386,0.62,0.663
scope,0.386,0.718,0.656
thinker,0.386,0.764,0.706
respectful,0.386,0.814,0.951
poof,0.387,0.21,0.469
myopia,0.387,0.226,0.245
parakeet,0.387,0.227,0.576
moldy,0.387,0.25,0.235
sigh,0.387,0.273,0.469
trout,0.387,0.298,0.516
spineless,0.387,0.321,0.344
fringe,0.387,0.323,0.52
shoeshine,0.387,0.325,0.392
trivial,0.387,0.337,0.406
locale,0.387,0.352,0.449
bushel,0.387,0.368,0.417
fable,0.387,0.389,0.663
celibate,0.387,0.391,0.419
pall,0.387,0.394,0.277
finesse,0.387,0.412,0.74
herring,0.387,0.422,0.531
ticket,0.387,0.434,0.684
littoral,0.387,0.452,0.551
sheaf,0.387,0.456,0.396
sunscreen,0.387,0.462,0.656
ventricle,0.387,0.464,0.52
sceptical,0.387,0.466,0.214
chloride,0.387,0.474,0.265
vertical,0.387,0.492,0.52
encrypt,0.387,0.5,0.5
horticultural,0.387,0.509,0.594
villager,0.387,0.509,0.71
slicker,0.387,0.519,0.727
write,0.387,0.534,0.612
partnership,0.387,0.545,0.786
heath,0.387,0.546,0.802
gourmet,0.387,0.562,0.911
finished,0.387,0.57,0.51
zenith,0.387,0.589,0.582
timely,0.387,0.591,0.865
situation,0.387,0.6,0.531
compatible,0.387,0.638,0.892
praise,0.387,0.658,0.776
comprehension,0.387,0.688,0.908
refinement,0.387,0.709,0.719
respects,0.387,0.824,0.84
legal,0.387,0.887,0.653
senseless,0.388,0.136,0.125
orphan,0.388,0.14,0.133
heartsick,0.388,0.208,0.24
mote,0.388,0.26,0.375
nightie,0.388,0.274,0.63
flake,0.388,0.289,0.385
tyke,0.388,0.3,0.5
circulate,0.388,0.32,0.612
rain,0.388,0.33,0.542
lad,0.388,0.336,0.637
lateness,0.388,0.343,0.214
mil,0.388,0.347,0.534
oblivious,0.388,0.355,0.229
primitive,0.388,0.361,0.323
fowl,0.388,0.364,0.51
bead,0.388,0.381,0.592
bitsy,0.388,0.382,0.51
heretofore,0.388,0.385,0.479
belly,0.388,0.387,0.51
nick,0.388,0.387,0.554
waxed,0.388,0.408,0.531
wisp,0.388,0.417,0.552
venting,0.388,0.418,0.375
poems,0.388,0.418,0.833
teeth,0.388,0.427,0.52
marinara,0.388,0.435,0.657
clamp,0.388,0.454,0.541
suppertime,0.388,0.461,0.792
lichen,0.388,0.463,0.418
resemble,0.388,0.463,0.602
barge,0.388,0.465,0.469
avert,0.388,0.465,0.51
thankyoulord,0.388,0.466,0.809
sassafras,0.388,0.471,0.469
seasoning,0.388,0.479,0.633
bindery,0.388,0.482,0.548
tripod,0.388,0.483,0.406
attire,0.388,0.483,0.742
condor,0.388,0.519,0.573
campus,0.388,0.519,0.604
cautiously,0.388,0.525,0.51
symbol,0.388,0.527,0.643
inbound,0.388,0.538,0.531
beads,0.388,0.552,0.673
openly,0.388,0.553,0.603
starboard,0.388,0.558,0.531
module,0.388,0.571,0.582
score,0.388,0.589,0.67
cornerstone,0.388,0.596,0.55
feasible,0.388,0.611,0.694
orthodoxy,0.388,0.612,0.271
newday,0.388,0.618,0.847
mind,0.388,0.627,0.65
disinfect,0.388,0.648,0.448
ready,0.388,0.648,0.77
standpoint,0.388,0.652,0.585
preventive,0.388,0.657,0.643
recommendation,0.388,0.664,0.912
specific,0.388,0.691,0.656
recoverable,0.388,0.709,0.78
precisely,0.388,0.714,0.816
instructed,0.388,0.722,0.74
model,0.388,0.723,0.607
preacher,0.388,0.741,0.551
meager,0.389,0.281,0.144
pseudo,0.389,0.282,0.367
secondhand,0.389,0.283,0.194
spool,0.389,0.312,0.397
goodbye,0.389,0.328,0.24
thatmoment,0.389,0.34,0.667
hematite,0.389,0.342,0.448
motte,0.389,0.37,0.481
forage,0.389,0.37,0.583
meatloaf,0.389,0.375,0.625
passageway,0.389,0.4,0.49
southpaw,0.389,0.404,0.542
keg,0.389,0.404,0.551
permissive,0.389,0.413,0.633
houseboat,0.389,0.429,0.604
output,0.389,0.434,0.604
hart,0.389,0.447,0.643
goalie,0.389,0.455,0.573
ophthalmologist,0.389,0.491,0.552
moonshine,0.389,0.491,0.633
count,0.389,0.492,0.594
have,0.389,0.593,0.757
evangelical,0.389,0.602,0.602
compartment,0.389,0.607,0.5
candor,0.389,0.607,0.74
sort,0.389,0.674,0.673
hygienist,0.389,0.682,0.698
curator,0.389,0.688,0.688
harbinger,0.389,0.692,0.49
ley,0.389,0.764,0.604
slough,0.39,0.2,0.265
powdery,0.39,0.211,0.323
bloodless,0.39,0.212,0.292
unsolved,0.39,0.235,0.146
lamenting,0.39,0.254,0.156
hunchback,0.39,0.259,0.208
mono,0.39,0.273,0.5
pizza,0.39,0.295,0.847
seedy,0.39,0.325,0.229
maple,0.39,0.339,0.541
fig,0.39,0.339,0.573
snuggle,0.39,0.35,0.781
observe,0.39,0.36,0.771
washer,0.39,0.365,0.594
separable,0.39,0.368,0.469
kirk,0.39,0.388,0.51
soundproof,0.39,0.409,0.49
scarlet,0.39,0.411,0.507
swampy,0.39,0.412,0.306
sou,0.39,0.412,0.48
austere,0.39,0.422,0.5
minibus,0.39,0.428,0.439
blog,0.39,0.432,0.639
domestication,0.39,0.435,0.594
isle,0.39,0.443,0.667
vista,0.39,0.45,0.698
sally,0.39,0.451,0.604
wiki,0.39,0.455,0.53
fallopian,0.39,0.464,0.297
pellet,0.39,0.466,0.448
flesh,0.39,0.475,0.604
vintage,0.39,0.481,0.68
synopsis,0.39,0.482,0.541
mallet,0.39,0.483,0.354
enumerate,0.39,0.491,0.521
continuum,0.39,0.491,0.677
salve,0.39,0.5,0.612
pinnacle,0.39,0.508,0.633
gyroscope,0.39,0.51,0.5
extant,0.39,0.523,0.646
assuming,0.39,0.526,0.74
assistant,0.39,0.536,0.625
sublimation,0.39,0.538,0.51
nothingbetter,0.39,0.543,0.635
primary,0.39,0.545,0.562
materialism,0.39,0.556,0.22
unambiguous,0.39,0.578,0.406
mast,0.39,0.58,0.542
supplies,0.39,0.595,0.698
gazette,0.39,0.604,0.469
multimedia,0.39,0.607,0.611
linguistics,0.39,0.618,0.552
cultural,0.39,0.623,0.802
tuning,0.39,0.635,0.719
pyramid,0.39,0.635,0.74
systematically,0.39,0.651,0.69
believable,0.39,0.676,0.866
priestess,0.39,0.691,0.531
credited,0.39,0.691,0.781
cooperating,0.39,0.693,0.76
integrate,0.39,0.7,0.729
upstanding,0.39,0.708,0.851
municipal,0.39,0.758,0.625
grist,0.391,0.363,0.317
landlocked,0.391,0.367,0.28
pelican,0.391,0.38,0.573
rounded,0.391,0.396,0.592
ferret,0.391,0.398,0.385
stove,0.391,0.405,0.466
matchbook,0.391,0.412,0.562
message,0.391,0.415,0.65
courtside,0.391,0.434,0.592
imitated,0.391,0.442,0.333
vise,0.391,0.451,0.533
beefsteak,0.391,0.455,0.594
prescribed,0.391,0.463,0.531
fondness,0.391,0.503,0.885
comparatively,0.391,0.538,0.604
television,0.391,0.547,0.633
patent,0.391,0.609,0.724
assimilate,0.391,0.683,0.559
enrollment,0.391,0.698,0.667
harmonious,0.391,0.719,0.938
dignity,0.391,0.873,0.844
subordinate,0.392,0.121,0.276
cripple,0.392,0.161,0.094
retire,0.392,0.186,0.398
distracted,0.392,0.213,0.194
belittled,0.392,0.226,0.177
canning,0.392,0.259,0.49
filet,0.392,0.291,0.615
resignation,0.392,0.31,0.145
fur,0.392,0.315,0.583
oar,0.392,0.316,0.469
loon,0.392,0.325,0.429
creek,0.392,0.33,0.552
mingled,0.392,0.357,0.521
poppy,0.392,0.357,0.635
cafe,0.392,0.358,0.781
ocarina,0.392,0.366,0.541
takeout,0.392,0.368,0.736
overalls,0.392,0.373,0.5
dinner,0.392,0.379,0.823
obscurity,0.392,0.38,0.208
panier,0.392,0.38,0.5
balcony,0.392,0.38,0.562
sailboat,0.392,0.381,0.719
geek,0.392,0.39,0.479
rink,0.392,0.392,0.551
bilge,0.392,0.412,0.316
cuttings,0.392,0.433,0.479
boy,0.392,0.445,0.646
breath,0.392,0.451,0.684
teletype,0.392,0.455,0.532
ornamental,0.392,0.46,0.663
dispenser,0.392,0.47,0.583
endorse,0.392,0.472,0.592
everyday,0.392,0.472,0.74
hone,0.392,0.473,0.688
refrigeration,0.392,0.5,0.735
chastity,0.392,0.509,0.469
turnover,0.392,0.512,0.49
recycle,0.392,0.526,0.521
chronograph,0.392,0.529,0.5
inhibition,0.392,0.534,0.265
prologue,0.392,0.546,0.571
prelude,0.392,0.556,0.544
joint,0.392,0.566,0.615
compressible,0.392,0.585,0.622
river,0.392,0.605,0.688
axiomatic,0.392,0.627,0.458
confessional,0.392,0.629,0.458
healthcare,0.392,0.63,0.78
newsroom,0.392,0.658,0.531
together,0.392,0.658,0.874
driveway,0.392,0.689,0.612
publisher,0.392,0.691,0.571
precedent,0.392,0.721,0.574
committee,0.392,0.721,0.592
profitable,0.392,0.736,0.87
enterprise,0.392,0.754,0.76
luminous,0.392,0.783,0.918
sucker,0.393,0.204,0.265
shank,0.393,0.286,0.53
dashed,0.393,0.338,0.276
rowboat,0.393,0.353,0.455
toga,0.393,0.373,0.698
terse,0.393,0.409,0.542
kiddo,0.393,0.419,0.674
stillwaiting,0.393,0.42,0.344
entrance,0.393,0.526,0.698
packaging,0.393,0.549,0.604
preliminary,0.393,0.585,0.531
whit,0.393,0.595,0.562
relativity,0.393,0.615,0.594
cadet,0.393,0.664,0.504
invalidity,0.394,0.158,0.186
expired,0.394,0.2,0.198
pessimistic,0.394,0.236,0.088
phlegm,0.394,0.24,0.173
rue,0.394,0.246,0.323
handicap,0.394,0.264,0.133
waffle,0.394,0.327,0.708
goop,0.394,0.333,0.469
fatso,0.394,0.336,0.286
grotto,0.394,0.336,0.51
float,0.394,0.344,0.688
tampon,0.394,0.345,0.396
roller,0.394,0.345,0.521
hamster,0.394,0.349,0.52
eddy,0.394,0.35,0.5
toothed,0.394,0.352,0.449
feign,0.394,0.356,0.34
noir,0.394,0.365,0.375
nosnow,0.394,0.366,0.392
spencer,0.394,0.367,0.51
edging,0.394,0.37,0.479
putter,0.394,0.381,0.371
colon,0.394,0.384,0.449
capslock,0.394,0.398,0.33
cates,0.394,0.407,0.37
birdie,0.394,0.407,0.594
jour,0.394,0.415,0.479
stern,0.394,0.415,0.552
cousin,0.394,0.427,0.675
concur,0.394,0.429,0.459
dreamer,0.394,0.455,0.82
flagpole,0.394,0.458,0.5
obverse,0.394,0.464,0.47
parallax,0.394,0.471,0.437
torso,0.394,0.473,0.408
different,0.394,0.473,0.612
randy,0.394,0.481,0.49
caviar,0.394,0.481,0.906
imaging,0.394,0.482,0.724
sporadic,0.394,0.5,0.333
coachman,0.394,0.509,0.479
tachometer,0.394,0.518,0.398
palliative,0.394,0.518,0.548
epithet,0.394,0.524,0.53
presents,0.394,0.526,0.781
commodity,0.394,0.537,0.615
chord,0.394,0.539,0.729
unchallenged,0.394,0.545,0.552
sumo,0.394,0.564,0.48
semantics,0.394,0.569,0.698
transcribe,0.394,0.573,0.5
temperate,0.394,0.593,0.469
idyllic,0.394,0.593,0.571
viewing,0.394,0.598,0.69
joined,0.394,0.6,0.667
cartel,0.394,0.602,0.438
impartiality,0.394,0.616,0.622
minded,0.394,0.627,0.656
symposium,0.394,0.644,0.573
devotional,0.394,0.655,0.74
country,0.394,0.693,0.698
established,0.394,0.694,0.796
centennial,0.394,0.7,0.583
license,0.394,0.702,0.5
offset,0.394,0.704,0.719
humankind,0.394,0.714,0.885
world,0.394,0.75,0.622
doctrine,0.394,0.769,0.5
lawful,0.394,0.78,0.66
unlucky,0.395,0.198,0.073
soblessed,0.395,0.287,0.542
bonne,0.395,0.362,0.448
teller,0.395,0.443,0.5
render,0.395,0.448,0.541
cortisone,0.395,0.456,0.427
godbless,0.395,0.588,0.823
meaning,0.395,0.625,0.663
surrender,0.396,0.186,0.115
flimsy,0.396,0.189,0.302
detached,0.396,0.216,0.28
hesitation,0.396,0.217,0.286
myopic,0.396,0.218,0.344
sludge,0.396,0.229,0.354
backoff,0.396,0.24,0.104
outlet,0.396,0.245,0.61
loafer,0.396,0.254,0.235
freckle,0.396,0.254,0.542
gaga,0.396,0.26,0.479
pit,0.396,0.278,0.408
draining,0.396,0.304,0.337
mocha,0.396,0.311,0.5
goo,0.396,0.312,0.439
debris,0.396,0.327,0.135
crab,0.396,0.33,0.421
bib,0.396,0.339,0.385
sedge,0.396,0.339,0.406
pod,0.396,0.339,0.48
discontinue,0.396,0.349,0.354
petticoat,0.396,0.351,0.55
jig,0.396,0.357,0.531
weigh,0.396,0.375,0.333
compressed,0.396,0.388,0.323
violin,0.396,0.389,0.823
geez,0.396,0.39,0.417
quarto,0.396,0.393,0.458
liner,0.396,0.4,0.469
washing,0.396,0.402,0.643
night,0.396,0.404,0.598
viscous,0.396,0.409,0.398
ox,0.396,0.412,0.417
cleaning,0.396,0.427,0.595
lye,0.396,0.443,0.378
deference,0.396,0.447,0.51
coast,0.396,0.458,0.719
maiden,0.396,0.461,0.755
continence,0.396,0.469,0.45
satin,0.396,0.481,0.519
installment,0.396,0.483,0.619
clerical,0.396,0.491,0.52
repository,0.396,0.5,0.406
courteous,0.396,0.529,0.937
slant,0.396,0.536,0.469
entomology,0.396,0.545,0.438
glacier,0.396,0.554,0.573
container,0.396,0.561,0.551
named,0.396,0.565,0.562
dyke,0.396,0.566,0.438
registration,0.396,0.574,0.622
metaphysics,0.396,0.588,0.561
emir,0.396,0.621,0.51
commons,0.396,0.623,0.633
hydrographic,0.396,0.642,0.49
castle,0.396,0.718,0.68
psychology,0.396,0.726,0.561
goods,0.396,0.726,0.888
budget,0.396,0.731,0.643
outright,0.396,0.755,0.767
diplomacy,0.396,0.774,0.74
elegance,0.396,0.824,0.918
assuredly,0.396,0.833,0.786
silky,0.397,0.271,0.802
nail,0.397,0.282,0.469
rim,0.397,0.302,0.51
billy,0.397,0.375,0.49
limb,0.397,0.427,0.51
homeowner,0.397,0.962,0.635
pity,0.398,0.114,0.16
drool,0.398,0.204,0.385
mediocrity,0.398,0.225,0.073
numbness,0.398,0.265,0.306
junkyard,0.398,0.302,0.177
stroller,0.398,0.314,0.786
birdcage,0.398,0.318,0.48
woolly,0.398,0.32,0.531
bye,0.398,0.321,0.375
moisture,0.398,0.327,0.406
turtleneck,0.398,0.327,0.583
lament,0.398,0.352,0.198
frothy,0.398,0.356,0.774
squid,0.398,0.357,0.497
inaudible,0.398,0.358,0.28
plasma,0.398,0.36,0.474
pole,0.398,0.368,0.418
recession,0.398,0.373,0.368
gauche,0.398,0.385,0.254
bilayer,0.398,0.388,0.438
differ,0.398,0.396,0.23
tawny,0.398,0.4,0.551
sayonara,0.398,0.402,0.56
spline,0.398,0.407,0.49
spare,0.398,0.411,0.552
motley,0.398,0.412,0.48
tend,0.398,0.412,0.604
console,0.398,0.415,0.625
metime,0.398,0.417,0.531
pseudonym,0.398,0.423,0.5
paging,0.398,0.423,0.542
padding,0.398,0.423,0.561
dark,0.398,0.426,0.198
scuttle,0.398,0.43,0.438
perpendicular,0.398,0.439,0.51
informal,0.398,0.441,0.48
valium,0.398,0.443,0.419
cask,0.398,0.444,0.49
lunchtime,0.398,0.444,0.896
string,0.398,0.445,0.385
respirator,0.398,0.453,0.433
recite,0.398,0.453,0.688
phalanx,0.398,0.455,0.398
bearskin,0.398,0.464,0.333
dresser,0.398,0.473,0.604
turn,0.398,0.482,0.531
mandarin,0.398,0.491,0.625
gait,0.398,0.505,0.51
thicken,0.398,0.509,0.406
whale,0.398,0.509,0.582
dome,0.398,0.509,0.62
put,0.398,0.51,0.52
cellular,0.398,0.517,0.643
transcript,0.398,0.528,0.639
conjecture,0.398,0.534,0.396
vessel,0.398,0.538,0.49
profuse,0.398,0.545,0.479
phonograph,0.398,0.565,0.561
subscriber,0.398,0.57,0.562
indivisible,0.398,0.58,0.646
longitudinal,0.398,0.582,0.542
hydraulic,0.398,0.596,0.522
friendly,0.398,0.598,0.917
donation,0.398,0.602,0.792
endow,0.398,0.609,0.684
specs,0.398,0.618,0.54
great uncle,0.398,0.621,0.729
tote,0.398,0.625,0.51
establishment,0.398,0.631,0.69
setup,0.398,0.635,0.667
maintain,0.398,0.647,0.684
computing,0.398,0.695,0.745
trusty,0.398,0.696,0.863
specially,0.398,0.714,0.847
professor,0.398,0.721,0.656
header,0.398,0.74,0.56
assignment,0.398,0.745,0.483
millennium,0.398,0.76,0.573
warrant,0.398,0.802,0.653
durability,0.398,0.813,0.75
bequest,0.398,0.882,0.661
ovary,0.399,0.28,0.469
centipede,0.399,0.361,0.296
infancy,0.399,0.37,0.75
veronica,0.399,0.402,0.594
hub,0.399,0.433,0.479
parenchyma,0.399,0.595,0.5
beneficiary,0.399,0.616,0.776
flaccid,0.4,0.151,0.156
unattended,0.4,0.167,0.255
notready,0.4,0.196,0.133
mosquito,0.4,0.198,0.229
belated,0.4,0.214,0.24
shrinking,0.4,0.217,0.19
frailty,0.4,0.218,0.385
ladybug,0.4,0.224,0.602
slight trust,0.4,0.245,0.306
downside,0.4,0.246,0.19
lavatory,0.4,0.259,0.51
declining,0.4,0.264,0.328
muddy,0.4,0.283,0.292
unemployment,0.4,0.297,0.094
salted,0.4,0.304,0.333
depresson,0.4,0.308,0.135
booth,0.4,0.31,0.531
whiff,0.4,0.331,0.459
furry,0.4,0.333,0.428
umbra,0.4,0.337,0.408
endpapers,0.4,0.339,0.542
splint,0.4,0.343,0.179
chat,0.4,0.346,0.729
surmise,0.4,0.347,0.529
okra,0.4,0.362,0.469
bedpan,0.4,0.362,0.51
banjo,0.4,0.37,0.469
noschool,0.4,0.38,0.49
rouge,0.4,0.382,0.562
cafeteria,0.4,0.382,0.757
duffel,0.4,0.384,0.5
serve,0.4,0.384,0.622
ergo,0.4,0.385,0.385
outpatient,0.4,0.395,0.26
childless,0.4,0.396,0.31
hippie,0.4,0.396,0.551
rove,0.4,0.4,0.457
potion,0.4,0.417,0.5
citrine,0.4,0.42,0.375
townhouse,0.4,0.443,0.622
signpost,0.4,0.446,0.51
coax,0.4,0.447,0.367
clavicle,0.4,0.452,0.398
refill,0.4,0.464,0.67
sate,0.4,0.472,0.667
debit,0.4,0.474,0.333
flashback,0.4,0.485,0.265
possibly,0.4,0.5,0.448
people,0.4,0.5,0.604
jacks,0.4,0.505,0.49
fiduciary,0.4,0.509,0.375
rook,0.4,0.51,0.38
eligible,0.4,0.518,0.75
innate,0.4,0.521,0.49
interim,0.4,0.524,0.604
cycle,0.4,0.533,0.635
threefold,0.4,0.534,0.521
socialist,0.4,0.543,0.448
coinage,0.4,0.545,0.5
percentage,0.4,0.553,0.469
top,0.4,0.554,0.76
retrospectively,0.4,0.56,0.516
franchise,0.4,0.56,0.663
harmonics,0.4,0.575,0.865
zoning,0.4,0.578,0.417
quadruple,0.4,0.589,0.51
classmate,0.4,0.593,0.781
regional,0.4,0.607,0.62
recognizable,0.4,0.609,0.625
despatch,0.4,0.613,0.448
trigonometry,0.4,0.616,0.396
internally,0.4,0.616,0.615
jesus,0.4,0.62,0.8
exterior,0.4,0.627,0.542
ruler,0.4,0.631,0.44
sorting,0.4,0.642,0.469
vet,0.4,0.644,0.531
logical,0.4,0.648,0.805
communication,0.4,0.649,0.837
sun,0.4,0.681,0.877
grownup,0.4,0.683,0.735
serviceable,0.4,0.684,0.834
observing,0.4,0.685,0.583
truth,0.4,0.685,0.971
codification,0.4,0.698,0.448
directly,0.4,0.702,0.747
utility,0.4,0.704,0.622
mainstay,0.4,0.713,0.694
daddy,0.4,0.736,0.795
rationalize,0.4,0.746,0.633
certify,0.4,0.746,0.866
democrat,0.4,0.755,0.582
certainty,0.4,0.769,0.781
nationality,0.4,0.772,0.642
maturity,0.4,0.806,0.827
rationale,0.4,0.815,0.656
lax,0.401,0.3,0.43
grouse,0.401,0.412,0.448
items,0.401,0.434,0.542
distal,0.401,0.438,0.41
assume,0.401,0.464,0.698
sycamore,0.401,0.527,0.5
conservation,0.401,0.606,0.832
cognitive,0.401,0.634,0.513
watcher,0.401,0.702,0.562
wane,0.402,0.098,0.188
beggar,0.402,0.116,0.24
descent,0.402,0.158,0.3
wrinkled,0.402,0.2,0.271
hopelessness,0.402,0.223,0.052
rickety,0.402,0.241,0.224
whitewash,0.402,0.276,0.429
unbound,0.402,0.283,0.354
wetback,0.402,0.293,0.271
prostrate,0.402,0.295,0.276
delineation,0.402,0.314,0.521
hoarse,0.402,0.315,0.281
indeterminate,0.402,0.322,0.36
dextrose,0.402,0.323,0.333
inapplicable,0.402,0.33,0.281
indirect,0.402,0.33,0.385
mosey,0.402,0.33,0.521
hairdryer,0.402,0.33,0.642
bud,0.402,0.333,0.46
subservient,0.402,0.339,0.255
dippy,0.402,0.34,0.43
gazebo,0.402,0.341,0.469
dole,0.402,0.348,0.448
op,0.402,0.349,0.48
ridge,0.402,0.349,0.484
falafel,0.402,0.351,0.56
crude,0.402,0.357,0.198
radio,0.402,0.358,0.573
gelatin,0.402,0.361,0.562
suspended,0.402,0.368,0.224
tricycle,0.402,0.368,0.633
pie,0.402,0.368,0.88
bullock,0.402,0.375,0.281
beeswax,0.402,0.375,0.583
doodle,0.402,0.376,0.604
raiment,0.402,0.377,0.667
tuba,0.402,0.381,0.542
dotty,0.402,0.393,0.375
fob,0.402,0.396,0.327
glycerin,0.402,0.402,0.427
zing,0.402,0.402,0.579
dispel,0.402,0.411,0.388
mart,0.402,0.418,0.531
understudy,0.402,0.42,0.378
stomach,0.402,0.438,0.367
xanax,0.402,0.446,0.427
commentary,0.402,0.446,0.602
vernal,0.402,0.451,0.553
midland,0.402,0.456,0.521
moray,0.402,0.463,0.51
shed,0.402,0.47,0.427
flexibility,0.402,0.472,0.867
inserted,0.402,0.476,0.479
tariff,0.402,0.491,0.459
overture,0.402,0.491,0.49
permeable,0.402,0.495,0.635
stockade,0.402,0.5,0.375
noworries,0.402,0.5,0.63
recount,0.402,0.509,0.479
phonology,0.402,0.512,0.695
extract,0.402,0.519,0.565
caret,0.402,0.527,0.656
boarding,0.402,0.534,0.531
bill,0.402,0.535,0.396
brawn,0.402,0.544,0.438
computable,0.402,0.545,0.57
obliging,0.402,0.545,0.74
particular,0.402,0.552,0.562
included,0.402,0.57,0.76
correlative,0.402,0.571,0.51
hacienda,0.402,0.573,0.688
golfer,0.402,0.578,0.602
collected,0.402,0.588,0.57
practically,0.402,0.588,0.622
panorama,0.402,0.625,0.719
automated,0.402,0.632,0.578
outlines,0.402,0.651,0.656
copyright,0.402,0.663,0.458
makingdisciples,0.402,0.664,0.684
decade,0.402,0.665,0.531
entity,0.402,0.67,0.542
tutoring,0.402,0.702,0.663
laureate,0.402,0.702,0.724
goodhealth,0.402,0.712,0.938
emeritus,0.402,0.735,0.633
recovery,0.402,0.737,0.781
primed,0.402,0.759,0.635
moderating,0.402,0.783,0.667
fullness,0.402,0.811,0.868
pap,0.403,0.302,0.438
pipette,0.403,0.418,0.48
tabulate,0.403,0.598,0.48
edifice,0.403,0.61,0.551
fishing boat,0.403,0.627,0.521
direct,0.403,0.65,0.793
gloom,0.404,0.196,0.135
deflate,0.404,0.237,0.148
false,0.404,0.24,0.12
grease,0.404,0.306,0.255
nostril,0.404,0.316,0.396
glass,0.404,0.322,0.49
dour,0.404,0.325,0.36
broil,0.404,0.33,0.51
jiff,0.404,0.349,0.576
clod,0.404,0.365,0.375
gondola,0.404,0.379,0.52
sprinkle,0.404,0.38,0.635
wight,0.404,0.395,0.542
riffraff,0.404,0.397,0.36
road,0.404,0.404,0.656
isotope,0.404,0.407,0.429
fittings,0.404,0.409,0.531
compassionate,0.404,0.411,0.857
nostress,0.404,0.415,0.531
recline,0.404,0.418,0.46
wine cooler,0.404,0.42,0.729
echelon,0.404,0.425,0.49
parry,0.404,0.436,0.51
compost,0.404,0.441,0.48
bonny,0.404,0.444,0.561
prayforme,0.404,0.445,0.52
chromium,0.404,0.447,0.458
dependant,0.404,0.451,0.357
chisel,0.404,0.452,0.469
middleman,0.404,0.452,0.5
fjord,0.404,0.463,0.51
dental,0.404,0.463,0.573
withdrawals,0.404,0.464,0.427
henceforth,0.404,0.466,0.527
inside,0.404,0.472,0.612
hippo,0.404,0.477,0.49
secretly,0.404,0.479,0.525
tribal,0.404,0.482,0.417
modeling,0.404,0.49,0.684
subsistence,0.404,0.491,0.51
editing,0.404,0.493,0.604
radial,0.404,0.5,0.439
plausible,0.404,0.51,0.714
modality,0.404,0.527,0.633
rationing,0.404,0.54,0.396
supplemental,0.404,0.555,0.604
reprogram,0.404,0.557,0.519
weather,0.404,0.567,0.755
pilgrim,0.404,0.569,0.531
fingerprint,0.404,0.57,0.583
wind,0.404,0.578,0.531
timeliness,0.404,0.582,0.76
missionary,0.404,0.596,0.729
device,0.404,0.627,0.562
prophylaxis,0.404,0.647,0.292
fitted,0.404,0.673,0.507
lovinglife,0.404,0.673,0.979
doable,0.404,0.675,0.76
conscientious,0.404,0.688,0.688
inclusion,0.404,0.712,0.774
citizenship,0.404,0.723,0.786
incorporation,0.404,0.768,0.573
monument,0.404,0.811,0.833
confederation,0.404,0.83,0.663
planet,0.404,0.832,0.698
teacher,0.404,0.885,0.76
founding,0.404,0.898,0.698
plexus,0.405,0.395,0.333
matting,0.405,0.423,0.479
transient,0.405,0.43,0.51
hetero,0.405,0.435,0.589
optionally,0.405,0.481,0.365
variance,0.405,0.509,0.54
belong,0.405,0.569,0.643
specify,0.405,0.6,0.656
essential,0.405,0.759,0.812
stooge,0.406,0.163,0.438
faceless,0.406,0.173,0.23
bashful,0.406,0.217,0.4
tedious,0.406,0.241,0.104
bacon,0.406,0.295,0.698
tattletale,0.406,0.317,0.633
dislike,0.406,0.321,0.156
widower,0.406,0.325,0.184
umbilical,0.406,0.333,0.398
dinnertime,0.406,0.341,0.796
garter,0.406,0.353,0.521
wormwood,0.406,0.355,0.458
grub,0.406,0.355,0.602
unusually,0.406,0.358,0.385
pupil,0.406,0.368,0.729
lefty,0.406,0.379,0.49
chords,0.406,0.388,0.639
valet,0.406,0.389,0.635
nursery,0.406,0.389,0.894
substitute,0.406,0.398,0.427
jellybean,0.406,0.399,0.592
cad,0.406,0.404,0.447
freezer,0.406,0.407,0.396
jenny,0.406,0.407,0.542
parity,0.406,0.407,0.582
bode,0.406,0.411,0.344
uncharted,0.406,0.413,0.188
gingerly,0.406,0.415,0.602
thermocouple,0.406,0.422,0.406
sonata,0.406,0.425,0.643
binomial,0.406,0.426,0.6
prima,0.406,0.427,0.633
dermal,0.406,0.443,0.385
somatic,0.406,0.444,0.438
bevel,0.406,0.454,0.757
emption,0.406,0.458,0.57
taste,0.406,0.465,0.802
ternary,0.406,0.48,0.55
stepson,0.406,0.48,0.614
freeze,0.406,0.481,0.191
vacuole,0.406,0.481,0.49
cookout,0.406,0.482,0.68
tandem,0.406,0.485,0.552
supplement,0.406,0.491,0.745
nitrate,0.406,0.5,0.388
restaurant,0.406,0.5,0.847
equidistant,0.406,0.509,0.375
screenplay,0.406,0.518,0.5
contrast,0.406,0.52,0.48
detail,0.406,0.528,0.514
austerity,0.406,0.534,0.438
dualism,0.406,0.536,0.49
phraseology,0.406,0.537,0.62
strand,0.406,0.538,0.396
peripheral,0.406,0.549,0.406
facing,0.406,0.55,0.604
troupe,0.406,0.557,0.625
storage,0.406,0.564,0.698
proviso,0.406,0.569,0.418
cabal,0.406,0.573,0.5
converse,0.406,0.598,0.594
bachelor,0.406,0.6,0.667
select,0.406,0.602,0.615
thankyoujesus,0.406,0.604,0.878
tooling,0.406,0.634,0.51
navigable,0.406,0.645,0.749
renovated,0.406,0.657,0.783
mister,0.406,0.663,0.604
nutritional,0.406,0.676,0.812
impartial,0.406,0.685,0.531
expanded,0.406,0.689,0.76
consenting,0.406,0.693,0.727
commonwealth,0.406,0.702,0.63
story,0.406,0.704,0.653
patrimony,0.406,0.74,0.719
fairly,0.406,0.75,0.79
punctuality,0.406,0.758,0.81
ensure,0.406,0.759,0.737
coherence,0.406,0.788,0.72
loyalty,0.406,0.793,0.885
rector,0.406,0.862,0.458
legs,0.407,0.228,0.479
sullen,0.407,0.263,0.25
ugliness,0.407,0.267,0.094
bide,0.407,0.282,0.368
feces,0.407,0.307,0.24
superficial,0.407,0.309,0.357
nutshell,0.407,0.31,0.458
curved,0.407,0.337,0.542
snack,0.407,0.345,0.646
pill,0.407,0.368,0.573
puts,0.407,0.369,0.428
variable,0.407,0.4,0.62
pastry,0.407,0.419,0.87
shard,0.407,0.426,0.388
era,0.407,0.449,0.615
muffler,0.407,0.454,0.357
primal,0.407,0.482,0.55
centerfold,0.407,0.485,0.571
lute,0.407,0.5,0.459
beacon,0.407,0.537,0.58
fluid,0.407,0.589,0.673
treatise,0.407,0.613,0.604
sunlight,0.407,0.639,0.906
padre,0.407,0.647,0.684
benevolent,0.407,0.651,0.786
firmament,0.407,0.66,0.75
schoolhouse,0.407,0.672,0.602
unanimity,0.407,0.706,0.49
solidarity,0.407,0.781,0.792
mainland,0.407,0.806,0.68
respectability,0.407,0.912,0.875
spore,0.408,0.231,0.48
ink,0.408,0.235,0.471
tiredness,0.408,0.242,0.387
nightgown,0.408,0.25,0.643
shuffling,0.408,0.293,0.521
tweezers,0.408,0.295,0.493
rid,0.408,0.327,0.194
servant,0.408,0.331,0.34
selenium,0.408,0.336,0.469
ramrod,0.408,0.349,0.406
trainee,0.408,0.352,0.627
shoals,0.408,0.375,0.396
languish,0.408,0.382,0.235
colophon,0.408,0.385,0.5
mutt,0.408,0.387,0.418
jay,0.408,0.389,0.531
shell,0.408,0.391,0.615
eastbound,0.408,0.402,0.541
zephyr,0.408,0.411,0.479
riparian,0.408,0.412,0.552
fairy,0.408,0.413,0.776
schooner,0.408,0.427,0.635
headdress,0.408,0.443,0.594
postpone,0.408,0.451,0.316
medieval,0.408,0.455,0.56
reflecting,0.408,0.471,0.59
atoll,0.408,0.472,0.48
banner,0.408,0.474,0.521
notice,0.408,0.491,0.646
half dollar,0.408,0.509,0.573
fourfold,0.408,0.51,0.53
filigree,0.408,0.514,0.576
occipital,0.408,0.518,0.398
gas,0.408,0.519,0.396
proxy,0.408,0.52,0.521
compare,0.408,0.524,0.552
supposition,0.408,0.526,0.531
service,0.408,0.535,0.684
impervious,0.408,0.536,0.582
mortgage,0.408,0.537,0.255
subjection,0.408,0.539,0.354
ruby,0.408,0.544,0.663
redemption,0.408,0.545,0.376
mineralogy,0.408,0.545,0.551
narration,0.408,0.551,0.622
forgive,0.408,0.562,0.781
compute,0.408,0.564,0.531
stenographer,0.408,0.589,0.51
obelisk,0.408,0.596,0.604
supported,0.408,0.613,0.853
think,0.408,0.618,0.786
estimable,0.408,0.63,0.796
review,0.408,0.636,0.667
economic,0.408,0.639,0.561
upstairs,0.408,0.645,0.663
mountain,0.408,0.649,0.698
composition,0.408,0.652,0.765
fertile,0.408,0.704,0.888
metropolitan,0.408,0.723,0.387
mother,0.408,0.725,0.931
will,0.408,0.735,0.698
morality,0.408,0.759,0.75
shrivel,0.409,0.143,0.16
unkind,0.409,0.31,0.135
discontinuous,0.409,0.316,0.233
slop,0.409,0.325,0.306
leaning,0.409,0.352,0.48
ken,0.409,0.36,0.438
disbelief,0.409,0.373,0.188
harry,0.409,0.39,0.52
undermined,0.409,0.394,0.365
pension,0.409,0.406,0.625
conversing,0.409,0.442,0.755
peering,0.409,0.451,0.514
olfactory,0.409,0.452,0.602
cousins,0.409,0.464,0.76
boysenberry,0.409,0.475,0.646
bat,0.409,0.48,0.324
dock,0.409,0.481,0.49
port,0.409,0.513,0.55
clause,0.409,0.528,0.48
comeback,0.409,0.555,0.58
oriental,0.409,0.598,0.592
associate,0.409,0.625,0.812
ordained,0.409,0.731,0.735
satellite,0.409,0.764,0.562
eternal,0.409,0.843,0.854
illiterate,0.41,0.151,0.12
backwater,0.41,0.161,0.312
ill,0.41,0.2,0.073
sleepless,0.41,0.207,0.213
lame,0.41,0.217,0.145
underdog,0.41,0.226,0.25
gloomy,0.41,0.287,0.107
silhouette,0.41,0.288,0.582
tiller,0.41,0.29,0.448
disaffected,0.41,0.291,0.176
rosette,0.41,0.31,0.469
mumps,0.41,0.311,0.099
lieu,0.41,0.312,0.427
waltz,0.41,0.315,0.769
banister,0.41,0.332,0.418
prude,0.41,0.333,0.327
backdoor,0.41,0.333,0.344
spray,0.41,0.333,0.438
unaided,0.41,0.336,0.29
roost,0.41,0.345,0.5
chap,0.41,0.345,0.55
hare,0.41,0.345,0.62
refreshment,0.41,0.352,0.667
gander,0.41,0.353,0.51
nobodycares,0.41,0.354,0.365
seemingly,0.41,0.356,0.49
spindle,0.41,0.36,0.552
firefly,0.41,0.363,0.622
snippet,0.41,0.368,0.612
zit,0.41,0.381,0.337
soda/pop,0.41,0.382,0.581
macaroni,0.41,0.382,0.816
cwt,0.41,0.384,0.5
dysfunction,0.41,0.386,0.156
florist,0.41,0.388,0.771
percentile,0.41,0.39,0.479
backgammon,0.41,0.39,0.58
beaker,0.41,0.391,0.42
dibs,0.41,0.391,0.51
partly,0.41,0.396,0.415
seared,0.41,0.398,0.229
mahi mahi,0.41,0.398,0.51
quota,0.41,0.4,0.427
permeate,0.41,0.407,0.417
taper,0.41,0.415,0.541
schilling,0.41,0.418,0.367
disc,0.41,0.426,0.622
baboon,0.41,0.429,0.357
bard,0.41,0.439,0.47
terminate,0.41,0.441,0.171
endpoint,0.41,0.448,0.311
pike,0.41,0.452,0.427
differing,0.41,0.455,0.418
digestion,0.41,0.455,0.531
jade,0.41,0.455,0.604
omnibus,0.41,0.473,0.49
nightly,0.41,0.474,0.673
ellipse,0.41,0.479,0.531
shave,0.41,0.48,0.521
phylogeny,0.41,0.481,0.378
tactile,0.41,0.491,0.573
glazed,0.41,0.491,0.622
scent,0.41,0.491,0.633
rhyming,0.41,0.5,0.729
question,0.41,0.509,0.51
ligament,0.41,0.51,0.49
pathway,0.41,0.519,0.646
season,0.41,0.519,0.792
fathom,0.41,0.523,0.52
blimp,0.41,0.532,0.6
ethanol,0.41,0.534,0.333
lunch,0.41,0.542,0.88
edit,0.41,0.544,0.51
maintenance,0.41,0.545,0.592
hypnosis,0.41,0.546,0.417
stardust,0.41,0.549,0.843
naming,0.41,0.559,0.667
likeness,0.41,0.561,0.688
avatar,0.41,0.567,0.633
synthesizer,0.41,0.592,0.5
cultivate,0.41,0.598,0.708
measurable,0.41,0.602,0.604
pantheon,0.41,0.61,0.144
denominator,0.41,0.613,0.45
permitted,0.41,0.613,0.865
biological,0.41,0.615,0.59
canonical,0.41,0.62,0.542
posited,0.41,0.62,0.615
taxonomy,0.41,0.63,0.37
classy,0.41,0.649,0.917
codify,0.41,0.679,0.448
bonanza,0.41,0.683,0.875
communicate,0.41,0.696,0.823
restored,0.41,0.728,0.892
criterion,0.41,0.736,0.396
hearted,0.41,0.805,0.823
generous,0.41,0.81,1
universality,0.41,0.84,0.796
surrendering,0.411,0.245,0.198
friday,0.411,0.341,0.624
bus,0.411,0.4,0.407
drake,0.411,0.452,0.467
web,0.411,0.519,0.583
essay,0.411,0.53,0.559
forthright,0.411,0.546,0.663
chef,0.411,0.57,0.854
resume,0.411,0.586,0.573
classify,0.411,0.72,0.646
useful,0.411,0.726,0.833
honesty,0.411,0.728,0.938
membership,0.411,0.778,0.698
capacity,0.411,0.806,0.719
scarcely,0.412,0.16,0.082
ineffectual,0.412,0.2,0.163
snub,0.412,0.228,0.229
uncherished,0.412,0.28,0.25
splash,0.412,0.281,0.521
cactus,0.412,0.284,0.439
lisp,0.412,0.288,0.365
knotted,0.412,0.294,0.226
fold,0.412,0.33,0.385
bladder,0.412,0.33,0.406
filings,0.412,0.34,0.323
priming,0.412,0.36,0.481
schmuck,0.412,0.375,0.363
miscellany,0.412,0.384,0.5
tomcat,0.412,0.386,0.52
shellfish,0.412,0.393,0.594
prog,0.412,0.397,0.448
scrabble,0.412,0.399,0.625
halibut,0.412,0.411,0.449
windmill,0.412,0.412,0.773
mace,0.412,0.415,0.45
locust,0.412,0.417,0.479
imagined,0.412,0.418,0.656
crock,0.412,0.421,0.385
studded,0.412,0.425,0.396
beryllium,0.412,0.425,0.417
would,0.412,0.427,0.493
overrule,0.412,0.429,0.224
bal,0.412,0.432,0.49
carol,0.412,0.436,0.673
improbable,0.412,0.439,0.097
offing,0.412,0.447,0.49
walk,0.412,0.45,0.643
flask,0.412,0.454,0.418
coolant,0.412,0.456,0.72
homework,0.412,0.459,0.396
compress,0.412,0.46,0.406
sift,0.412,0.461,0.542
return,0.412,0.463,0.602
yea,0.412,0.472,0.751
translator,0.412,0.473,0.76
metaphorical,0.412,0.48,0.5
quarters,0.412,0.48,0.51
memorabilia,0.412,0.491,0.78
pulse,0.412,0.492,0.507
underline,0.412,0.509,0.48
hoard,0.412,0.518,0.506
momma,0.412,0.527,0.833
polish,0.412,0.533,0.604
courses,0.412,0.534,0.735
expected,0.412,0.545,0.729
superannuation,0.412,0.562,0.448
earthling,0.412,0.57,0.531
neatly,0.412,0.588,0.802
curtsy,0.412,0.598,0.635
awaken,0.412,0.611,0.729
designated,0.412,0.616,0.5
congenial,0.412,0.62,0.82
forefathers,0.412,0.627,0.69
contract,0.412,0.636,0.594
tenable,0.412,0.636,0.741
clinical,0.412,0.64,0.337
register,0.412,0.654,0.49
skyline,0.412,0.662,0.592
conveniences,0.412,0.693,0.802
settlement,0.412,0.723,0.635
faculty,0.412,0.732,0.615
forward,0.412,0.75,0.873
assertive,0.412,0.77,0.719
dad,0.412,0.786,0.857
philanthropy,0.412,0.801,0.745
comrade,0.412,0.804,0.781
sorter,0.412,0.823,0.594
honorable,0.412,0.83,0.963
underpaid,0.413,0.209,0.146
deafness,0.413,0.219,0.125
rare,0.413,0.236,0.396
slippers,0.413,0.236,0.573
drainpipe,0.413,0.277,0.417
poodle,0.413,0.301,0.5
childhood,0.413,0.307,0.865
mooch,0.413,0.309,0.378
spat,0.413,0.309,0.427
pony,0.413,0.315,0.812
niche,0.413,0.318,0.459
latex,0.413,0.325,0.479
mousy,0.413,0.339,0.48
jawbone,0.413,0.342,0.468
housework,0.413,0.342,0.484
brink,0.413,0.356,0.375
chug,0.413,0.358,0.401
temporal,0.413,0.36,0.5
gazing,0.413,0.362,0.677
tun,0.413,0.364,0.386
unpaid,0.413,0.365,0.3
hydrant,0.413,0.367,0.57
tarry,0.413,0.388,0.392
vitreous,0.413,0.396,0.312
douche,0.413,0.397,0.49
earthy,0.413,0.404,0.375
steam,0.413,0.421,0.469
kanji,0.413,0.425,0.51
cistern,0.413,0.432,0.541
nomad,0.413,0.433,0.375
digestive,0.413,0.434,0.542
chromatic,0.413,0.435,0.407
complimentary,0.413,0.435,0.823
cervical,0.413,0.445,0.375
subplot,0.413,0.446,0.469
blackberry,0.413,0.453,0.667
strapping,0.413,0.454,0.552
midair,0.413,0.455,0.633
reverie,0.413,0.471,0.667
homecoming,0.413,0.472,0.76
cloister,0.413,0.475,0.438
passenger,0.413,0.481,0.717
digest,0.413,0.483,0.72
cashier,0.413,0.484,0.615
polished,0.413,0.491,0.667
sett,0.413,0.5,0.56
serendipity,0.413,0.5,0.677
song,0.413,0.5,0.854
bulk,0.413,0.509,0.469
wedded,0.413,0.518,0.771
compile,0.413,0.519,0.6
excepting,0.413,0.526,0.408
triad,0.413,0.528,0.469
directory,0.413,0.538,0.439
catcher,0.413,0.54,0.653
pardon,0.413,0.542,0.552
cologne,0.413,0.552,0.677
seminal,0.413,0.566,0.459
succinct,0.413,0.566,0.51
friend,0.413,0.573,0.906
terrestrial,0.413,0.582,0.542
colleague,0.413,0.6,0.74
destiny,0.413,0.611,0.781
parabola,0.413,0.62,0.542
priory,0.413,0.629,0.561
coverage,0.413,0.629,0.767
introduction,0.413,0.64,0.612
weatherman,0.413,0.643,0.66
outspoken,0.413,0.667,0.582
respective,0.413,0.721,0.625
mama,0.413,0.728,0.86
inimitable,0.413,0.79,0.571
everlasting,0.413,0.809,0.74
justifiable,0.413,0.821,0.786
integrity,0.413,0.848,0.865
inexpensive,0.414,0.26,0.694
fruity,0.414,0.33,0.683
flashlight,0.414,0.356,0.653
sundae,0.414,0.404,0.743
bunkhouse,0.414,0.407,0.47
cipher,0.414,0.5,0.49
farming,0.414,0.568,0.58
technique,0.414,0.593,0.76
complete,0.414,0.809,0.75
constituents,0.414,0.833,0.573
fingernail,0.415,0.153,0.418
oxidation,0.415,0.211,0.453
partridge,0.415,0.25,0.583
typo,0.415,0.255,0.224
wince,0.415,0.294,0.286
cobbler,0.415,0.318,0.51
temporary,0.415,0.324,0.458
frazzled,0.415,0.339,0.344
tiff,0.415,0.343,0.531
hip,0.415,0.345,0.448
pastrami,0.415,0.348,0.542
twill,0.415,0.353,0.449
chafing,0.415,0.368,0.43
fillet,0.415,0.378,0.745
houseboy,0.415,0.393,0.479
soapbox,0.415,0.393,0.5
shorn,0.415,0.4,0.396
babysitter,0.415,0.408,0.656
doting,0.415,0.426,0.888
sophomore,0.415,0.427,0.653
presto,0.415,0.433,0.573
mammy,0.415,0.436,0.68
whirlpool,0.415,0.442,0.71
formaldehyde,0.415,0.443,0.296
stroll,0.415,0.444,0.745
daughter,0.415,0.455,0.908
reverse,0.415,0.461,0.539
sectional,0.415,0.464,0.427
encryption,0.415,0.474,0.547
boatload,0.415,0.485,0.365
proton,0.415,0.491,0.458
underhanded,0.415,0.527,0.188
dreams,0.415,0.53,0.865
senior,0.415,0.536,0.561
profiler,0.415,0.559,0.52
remind,0.415,0.563,0.721
timberland,0.415,0.571,0.55
predecessor,0.415,0.593,0.635
dealing,0.415,0.598,0.724
unequivocal,0.415,0.615,0.604
condensed,0.415,0.623,0.598
dimension,0.415,0.627,0.592
define,0.415,0.632,0.688
historiography,0.415,0.634,0.562
watchtower,0.415,0.647,0.5
vested,0.415,0.648,0.663
cryptography,0.415,0.65,0.49
giver,0.415,0.658,0.688
physics,0.415,0.664,0.582
doubtless,0.415,0.689,0.688
sisterhood,0.415,0.696,0.837
insure,0.415,0.698,0.7
coefficient,0.415,0.702,0.677
mentality,0.415,0.726,0.711
solidified,0.415,0.745,0.633
premature,0.416,0.277,0.281
hue,0.416,0.417,0.507
voucher,0.416,0.601,0.622
wet,0.417,0.185,0.385
wasting,0.417,0.207,0.051
ignorance,0.417,0.209,0.153
kneel,0.417,0.217,0.426
belittle,0.417,0.25,0.122
indifference,0.417,0.299,0.265
undirected,0.417,0.31,0.33
waistline,0.417,0.32,0.56
modicum,0.417,0.327,0.234
wander,0.417,0.33,0.427
doghouse,0.417,0.34,0.438
backside,0.417,0.342,0.182
sentient,0.417,0.363,0.583
maudlin,0.417,0.368,0.337
warp,0.417,0.373,0.344
interlude,0.417,0.377,0.47
comment,0.417,0.379,0.667
strap,0.417,0.382,0.38
bowel,0.417,0.391,0.306
footlocker,0.417,0.393,0.5
sensitivity,0.417,0.395,0.75
clemency,0.417,0.397,0.594
strudel,0.417,0.397,0.627
din,0.417,0.398,0.44
unwary,0.417,0.402,0.286
kris,0.417,0.407,0.427
honeycomb,0.417,0.412,0.541
percolation,0.417,0.415,0.397
trig,0.417,0.415,0.438
serif,0.417,0.415,0.531
unisex,0.417,0.417,0.492
tact,0.417,0.417,0.55
keel,0.417,0.419,0.344
inland,0.417,0.423,0.51
dak,0.417,0.424,0.51
lots,0.417,0.424,0.604
fain,0.417,0.426,0.479
livery,0.417,0.429,0.51
cabbie,0.417,0.429,0.521
beady,0.417,0.443,0.448
laudatory,0.417,0.45,0.612
mile,0.417,0.456,0.521
wine,0.417,0.457,0.792
sixpence,0.417,0.463,0.469
signal,0.417,0.464,0.615
guile,0.417,0.467,0.41
sense,0.417,0.474,0.781
stressrelief,0.417,0.475,0.627
potter,0.417,0.482,0.573
occupant,0.417,0.483,0.5
locksmith,0.417,0.491,0.51
thresh,0.417,0.5,0.49
engraver,0.417,0.5,0.552
chorus,0.417,0.5,0.62
coming,0.417,0.5,0.653
salutation,0.417,0.5,0.878
hertz,0.417,0.506,0.396
gilt,0.417,0.51,0.583
prelim,0.417,0.516,0.462
gazetteer,0.417,0.527,0.531
load,0.417,0.528,0.385
epistle,0.417,0.535,0.604
checker,0.417,0.553,0.33
dispatch,0.417,0.555,0.317
felt,0.417,0.566,0.643
astral,0.417,0.567,0.604
stereoscopic,0.417,0.574,0.363
crane,0.417,0.589,0.396
semiotics,0.417,0.596,0.449
medicinal,0.417,0.614,0.667
conditioned,0.417,0.616,0.49
maternal,0.417,0.634,0.847
product,0.417,0.648,0.646
fore,0.417,0.654,0.667
consensual,0.417,0.655,0.663
mate,0.417,0.669,0.847
compact,0.417,0.673,0.458
continuously,0.417,0.702,0.719
assign,0.417,0.709,0.622
birthright,0.417,0.714,0.684
vouch,0.417,0.746,0.625
fulfilling,0.417,0.755,0.823
bourgeoisie,0.417,0.767,0.357
universal,0.417,0.833,0.802
dumpster,0.418,0.101,0.229
stupidity,0.418,0.151,0.06
trifling,0.418,0.183,0.375
inept,0.418,0.209,0.156
teeny,0.418,0.216,0.427
worm,0.418,0.219,0.13
missing,0.418,0.222,0.306
disapointment,0.418,0.231,0.104
babbling,0.418,0.241,0.396
trowel,0.418,0.25,0.47
trite,0.418,0.29,0.458
flatter,0.418,0.302,0.521
coffee,0.418,0.309,0.823
deadlock,0.418,0.323,0.17
lac,0.418,0.331,0.408
receding,0.418,0.333,0.224
lumbar,0.418,0.342,0.323
undefined,0.418,0.35,0.26
inversely,0.418,0.351,0.286
bypass,0.418,0.353,0.429
herb,0.418,0.353,0.643
brick,0.418,0.368,0.217
bowed,0.418,0.368,0.41
garnet,0.418,0.368,0.643
ell,0.418,0.373,0.469
sirloin,0.418,0.373,0.546
radon,0.418,0.375,0.323
sweet,0.418,0.382,0.668
chewy,0.418,0.39,0.625
stock,0.418,0.407,0.594
fudge,0.418,0.407,0.853
ditto,0.418,0.411,0.449
sadday,0.418,0.411,0.52
token,0.418,0.414,0.51
overlook,0.418,0.415,0.292
mucis,0.418,0.42,0.398
gaff,0.418,0.429,0.333
nebula,0.418,0.438,0.51
mahjong,0.418,0.44,0.556
gammon,0.418,0.442,0.51
fiat,0.418,0.446,0.52
echinacea,0.418,0.454,0.592
mailman,0.418,0.462,0.659
subsist,0.418,0.472,0.573
gavel,0.418,0.49,0.52
garnish,0.418,0.49,0.765
hourly,0.418,0.491,0.469
slang,0.418,0.491,0.479
measurement,0.418,0.491,0.622
tenfold,0.418,0.5,0.469
recuperation,0.418,0.5,0.688
remedial,0.418,0.509,0.369
residences,0.418,0.509,0.618
caress,0.418,0.509,0.833
kindred,0.418,0.517,0.76
bake,0.418,0.519,0.867
curate,0.418,0.526,0.726
reimburse,0.418,0.527,0.68
esteemed,0.418,0.531,0.694
veterinarian,0.418,0.542,0.582
charger,0.418,0.545,0.531
star,0.418,0.56,0.833
purist,0.418,0.575,0.625
mine,0.418,0.578,0.688
ensemble,0.418,0.586,0.697
currency,0.418,0.592,0.583
sparkling,0.418,0.598,0.7
ton,0.418,0.604,0.56
physiological,0.418,0.62,0.51
blending,0.418,0.637,0.56
consecutive,0.418,0.643,0.663
converted,0.418,0.686,0.663
meteorology,0.418,0.689,0.63
mathematician,0.418,0.773,0.541
consecration,0.418,0.804,0.771
legislation,0.418,0.808,0.531
constitutional,0.418,0.827,0.633
believing,0.418,0.833,0.87
intellect,0.418,0.87,0.844
ethereal,0.419,0.518,0.52
great aunt,0.419,0.589,0.896
conditionally,0.419,0.617,0.396
inevitable,0.419,0.623,0.316
forecast,0.419,0.698,0.783
informative,0.419,0.741,0.812
especial,0.419,0.794,0.827
clumsy,0.42,0.144,0.125
worthless,0.42,0.153,0.083
indecisive,0.42,0.19,0.271
helpless,0.42,0.214,0.104
unarmed,0.42,0.241,0.427
wither,0.42,0.259,0.15
chops,0.42,0.269,0.612
craps,0.42,0.273,0.375
toy,0.42,0.275,0.878
pretending,0.42,0.317,0.378
smoky,0.42,0.327,0.459
furrow,0.42,0.345,0.408
bis,0.42,0.345,0.44
lattice,0.42,0.349,0.406
numb,0.42,0.352,0.108
menial,0.42,0.352,0.49
suffix,0.42,0.364,0.43
fess,0.42,0.37,0.395
blowfish,0.42,0.389,0.344
aye,0.42,0.392,0.562
suite,0.42,0.4,0.79
larynx,0.42,0.402,0.46
meanie,0.42,0.404,0.388
wherewith,0.42,0.404,0.491
involution,0.42,0.407,0.296
ranch,0.42,0.409,0.357
jib,0.42,0.413,0.406
flipper,0.42,0.415,0.677
colonic,0.42,0.43,0.333
ploughed,0.42,0.431,0.438
ductile,0.42,0.433,0.508
horticulture,0.42,0.434,0.7
cost,0.42,0.439,0.365
basso,0.42,0.439,0.417
fumin,0.42,0.443,0.354
rick,0.42,0.444,0.459
kern,0.42,0.449,0.438
depose,0.42,0.451,0.286
unabated,0.42,0.466,0.532
query,0.42,0.467,0.521
conjugate,0.42,0.467,0.583
reckon,0.42,0.472,0.643
mundane,0.42,0.48,0.312
eastern,0.42,0.48,0.521
cabernet,0.42,0.48,0.543
make,0.42,0.48,0.684
levy,0.42,0.491,0.438
carols,0.42,0.491,0.847
scrub,0.42,0.5,0.417
iterative,0.42,0.5,0.429
uterus,0.42,0.51,0.551
batching,0.42,0.518,0.484
tally,0.42,0.518,0.542
livestock,0.42,0.519,0.729
marketplace,0.42,0.525,0.698
unadulterated,0.42,0.528,0.57
inquiry,0.42,0.536,0.541
wired,0.42,0.537,0.398
daylight,0.42,0.545,0.865
concrete,0.42,0.547,0.633
boat,0.42,0.554,0.516
inclusive,0.42,0.564,0.604
nutrition,0.42,0.579,0.885
targeting,0.42,0.58,0.51
atmospheric,0.42,0.594,0.531
privacy,0.42,0.598,0.52
statistic,0.42,0.609,0.508
chummy,0.42,0.61,0.76
transcriber,0.42,0.615,0.49
trillion,0.42,0.623,0.592
attend,0.42,0.625,0.65
descendant,0.42,0.625,0.684
supportive,0.42,0.635,0.875
instructive,0.42,0.643,0.583
profess,0.42,0.643,0.633
familytime,0.42,0.679,0.939
filing,0.42,0.7,0.62
steel,0.42,0.714,0.521
flawless,0.42,0.741,0.729
testament,0.42,0.806,0.594
legitimacy,0.42,0.855,0.823
dissipated,0.421,0.231,0.281
germ,0.421,0.302,0.265
porcupine,0.421,0.367,0.388
meat,0.421,0.413,0.612
tenderfoot,0.421,0.438,0.469
pax,0.421,0.473,0.551
record,0.421,0.5,0.552
scholar,0.421,0.731,0.694
exist,0.421,0.788,0.857
ineffective,0.422,0.094,0.093
drawback,0.422,0.148,0.302
sorrowful,0.422,0.163,0.049
scrawny,0.422,0.245,0.276
uncooperative,0.422,0.246,0.25
uncut,0.422,0.278,0.448
venison,0.422,0.296,0.51
inoperable,0.422,0.304,0.184
past,0.422,0.311,0.49
nipper,0.422,0.317,0.386
sweets,0.422,0.321,0.91
splinter,0.422,0.325,0.136
isolate,0.422,0.336,0.235
dampened,0.422,0.336,0.271
tract,0.422,0.339,0.406
spin,0.422,0.345,0.551
bunt,0.422,0.349,0.417
rev,0.422,0.353,0.367
retainer,0.422,0.356,0.396
erst,0.422,0.357,0.277
gumbo,0.422,0.361,0.5
modifiable,0.422,0.373,0.541
clipper,0.422,0.383,0.293
repent,0.422,0.386,0.449
peice,0.422,0.398,0.479
eyeball,0.422,0.42,0.526
yak,0.422,0.422,0.469
equalization,0.422,0.423,0.625
tarot,0.422,0.43,0.479
sternum,0.422,0.436,0.52
prenatal,0.422,0.445,0.74
departmental,0.422,0.446,0.612
toll,0.422,0.453,0.296
camcorder,0.422,0.454,0.556
remember,0.422,0.454,0.776
conical,0.422,0.471,0.49
marrow,0.422,0.472,0.398
branching,0.422,0.472,0.52
truism,0.422,0.48,0.521
circumferential,0.422,0.509,0.551
injunction,0.422,0.519,0.281
dialect,0.422,0.526,0.635
substance,0.422,0.528,0.615
reschedule,0.422,0.537,0.438
inscription,0.422,0.542,0.592
utter,0.422,0.549,0.531
newly,0.422,0.552,0.688
camouflaged,0.422,0.562,0.35
orbit,0.422,0.575,0.561
recoup,0.422,0.575,0.719
volunteer,0.422,0.596,0.888
hugs,0.422,0.6,0.98
stereotype,0.422,0.612,0.151
reap,0.422,0.623,0.677
signify,0.422,0.634,0.453
private,0.422,0.644,0.661
signature,0.422,0.657,0.57
pattern,0.422,0.664,0.479
orient,0.422,0.667,0.667
nutritive,0.422,0.667,0.875
surrounding,0.422,0.669,0.531
patented,0.422,0.685,0.571
totally,0.422,0.702,0.82
observant,0.422,0.708,0.74
native,0.422,0.71,0.635
collateral,0.422,0.717,0.531
certified,0.422,0.806,0.781
benefit,0.422,0.806,0.906
awareness,0.422,0.81,0.684
senator,0.422,0.821,0.391
fundamental,0.422,0.903,0.708
perishing,0.423,0.148,0.229
booby,0.423,0.185,0.396
exhausted,0.423,0.202,0.123
larva,0.423,0.254,0.245
gizzard,0.423,0.259,0.422
muck,0.423,0.272,0.347
misspell,0.423,0.281,0.292
ballast,0.423,0.287,0.354
lode,0.423,0.318,0.365
landfill,0.423,0.324,0.398
discus,0.423,0.343,0.542
incline,0.423,0.345,0.49
spud,0.423,0.349,0.403
tubby,0.423,0.353,0.427
thistle,0.423,0.357,0.427
breakdown,0.423,0.361,0.365
underbelly,0.423,0.361,0.406
piccolo,0.423,0.38,0.625
rend,0.423,0.385,0.429
ungodly,0.423,0.388,0.296
tartan,0.423,0.389,0.448
dismount,0.423,0.391,0.361
ligation,0.423,0.396,0.344
telegraph,0.423,0.4,0.594
sling,0.423,0.404,0.417
septum,0.423,0.41,0.276
disk,0.423,0.412,0.573
kiln,0.423,0.414,0.451
mackerel,0.423,0.426,0.418
catchphrase,0.423,0.433,0.698
brownstone,0.423,0.439,0.559
sensibility,0.423,0.448,0.583
crossword,0.423,0.455,0.611
translate,0.423,0.462,0.604
piles,0.423,0.468,0.469
scan,0.423,0.47,0.479
group,0.423,0.48,0.573
correspondence,0.423,0.491,0.663
encore,0.423,0.5,0.51
bicentennial,0.423,0.507,0.541
gradient,0.423,0.509,0.48
sweetheart,0.423,0.509,0.959
cortical,0.423,0.536,0.38
version,0.423,0.538,0.604
waterproof,0.423,0.545,0.779
prompting,0.423,0.571,0.587
berlin,0.423,0.571,0.592
rethink,0.423,0.583,0.48
reminder,0.423,0.589,0.552
complying,0.423,0.59,0.729
sequent,0.423,0.591,0.531
probity,0.423,0.598,0.469
necessarily,0.423,0.598,0.667
classification,0.423,0.613,0.583
concession,0.423,0.615,0.588
corresponding,0.423,0.618,0.74
school,0.423,0.633,0.765
radiologist,0.423,0.634,0.49
frequently,0.423,0.634,0.596
population,0.423,0.667,0.615
dictate,0.423,0.668,0.48
sedan,0.423,0.68,0.48
continual,0.423,0.685,0.5
modern,0.423,0.691,0.855
diligence,0.423,0.7,0.688
wholesome,0.423,0.754,0.888
borrower,0.423,0.763,0.439
generate,0.423,0.772,0.771
sultan,0.423,0.821,0.529
imaginary,0.424,0.31,0.56
cockpit,0.424,0.343,0.52
pitter,0.424,0.384,0.469
prerequisite,0.424,0.482,0.448
oncology,0.424,0.5,0.204
contact,0.424,0.526,0.719
forge,0.424,0.686,0.52
pontificate,0.424,0.704,0.584
taint,0.425,0.226,0.141
swamp,0.425,0.235,0.245
doldrums,0.425,0.266,0.229
inoperative,0.425,0.273,0.138
undersized,0.425,0.298,0.316
withdraw,0.425,0.336,0.26
shack,0.425,0.339,0.396
blab,0.425,0.353,0.438
sticking,0.425,0.356,0.486
buff,0.425,0.361,0.561
audio,0.425,0.37,0.709
candy,0.425,0.384,0.93
quadrupole,0.425,0.386,0.45
rump,0.425,0.396,0.449
bulkhead,0.425,0.402,0.312
jasper,0.425,0.402,0.48
sandpaper,0.425,0.404,0.417
otto,0.425,0.404,0.427
symbiotic,0.425,0.406,0.832
bromide,0.425,0.411,0.347
gusset,0.425,0.423,0.427
battery,0.425,0.442,0.48
thx,0.425,0.461,0.562
roundabout,0.425,0.495,0.49
edible,0.425,0.497,0.75
spacing,0.425,0.507,0.621
phonetics,0.425,0.519,0.646
lifeboat,0.425,0.533,0.724
inception,0.425,0.561,0.604
gatherer,0.425,0.579,0.51
caudal,0.425,0.583,0.5
light year,0.425,0.593,0.719
description,0.425,0.596,0.582
jointly,0.425,0.602,0.708
oven,0.425,0.606,0.583
forevermore,0.425,0.614,0.843
roomful,0.425,0.634,0.786
binding,0.425,0.64,0.438
pearl,0.425,0.642,0.905
fare,0.425,0.645,0.49
regulation,0.425,0.667,0.542
calculated,0.425,0.683,0.633
structural,0.425,0.69,0.582
jurisprudence,0.425,0.764,0.36
company,0.425,0.798,0.906
sensitive,0.426,0.254,0.714
unfulfilled,0.426,0.268,0.184
spittoon,0.426,0.28,0.276
burr,0.426,0.308,0.39
nodule,0.426,0.349,0.312
molar,0.426,0.35,0.544
pogo,0.426,0.368,0.48
lanky,0.426,0.37,0.412
weightless,0.426,0.375,0.46
schlep,0.426,0.382,0.302
inelastic,0.426,0.385,0.396
tabby,0.426,0.387,0.51
kumquat,0.426,0.39,0.417
neural,0.426,0.391,0.582
streaked,0.426,0.393,0.458
bunghole,0.426,0.396,0.286
ciao,0.426,0.409,0.542
irrigation,0.426,0.426,0.259
repeater,0.426,0.43,0.479
haw,0.426,0.431,0.406
grid,0.426,0.443,0.562
quarry,0.426,0.45,0.378
liege,0.426,0.452,0.479
insular,0.426,0.465,0.531
movies,0.426,0.472,0.724
workshop,0.426,0.51,0.531
post,0.426,0.548,0.52
secretary,0.426,0.561,0.612
baptize,0.426,0.594,0.739
pal,0.426,0.596,0.812
faithfulness,0.426,0.602,0.833
bounds,0.426,0.604,0.378
peremptory,0.426,0.606,0.429
locator,0.426,0.614,0.48
resonance,0.426,0.629,0.541
race,0.426,0.658,0.592
vocation,0.426,0.686,0.833
spec,0.426,0.691,0.583
repairman,0.426,0.707,0.582
philanthropic,0.426,0.717,0.812
preemption,0.426,0.722,0.521
restoration,0.426,0.734,0.755
programmer,0.426,0.759,0.562
diligent,0.426,0.759,0.76
unproven,0.427,0.216,0.296
mutter,0.427,0.228,0.406
obese,0.427,0.25,0.133
overdue,0.427,0.259,0.125
bleak,0.427,0.272,0.204
nestling,0.427,0.286,0.604
pup,0.427,0.302,0.755
chubby,0.427,0.304,0.531
collarbone,0.427,0.306,0.42
pucker,0.427,0.315,0.327
ball,0.427,0.317,0.74
crawfish,0.427,0.342,0.51
teensy,0.427,0.347,0.52
option,0.427,0.359,0.512
unwashed,0.427,0.36,0.365
pretext,0.427,0.365,0.418
baggie,0.427,0.366,0.367
decrement,0.427,0.373,0.255
moratorium,0.427,0.373,0.337
disappearing,0.427,0.379,0.167
laud,0.427,0.383,0.493
mezzanine,0.427,0.404,0.479
unmitigated,0.427,0.422,0.649
prop,0.427,0.436,0.51
plumbing,0.427,0.441,0.469
ruth,0.427,0.444,0.469
convex,0.427,0.445,0.438
golfing,0.427,0.455,0.625
mitigate,0.427,0.456,0.506
plough,0.427,0.458,0.677
ring,0.427,0.464,0.677
lobby,0.427,0.472,0.625
identically,0.427,0.487,0.667
ibuprofen,0.427,0.504,0.448
dearest,0.427,0.508,0.902
boundary,0.427,0.518,0.561
hypothalamus,0.427,0.539,0.593
hug,0.427,0.548,0.908
wipe,0.427,0.551,0.663
health,0.427,0.551,0.935
fabricated,0.427,0.555,0.418
rule,0.427,0.593,0.567
devolve,0.427,0.596,0.367
dial,0.427,0.596,0.62
seniority,0.427,0.602,0.408
continue,0.427,0.612,0.63
panacea,0.427,0.613,0.42
biographer,0.427,0.617,0.708
lineup,0.427,0.638,0.635
certifiable,0.427,0.662,0.714
theocracy,0.427,0.722,0.49
stabilize,0.427,0.722,0.839
conclusive,0.427,0.745,0.5
man,0.427,0.767,0.688
centralize,0.427,0.802,0.684
credibility,0.427,0.809,0.875
legit,0.427,0.849,0.747
pudgy,0.428,0.3,0.31
knickers,0.428,0.328,0.552
thanksalot,0.428,0.525,0.908
proceeding,0.428,0.753,0.688
nonexistent,0.429,0.149,0.208
faint,0.429,0.167,0.063
rueful,0.429,0.225,0.173
smudge,0.429,0.245,0.327
snapper,0.429,0.245,0.417
remorseful,0.429,0.25,0.347
bauble,0.429,0.255,0.698
recoil,0.429,0.259,0.089
rattle,0.429,0.268,0.49
mortician,0.429,0.275,0.104
prig,0.429,0.276,0.388
egress,0.429,0.287,0.49
saggy,0.429,0.3,0.37
sausage,0.429,0.3,0.542
phew,0.429,0.302,0.531
lipstick,0.429,0.306,0.653
prism,0.429,0.343,0.52
crouching,0.429,0.345,0.261
goulash,0.429,0.347,0.582
plumper,0.429,0.353,0.406
badger,0.429,0.357,0.344
fan,0.429,0.357,0.781
depend,0.429,0.358,0.388
uncommon,0.429,0.373,0.459
owe,0.429,0.386,0.5
leotard,0.429,0.391,0.51
sitter,0.429,0.404,0.656
tailpipe,0.429,0.409,0.46
croft,0.429,0.421,0.531
leisure,0.429,0.421,0.631
zodiac,0.429,0.426,0.594
facial,0.429,0.433,0.594
halfback,0.429,0.44,0.49
hear,0.429,0.444,0.76
rent,0.429,0.446,0.344
huggy,0.429,0.451,0.854
intercom,0.429,0.453,0.623
disinfectant,0.429,0.46,0.531
helical,0.429,0.468,0.379
paddock,0.429,0.481,0.48
chest,0.429,0.481,0.52
seek,0.429,0.482,0.622
gamma,0.429,0.491,0.48
breast,0.429,0.5,0.753
rhetoric,0.429,0.504,0.417
preservative,0.429,0.509,0.531
idiomatic,0.429,0.516,0.531
transverse,0.429,0.525,0.429
clauses,0.429,0.545,0.449
finish,0.429,0.545,0.471
metal,0.429,0.547,0.551
myriad,0.429,0.55,0.48
supper,0.429,0.552,0.708
photographic,0.429,0.564,0.761
published,0.429,0.57,0.667
conjugation,0.429,0.582,0.479
med,0.429,0.606,0.375
look,0.429,0.615,0.719
rely,0.429,0.616,0.812
cultured,0.429,0.625,0.635
practicable,0.429,0.635,0.677
genesis,0.429,0.658,0.612
coordinate,0.429,0.694,0.698
computation,0.429,0.697,0.583
feed,0.429,0.739,0.812
science,0.429,0.741,0.588
compensate,0.429,0.762,0.612
fellowship,0.429,0.778,0.9
paradigm,0.429,0.779,0.573
minion,0.43,0.167,0.49
poop,0.43,0.172,0.163
inferiority,0.43,0.205,0.177
bummed,0.43,0.227,0.296
orphaned,0.43,0.228,0.062
muzzle,0.43,0.232,0.388
noob,0.43,0.267,0.417
disable,0.43,0.269,0.115
stoop,0.43,0.284,0.49
muffin,0.43,0.306,0.684
hidden,0.43,0.327,0.208
veer,0.43,0.338,0.469
taxicab,0.43,0.355,0.479
pip,0.43,0.366,0.448
ducky,0.43,0.368,0.52
schnitzel,0.43,0.382,0.365
wavering,0.43,0.384,0.375
receptionist,0.43,0.385,0.677
clique,0.43,0.391,0.427
penthouse,0.43,0.395,0.592
trawler,0.43,0.405,0.316
handiwork,0.43,0.41,0.753
tor,0.43,0.418,0.337
membrane,0.43,0.418,0.406
stiletto,0.43,0.427,0.396
fenced,0.43,0.429,0.323
shuteye,0.43,0.431,0.521
engraving,0.43,0.442,0.604
yuletide,0.43,0.445,0.438
delineate,0.43,0.445,0.448
sow,0.43,0.446,0.667
ligature,0.43,0.447,0.478
faction,0.43,0.448,0.469
evens,0.43,0.457,0.592
forgiveness,0.43,0.471,0.667
monoxide,0.43,0.49,0.433
procrastination,0.43,0.491,0.323
proportions,0.43,0.5,0.625
decompress,0.43,0.509,0.438
wizard,0.43,0.526,0.656
attributable,0.43,0.527,0.704
stare,0.43,0.538,0.541
tolerate,0.43,0.588,0.724
start,0.43,0.589,0.684
avail,0.43,0.603,0.8
morals,0.43,0.611,0.646
fleet,0.43,0.623,0.547
narrator,0.43,0.623,0.673
calculating,0.43,0.625,0.458
parental,0.43,0.627,0.76
dealership,0.43,0.629,0.541
refined,0.43,0.653,0.85
prevalent,0.43,0.669,0.694
customer,0.43,0.673,0.562
therapist,0.43,0.679,0.468
illustrate,0.43,0.69,0.75
stalwart,0.43,0.691,0.812
proverbial,0.43,0.697,0.583
deacon,0.43,0.736,0.531
tradition,0.43,0.75,0.83
fundamentalist,0.43,0.759,0.49
royal,0.43,0.759,0.796
officer,0.43,0.877,0.542
knowledge,0.43,0.896,0.847
careless,0.431,0.125,0.255
sick,0.431,0.136,0.104
taffy,0.431,0.204,0.448
unappreciated,0.431,0.209,0.143
insufficiency,0.431,0.21,0.115
limitation,0.431,0.225,0.19
pus,0.431,0.226,0.135
inconsistent,0.431,0.295,0.271
unreal,0.431,0.296,0.173
insolvency,0.431,0.3,0.323
bowling,0.431,0.309,0.656
tot,0.431,0.311,0.602
diffuse,0.431,0.321,0.43
bayou,0.431,0.324,0.469
infant,0.431,0.328,0.802
dun,0.431,0.339,0.458
mri,0.431,0.349,0.365
sweeping,0.431,0.355,0.344
fluffy,0.431,0.356,0.781
photography,0.431,0.36,0.63
flanked,0.431,0.368,0.333
nincompoop,0.431,0.368,0.365
obsolescence,0.431,0.377,0.25
kebab,0.431,0.377,0.531
soc,0.431,0.38,0.427
wen,0.431,0.38,0.438
stoopid,0.431,0.382,0.28
crypt,0.431,0.386,0.156
cancellation,0.431,0.389,0.224
jazzy,0.431,0.389,0.725
jockstrap,0.431,0.39,0.347
spareribs,0.431,0.395,0.635
hover,0.431,0.404,0.51
wis,0.431,0.406,0.51
esprit,0.431,0.407,0.552
panhandle,0.431,0.414,0.441
assumption,0.431,0.417,0.479
reminiscing,0.431,0.418,0.688
series,0.431,0.42,0.622
green pepper,0.431,0.425,0.5
tack,0.431,0.431,0.365
nursemaid,0.431,0.436,0.615
suv,0.431,0.446,0.552
hap,0.431,0.453,0.503
emulsion,0.431,0.453,0.562
geeky,0.431,0.454,0.479
microphone,0.431,0.462,0.551
pitch,0.431,0.465,0.521
paragon,0.431,0.473,0.49
theism,0.431,0.481,0.46
probative,0.431,0.483,0.5
doublet,0.431,0.5,0.42
mandible,0.431,0.5,0.51
depositary,0.431,0.5,0.604
differently,0.431,0.506,0.48
deutschmark,0.431,0.509,0.439
graphics,0.431,0.509,0.542
honey,0.431,0.51,0.92
precinct,0.431,0.527,0.375
elliptic,0.431,0.528,0.5
hindsight,0.431,0.532,0.333
visualize,0.431,0.537,0.635
summarily,0.431,0.543,0.469
keynote,0.431,0.545,0.63
calls,0.431,0.551,0.608
penicillin,0.431,0.566,0.417
immutable,0.431,0.571,0.427
workplace,0.431,0.583,0.592
pronunciation,0.431,0.588,0.531
dedicate,0.431,0.588,0.823
holiday,0.431,0.593,0.948
conversational,0.431,0.596,0.719
highlands,0.431,0.596,0.735
presence,0.431,0.607,0.874
savings,0.431,0.608,0.776
delegation,0.431,0.609,0.562
inflated,0.431,0.617,0.303
geologist,0.431,0.625,0.594
commutation,0.431,0.652,0.469
steering,0.431,0.66,0.58
tradesman,0.431,0.664,0.531
editor,0.431,0.673,0.772
sculptor,0.431,0.694,0.653
objectivity,0.431,0.711,0.765
confidentiality,0.431,0.718,0.667
consistent,0.431,0.726,0.786
corroboration,0.431,0.733,0.625
validate,0.431,0.745,0.76
preserve,0.431,0.755,0.837
veteran,0.431,0.759,0.56
faculties,0.431,0.76,0.643
united,0.431,0.783,0.781
sanctification,0.431,0.816,0.77
finance,0.431,0.843,0.753
reliance,0.431,0.853,0.844
juridical,0.431,0.873,0.52
precision,0.431,0.875,0.677
warrants,0.431,0.881,0.562
myth,0.432,0.338,0.458
coffin,0.432,0.343,0.073
metrology,0.432,0.439,0.531
mach,0.432,0.463,0.541
farmer,0.432,0.464,0.677
tongue,0.432,0.482,0.542
wallet,0.432,0.5,0.68
plural,0.432,0.564,0.56
compose,0.432,0.694,0.639
indication,0.432,0.75,0.719
furlough,0.432,0.772,0.531
judicious,0.432,0.772,0.63
undecided,0.433,0.127,0.286
unqualified,0.433,0.173,0.17
inattention,0.433,0.188,0.208
unequal,0.433,0.202,0.118
degraded,0.433,0.205,0.167
unworthy,0.433,0.226,0.194
hazy,0.433,0.23,0.45
fatigued,0.433,0.245,0.146
unethical,0.433,0.269,0.104
puppet,0.433,0.298,0.459
avoiding,0.433,0.309,0.457
bassoon,0.433,0.31,0.5
hee,0.433,0.312,0.43
timeout,0.433,0.322,0.344
hohoho,0.433,0.33,0.677
ditty,0.433,0.334,0.47
subdivide,0.433,0.348,0.538
pied,0.433,0.35,0.594
unusual,0.433,0.361,0.429
mimicking,0.433,0.364,0.316
mandolin,0.433,0.367,0.708
peri,0.433,0.37,0.448
floater,0.433,0.37,0.48
glib,0.433,0.381,0.438
noggin,0.433,0.382,0.51
splat,0.433,0.385,0.51
smear,0.433,0.4,0.23
strait,0.433,0.412,0.438
star fruit,0.433,0.427,0.701
oscillation,0.433,0.431,0.562
cumulus,0.433,0.432,0.57
folk,0.433,0.432,0.663
placenta,0.433,0.443,0.375
package,0.433,0.443,0.571
dioxide,0.433,0.456,0.354
virgin,0.433,0.462,0.622
finally,0.433,0.465,0.583
grandchild,0.433,0.465,0.781
pentagram,0.433,0.466,0.51
triage,0.433,0.479,0.398
probable,0.433,0.481,0.583
spoke,0.433,0.483,0.635
bran,0.433,0.483,0.688
cue,0.433,0.484,0.521
millstone,0.433,0.492,0.51
timer,0.433,0.5,0.469
genre,0.433,0.5,0.52
features,0.433,0.509,0.667
statuette,0.433,0.518,0.677
proximate,0.433,0.519,0.667
track,0.433,0.526,0.448
obey,0.433,0.533,0.677
infuser,0.433,0.536,0.469
bison,0.433,0.557,0.573
mechanic,0.433,0.566,0.571
gallery,0.433,0.569,0.659
mountains,0.433,0.569,0.766
thigh,0.433,0.588,0.469
wanting,0.433,0.593,0.76
thick,0.433,0.596,0.449
pragmatic,0.433,0.637,0.573
demeanor,0.433,0.657,0.633
automatic,0.433,0.664,0.562
observation,0.433,0.667,0.633
promulgate,0.433,0.678,0.511
necessary,0.433,0.679,0.75
preferable,0.433,0.687,0.806
explanatory,0.433,0.688,0.573
preceptor,0.433,0.724,0.521
completeness,0.433,0.769,0.823
steadfast,0.433,0.8,0.771
represent,0.433,0.861,0.781
plover,0.434,0.191,0.439
depressive,0.434,0.202,0.143
tadpole,0.434,0.218,0.35
retards,0.434,0.218,0.362
round,0.434,0.311,0.552
nondescript,0.434,0.348,0.49
regressive,0.434,0.363,0.302
brevity,0.434,0.375,0.459
hypnotized,0.434,0.38,0.449
lady bug,0.434,0.381,0.49
expiry,0.434,0.382,0.194
wiener,0.434,0.391,0.594
melody,0.434,0.405,0.847
landfall,0.434,0.407,0.521
skit,0.434,0.421,0.438
devolution,0.434,0.425,0.345
congenital,0.434,0.427,0.448
wintry,0.434,0.445,0.448
winch,0.434,0.449,0.385
prone,0.434,0.454,0.415
turnpike,0.434,0.462,0.459
sprinkler,0.434,0.473,0.51
terminal,0.434,0.483,0.316
symptomatic,0.434,0.491,0.367
messenger,0.434,0.5,0.694
vertebral,0.434,0.525,0.308
frontal,0.434,0.526,0.459
uninterrupted,0.434,0.527,0.5
coalesce,0.434,0.529,0.479
settlor,0.434,0.534,0.531
longing,0.434,0.56,0.604
muses,0.434,0.571,0.714
muscular,0.434,0.577,0.531
particularity,0.434,0.586,0.67
endearing,0.434,0.604,0.663
sympathetic,0.434,0.609,0.796
dear,0.434,0.629,0.88
godisgood,0.434,0.63,0.74
works,0.434,0.657,0.776
rendering,0.434,0.667,0.531
instruction,0.434,0.736,0.656
perpetuity,0.434,0.759,0.59
economy,0.434,0.771,0.583
erudite,0.434,0.774,0.719
tactic,0.434,0.798,0.531
kneeling,0.435,0.144,0.245
scruffy,0.435,0.176,0.194
cairn,0.435,0.254,0.26
caddie,0.435,0.259,0.521
deformed,0.435,0.308,0.198
denial,0.435,0.318,0.194
raccoon,0.435,0.32,0.541
sharpener,0.435,0.327,0.532
mincemeat,0.435,0.358,0.396
spaniel,0.435,0.385,0.561
incubator,0.435,0.405,0.51
serrated,0.435,0.418,0.388
duct,0.435,0.43,0.449
hubby,0.435,0.43,0.548
slide,0.435,0.432,0.615
dojo,0.435,0.455,0.5
checkup,0.435,0.491,0.5
hale,0.435,0.5,0.479
yen,0.435,0.508,0.51
moment,0.435,0.509,0.604
phonetic,0.435,0.536,0.542
nitrogen,0.435,0.562,0.427
pharmaceutical,0.435,0.562,0.5
cruciate,0.435,0.585,0.429
origin,0.435,0.591,0.729
respond,0.435,0.594,0.573
translation,0.435,0.598,0.633
offspring,0.435,0.6,0.656
assist,0.435,0.629,0.833
mathematics,0.435,0.664,0.438
legislature,0.435,0.698,0.54
conformation,0.435,0.711,0.622
programming,0.435,0.732,0.6
guardhouse,0.435,0.77,0.51
saddens,0.436,0.144,0.104
daft,0.436,0.157,0.255
devoid,0.436,0.3,0.219
unscheduled,0.436,0.3,0.312
conceal,0.436,0.306,0.312
jalopy,0.436,0.337,0.396
casein,0.436,0.415,0.47
nightfall,0.436,0.426,0.49
combinatorial,0.436,0.428,0.561
catwalk,0.436,0.464,0.698
leniency,0.436,0.545,0.517
received,0.436,0.561,0.646
distillation,0.436,0.575,0.396
mend,0.436,0.602,0.542
deserve,0.436,0.613,0.802
idealism,0.436,0.689,0.635
true,0.436,0.777,0.896
catch,0.437,0.552,0.531
tempered,0.437,0.667,0.583
ideal,0.437,0.736,0.802
slump,0.438,0.13,0.194
tic,0.438,0.25,0.271
needtorelax,0.438,0.274,0.673
slope,0.438,0.279,0.347
muss,0.438,0.302,0.418
ladder,0.438,0.358,0.56
repetitive,0.438,0.362,0.32
lighten,0.438,0.362,0.688
detract,0.438,0.368,0.344
eschew,0.438,0.37,0.184
zap,0.438,0.371,0.385
hotdog,0.438,0.373,0.72
bubbling,0.438,0.384,0.5
greenhouse,0.438,0.384,0.719
fluted,0.438,0.389,0.438
lair,0.438,0.392,0.469
mongrel,0.438,0.395,0.425
moonstruck,0.438,0.407,0.583
margarita,0.438,0.42,0.75
nouveau,0.438,0.432,0.633
comatose,0.438,0.433,0.143
embankment,0.438,0.436,0.677
benedictory,0.438,0.481,0.677
keystone,0.438,0.491,0.573
canterbury,0.438,0.51,0.582
infirmary,0.438,0.517,0.5
spar,0.438,0.536,0.417
helper,0.438,0.567,0.704
sufficiency,0.438,0.576,0.594
mediator,0.438,0.58,0.592
occupier,0.438,0.6,0.427
sprite,0.438,0.625,0.561
cosmology,0.438,0.637,0.651
sanctum,0.438,0.657,0.521
continually,0.438,0.698,0.646
obtain,0.438,0.731,0.76
perpetual,0.438,0.741,0.625
commemorative,0.438,0.754,0.75
companionship,0.438,0.792,0.833
louse,0.439,0.154,0.184
disposable,0.439,0.25,0.271
discontinuity,0.439,0.25,0.303
fart,0.439,0.264,0.194
unattached,0.439,0.283,0.192
snuggled,0.439,0.314,0.552
sink,0.439,0.322,0.375
runny,0.439,0.325,0.54
widowed,0.439,0.333,0.205
sinking,0.439,0.342,0.135
stairs,0.439,0.342,0.51
crow,0.439,0.363,0.224
outward,0.439,0.365,0.449
spice,0.439,0.384,0.594
weightloss,0.439,0.393,0.57
heels,0.439,0.396,0.5
drape,0.439,0.404,0.417
unlike,0.439,0.418,0.439
hemp,0.439,0.422,0.469
orphanage,0.439,0.425,0.184
blurt,0.439,0.441,0.408
occlusion,0.439,0.442,0.306
riveted,0.439,0.443,0.385
combo,0.439,0.453,0.698
photon,0.439,0.455,0.459
inherent,0.439,0.48,0.562
kilometer,0.439,0.485,0.49
touching,0.439,0.491,0.76
curtail,0.439,0.497,0.306
coo,0.439,0.5,0.49
bugged,0.439,0.5,0.561
medication,0.439,0.5,0.615
sidekick,0.439,0.509,0.602
pawnshop,0.439,0.519,0.396
cortex,0.439,0.529,0.594
flint,0.439,0.536,0.521
logarithm,0.439,0.551,0.52
require,0.439,0.56,0.398
kaleidoscope,0.439,0.58,0.615
unison,0.439,0.583,0.51
praxis,0.439,0.593,0.438
retailer,0.439,0.595,0.708
clinic,0.439,0.6,0.469
autocorrect,0.439,0.616,0.551
upwards,0.439,0.638,0.724
tense,0.439,0.655,0.396
reunited,0.439,0.658,0.708
recommend,0.439,0.672,0.812
broach,0.439,0.675,0.438
save,0.439,0.682,0.77
continuity,0.439,0.684,0.781
mythology,0.439,0.688,0.684
sociology,0.439,0.694,0.615
maturation,0.439,0.698,0.612
gentleman,0.439,0.712,0.823
springtime,0.439,0.722,0.837
requirement,0.439,0.728,0.51
concentrate,0.439,0.743,0.75
corona,0.439,0.745,0.818
unified,0.439,0.764,0.729
attribute,0.439,0.795,0.781
confirm,0.439,0.806,0.802
constitutionality,0.439,0.853,0.612
homeland,0.439,0.868,0.663
unconsciousness,0.44,0.121,0.177
limp,0.44,0.172,0.393
brat,0.44,0.231,0.312
clammy,0.44,0.236,0.354
unnoticed,0.44,0.26,0.302
temp,0.44,0.314,0.49
fruitcake,0.44,0.357,0.865
guinea,0.44,0.396,0.521
effigy,0.44,0.401,0.51
prom,0.44,0.404,0.527
tweed,0.44,0.412,0.51
ellipsoid,0.44,0.419,0.5
gopher,0.44,0.421,0.449
mignon,0.44,0.423,0.551
celluloid,0.44,0.425,0.469
pow,0.44,0.426,0.375
jag,0.44,0.427,0.408
beau,0.44,0.432,0.612
darkened,0.44,0.452,0.135
shipment,0.44,0.452,0.582
bore,0.44,0.455,0.417
reside,0.44,0.455,0.451
elapse,0.44,0.455,0.514
ask,0.44,0.459,0.531
boarder,0.44,0.475,0.604
vesicular,0.44,0.483,0.214
skeptic,0.44,0.5,0.135
consignment,0.44,0.5,0.49
continued,0.44,0.5,0.635
sunbeam,0.44,0.505,0.729
benign,0.44,0.509,0.694
usher,0.44,0.519,0.521
visiting,0.44,0.519,0.729
pharmacology,0.44,0.526,0.56
molecular,0.44,0.536,0.495
heartfelt,0.44,0.54,0.904
factual,0.44,0.545,0.656
secularism,0.44,0.559,0.367
tar,0.44,0.57,0.438
stroke,0.44,0.57,0.562
recital,0.44,0.572,0.838
unobstructed,0.44,0.573,0.583
coating,0.44,0.596,0.62
inhabiting,0.44,0.598,0.458
saga,0.44,0.6,0.635
conclave,0.44,0.611,0.573
stewardship,0.44,0.617,0.551
wages,0.44,0.62,0.776
centenary,0.44,0.642,0.604
wreath,0.44,0.66,0.745
viaduct,0.44,0.662,0.42
resilience,0.44,0.667,0.531
duke,0.44,0.669,0.667
countess,0.44,0.67,0.562
sync,0.44,0.67,0.802
utterly,0.44,0.673,0.633
neutron,0.44,0.679,0.469
countenance,0.44,0.69,0.635
centralization,0.44,0.702,0.521
retrieval,0.44,0.704,0.7
behavioral,0.44,0.708,0.612
diagnostics,0.44,0.75,0.54
lighting,0.44,0.75,0.765
legalized,0.44,0.855,0.76
consolidate,0.44,0.87,0.88
independent,0.44,0.872,0.885
unpopular,0.441,0.164,0.073
unresolved,0.441,0.173,0.135
unrequited,0.441,0.179,0.143
sloppy,0.441,0.183,0.303
mournful,0.441,0.188,0.18
babble,0.441,0.204,0.552
sheepish,0.441,0.205,0.326
mouse,0.441,0.206,0.427
neglecting,0.441,0.23,0.177
popcorn,0.441,0.231,0.875
urination,0.441,0.232,0.271
undesired,0.441,0.235,0.156
dice,0.441,0.264,0.458
graveyard,0.441,0.272,0.041
wrap,0.441,0.275,0.594
cornice,0.441,0.295,0.458
tombstone,0.441,0.311,0.204
weeping willow,0.441,0.312,0.344
paraplegic,0.441,0.321,0.188
unmanned,0.441,0.324,0.235
paring,0.441,0.324,0.429
tarnish,0.441,0.342,0.204
smelt,0.441,0.345,0.333
disappear,0.441,0.35,0.143
disbelieve,0.441,0.352,0.188
drained,0.441,0.352,0.31
crosswalk,0.441,0.38,0.557
barbershop,0.441,0.382,0.597
nohope,0.441,0.385,0.2
quad,0.441,0.391,0.52
marshmallow,0.441,0.391,0.74
bluegrass,0.441,0.395,0.573
lasagna,0.441,0.396,0.719
squaw,0.441,0.398,0.428
gouge,0.441,0.4,0.396
unplug,0.441,0.404,0.239
bookmark,0.441,0.415,0.543
corned,0.441,0.425,0.459
posthumous,0.441,0.43,0.232
kaput,0.441,0.44,0.281
lowdown,0.441,0.441,0.306
go,0.441,0.444,0.51
hypodermic,0.441,0.445,0.24
burke,0.441,0.451,0.466
truce,0.441,0.453,0.688
kin,0.441,0.457,0.543
diorama,0.441,0.462,0.592
catchy,0.441,0.462,0.677
fibrous,0.441,0.464,0.48
weighing,0.441,0.468,0.449
pending,0.441,0.473,0.396
discernible,0.441,0.481,0.427
buoyant,0.441,0.497,0.625
euro,0.441,0.521,0.68
telling,0.441,0.527,0.719
polygonal,0.441,0.528,0.427
cordless,0.441,0.528,0.667
quicksilver,0.441,0.529,0.417
cross country,0.441,0.529,0.531
battlements,0.441,0.53,0.276
purely,0.441,0.536,0.684
showroom,0.441,0.536,0.74
regalia,0.441,0.556,0.76
breed,0.441,0.578,0.49
axiom,0.441,0.583,0.439
conditions,0.441,0.593,0.551
beseech,0.441,0.6,0.33
gratitude,0.441,0.61,0.885
condone,0.441,0.619,0.571
feelgood,0.441,0.621,0.99
irons,0.441,0.625,0.531
dialogue,0.441,0.625,0.599
disposed,0.441,0.625,0.688
workmanship,0.441,0.627,0.694
resort,0.441,0.632,0.573
resultant,0.441,0.637,0.67
fitting,0.441,0.638,0.612
illustration,0.441,0.64,0.74
helmsman,0.441,0.647,0.49
lifted,0.441,0.657,0.714
understood,0.441,0.686,0.78
impart,0.441,0.694,0.521
praised,0.441,0.721,0.95
unhindered,0.441,0.725,0.729
furtherance,0.441,0.727,0.698
wellness,0.441,0.73,0.969
credible,0.441,0.75,0.917
fundamentally,0.441,0.759,0.653
countryman,0.441,0.789,0.673
proprietorship,0.441,0.807,0.667
brain,0.441,0.823,0.667
shapely,0.441,0.83,0.771
knight,0.441,0.835,0.78
respected,0.441,0.853,0.908
controlling,0.441,0.885,0.49
minister,0.441,0.892,0.547
hapless,0.442,0.193,0.271
childish,0.442,0.23,0.573
decomposed,0.442,0.231,0.073
incompletely,0.442,0.232,0.344
asunder,0.442,0.259,0.208
stubble,0.442,0.264,0.333
curd,0.442,0.278,0.542
greasy,0.442,0.294,0.399
mop,0.442,0.296,0.396
regress,0.442,0.3,0.255
hick,0.442,0.314,0.357
gullible,0.442,0.318,0.44
parasite,0.442,0.324,0.092
iffy,0.442,0.333,0.38
sneeze,0.442,0.336,0.271
inconclusive,0.442,0.34,0.153
gimp,0.442,0.342,0.469
cleft,0.442,0.36,0.306
disinclined,0.442,0.364,0.385
racking,0.442,0.375,0.411
chambers,0.442,0.388,0.542
bathrobe,0.442,0.394,0.531
piper,0.442,0.398,0.569
obi,0.442,0.414,0.469
avoid,0.442,0.415,0.427
bulbous,0.442,0.43,0.39
aversation,0.442,0.432,0.582
collar,0.442,0.446,0.656
thrice,0.442,0.462,0.469
hemostat,0.442,0.464,0.388
cytoplasm,0.442,0.474,0.378
shutit,0.442,0.48,0.281
baffle,0.442,0.482,0.344
paradox,0.442,0.482,0.417
roving,0.442,0.491,0.583
placard,0.442,0.5,0.388
bonding,0.442,0.509,0.594
praying mantis,0.442,0.51,0.479
wavelength,0.442,0.516,0.604
engrave,0.442,0.517,0.486
website,0.442,0.526,0.615
steamer,0.442,0.528,0.51
sheepdog,0.442,0.529,0.684
combine,0.442,0.533,0.663
midtown,0.442,0.538,0.479
prerogative,0.442,0.538,0.521
hike,0.442,0.538,0.615
longtime,0.442,0.546,0.362
layout,0.442,0.557,0.615
unveil,0.442,0.562,0.439
reported,0.442,0.567,0.418
commutative,0.442,0.569,0.667
headgear,0.442,0.571,0.542
mason,0.442,0.58,0.541
reconsider,0.442,0.582,0.448
unlock,0.442,0.592,0.582
intonation,0.442,0.598,0.615
tutelage,0.442,0.609,0.393
nice,0.442,0.65,0.93
trustee,0.442,0.658,0.531
preceding,0.442,0.663,0.456
preventative,0.442,0.682,0.65
cruise,0.442,0.683,0.74
upkeep,0.442,0.685,0.59
biogenesis,0.442,0.697,0.594
prospect,0.442,0.698,0.733
assurance,0.442,0.704,0.675
unchangeable,0.442,0.709,0.375
toleration,0.442,0.727,0.776
assertion,0.442,0.75,0.74
categorical,0.442,0.76,0.615
valor,0.442,0.763,0.833
formative,0.442,0.8,0.688
behavior,0.442,0.813,0.594
disabled,0.443,0.235,0.308
piglet,0.443,0.25,0.54
discourage,0.443,0.267,0.184
hobo,0.443,0.282,0.323
hideout,0.443,0.302,0.337
kosher,0.443,0.312,0.469
bisque,0.443,0.312,0.693
heifer,0.443,0.321,0.439
lug,0.443,0.34,0.344
gules,0.443,0.34,0.469
retract,0.443,0.358,0.316
sunglasses,0.443,0.364,0.844
twerp,0.443,0.384,0.408
sciatica,0.443,0.393,0.286
needalife,0.443,0.394,0.49
doughboy,0.443,0.396,0.365
condolence,0.443,0.404,0.26
clarion,0.443,0.422,0.5
disbursement,0.443,0.435,0.24
corkscrew,0.443,0.445,0.427
visit,0.443,0.445,0.771
meander,0.443,0.454,0.48
ware,0.443,0.455,0.604
comparable,0.443,0.458,0.562
rowing,0.443,0.467,0.458
rectum,0.443,0.491,0.438
byzantine,0.443,0.492,0.546
culinary,0.443,0.519,0.654
remover,0.443,0.526,0.337
pinpoint,0.443,0.528,0.583
hospice,0.443,0.535,0.337
fertilize,0.443,0.542,0.708
perimeter,0.443,0.555,0.47
china,0.443,0.556,0.561
configuration,0.443,0.591,0.54
carve,0.443,0.598,0.469
interstate,0.443,0.6,0.52
origination,0.443,0.604,0.76
eulogy,0.443,0.667,0.625
gala,0.443,0.679,0.755
mystical,0.443,0.689,0.594
generosity,0.443,0.692,0.958
expediency,0.443,0.703,0.604
totality,0.443,0.717,0.688
constancy,0.443,0.763,0.786
sanctify,0.443,0.783,0.673
nation,0.443,0.821,0.594
virtue,0.443,0.827,0.896
quality,0.443,0.852,0.896
mumble,0.444,0.245,0.292
flickering,0.444,0.289,0.49
fictitious,0.444,0.293,0.224
understaffed,0.444,0.302,0.148
snowball,0.444,0.321,0.717
goober,0.444,0.342,0.469
churchyard,0.444,0.347,0.296
undo,0.444,0.349,0.365
finch,0.444,0.358,0.438
jean,0.444,0.364,0.602
portico,0.444,0.366,0.521
carving,0.444,0.368,0.541
subcutaneous,0.444,0.376,0.396
jiffy,0.444,0.38,0.41
hook,0.444,0.395,0.418
promenade,0.444,0.425,0.837
outdoors,0.444,0.453,0.781
cargo,0.444,0.455,0.408
saxophone,0.444,0.482,0.688
redecorate,0.444,0.49,0.602
probe,0.444,0.512,0.398
poignant,0.444,0.518,0.646
offload,0.444,0.525,0.479
wireless,0.444,0.537,0.635
scepticism,0.444,0.55,0.292
marquis,0.444,0.562,0.521
refinery,0.444,0.565,0.646
straightway,0.444,0.565,0.667
specimen,0.444,0.568,0.531
report,0.444,0.575,0.583
pact,0.444,0.593,0.442
systematic,0.444,0.594,0.617
ingot,0.444,0.615,0.688
conjunctive,0.444,0.639,0.487
justification,0.444,0.661,0.622
evident,0.444,0.664,0.633
visibility,0.444,0.676,0.75
represented,0.444,0.688,0.724
reconstructive,0.444,0.722,0.596
teaching,0.444,0.736,0.822
solidity,0.444,0.85,0.745
congress,0.444,0.857,0.449
depressed,0.445,0.136,0.024
burnout,0.445,0.24,0.219
no trust,0.445,0.257,0.055
granddaughter,0.445,0.389,0.823
galley,0.445,0.412,0.52
unrepentant,0.445,0.413,0.24
parcels,0.445,0.418,0.551
dredge,0.445,0.444,0.427
quartile,0.445,0.445,0.438
underlying,0.445,0.452,0.48
druid,0.445,0.481,0.517
refuel,0.445,0.5,0.592
stylist,0.445,0.5,0.76
emit,0.445,0.51,0.638
cautious,0.445,0.517,0.47
utilize,0.445,0.545,0.694
believer,0.445,0.564,0.725
freighter,0.445,0.58,0.406
decryption,0.445,0.6,0.459
chronological,0.445,0.6,0.594
explication,0.445,0.602,0.51
shopping,0.445,0.63,0.915
coop,0.445,0.65,0.612
innumerable,0.445,0.704,0.667
ownership,0.445,0.741,0.628
consolidation,0.445,0.776,0.604
praiseworthy,0.445,0.788,0.875
heredity,0.445,0.818,0.704
palsy,0.446,0.221,0.083
remand,0.446,0.318,0.245
dweeb,0.446,0.327,0.354
unglued,0.446,0.352,0.378
squamous,0.446,0.418,0.344
raven,0.446,0.426,0.479
furlong,0.446,0.431,0.418
disdain,0.446,0.441,0.153
found,0.446,0.49,0.833
thankyougod,0.446,0.651,0.9
atheist,0.447,0.377,0.225
deactivate,0.447,0.392,0.235
recon,0.447,0.4,0.5
centurion,0.447,0.696,0.59
distributor,0.447,0.718,0.702
honored,0.447,0.732,0.938
vision,0.447,0.742,0.708
industry,0.447,0.836,0.65
professional,0.447,0.943,0.833
scampi,0.448,0.224,0.531
unauthorized,0.448,0.259,0.26
glitch,0.448,0.269,0.444
lodger,0.448,0.304,0.48
doubts,0.448,0.305,0.306
zebra,0.448,0.314,0.567
waist,0.448,0.351,0.542
groove,0.448,0.361,0.552
bowels,0.448,0.362,0.194
oral,0.448,0.375,0.53
traces,0.448,0.389,0.482
bier,0.448,0.407,0.497
imp,0.448,0.42,0.35
neighbor,0.448,0.434,0.657
silicon,0.448,0.445,0.439
deli,0.448,0.447,0.561
gazelle,0.448,0.46,0.669
roads,0.448,0.496,0.677
submit,0.448,0.5,0.635
civilians,0.448,0.525,0.49
regulatory,0.448,0.528,0.531
reins,0.448,0.545,0.48
collate,0.448,0.58,0.438
nave,0.448,0.585,0.583
unexplainable,0.448,0.61,0.26
convenience,0.448,0.613,0.781
volunteers,0.448,0.63,0.82
reasonableness,0.448,0.665,0.729
ultraviolet,0.448,0.673,0.604
patriarch,0.448,0.898,0.592
underprivileged,0.449,0.172,0.167
recede,0.449,0.245,0.231
monkey,0.449,0.283,0.548
untrustworthy,0.449,0.287,0.097
pickle,0.449,0.288,0.593
pigskin,0.449,0.3,0.347
stranger,0.449,0.302,0.33
susceptible,0.449,0.304,0.438
divested,0.449,0.311,0.333
lycra,0.449,0.328,0.52
contrary,0.449,0.338,0.327
outcast,0.449,0.353,0.153
mangle,0.449,0.355,0.292
badday,0.449,0.373,0.327
backhand,0.449,0.39,0.427
fiddle,0.449,0.391,0.571
embellishment,0.449,0.405,0.673
mammal,0.449,0.421,0.618
teriyaki,0.449,0.431,0.646
randomness,0.449,0.433,0.418
peacock,0.449,0.458,0.786
pathos,0.449,0.462,0.35
baseman,0.449,0.462,0.604
draw,0.449,0.481,0.704
envision,0.449,0.483,0.625
iteration,0.449,0.486,0.531
craig,0.449,0.49,0.448
journalistic,0.449,0.495,0.696
sidecar,0.449,0.5,0.552
reentry,0.449,0.5,0.604
sender,0.449,0.509,0.542
pulpit,0.449,0.517,0.469
brass knuckle,0.449,0.518,0.406
reprint,0.449,0.527,0.51
collaborate,0.449,0.559,0.816
crystallization,0.449,0.565,0.6
hemispheric,0.449,0.603,0.562
fill,0.449,0.637,0.729
thanksgiving,0.449,0.637,0.927
feelinggood,0.449,0.655,0.94
psychological,0.449,0.66,0.406
teammate,0.449,0.66,0.865
naval,0.449,0.679,0.542
include,0.449,0.702,0.729
biochemist,0.449,0.717,0.471
pleasing,0.449,0.788,0.917
indispensable,0.449,0.802,0.71
chosen,0.449,0.833,0.865
executive,0.449,0.894,0.704
owner,0.449,0.92,0.776
commissioner,0.449,0.949,0.602
unprepared,0.45,0.152,0.204
homeless,0.45,0.188,0.042
dismal,0.45,0.192,0.194
sewerage,0.45,0.198,0.208
unknown,0.45,0.204,0.357
unsupported,0.45,0.221,0.26
inadequate,0.45,0.223,0.122
unfavorable,0.45,0.232,0.133
cowl,0.45,0.232,0.427
sulphur,0.45,0.233,0.26
inaccurate,0.45,0.25,0.135
widow,0.45,0.265,0.25
swipe,0.45,0.266,0.573
mascara,0.45,0.269,0.575
chinchilla,0.45,0.286,0.48
oink,0.45,0.289,0.5
pickled,0.45,0.291,0.344
expecting,0.45,0.302,0.561
sortie,0.45,0.311,0.49
misplaced,0.45,0.324,0.247
slouch,0.45,0.328,0.365
pork,0.45,0.333,0.37
gravy,0.45,0.339,0.608
microbe,0.45,0.34,0.255
chatter,0.45,0.347,0.56
launder,0.45,0.349,0.479
ratty,0.45,0.358,0.354
comp,0.45,0.371,0.573
intestine,0.45,0.38,0.343
shaver,0.45,0.392,0.418
aver,0.45,0.393,0.492
evermore,0.45,0.403,0.677
forsooth,0.45,0.406,0.49
transitory,0.45,0.407,0.438
transferred,0.45,0.409,0.48
daymade,0.45,0.417,0.646
lathe,0.45,0.425,0.51
fluke,0.45,0.432,0.446
byline,0.45,0.435,0.469
jack,0.45,0.441,0.487
suburban,0.45,0.453,0.439
peculiarly,0.45,0.454,0.615
grinding,0.45,0.461,0.415
shorthand,0.45,0.461,0.459
peerless,0.45,0.462,0.688
inhibitor,0.45,0.471,0.281
dosage,0.45,0.49,0.344
husky,0.45,0.49,0.63
contiguous,0.45,0.5,0.375
shanghai,0.45,0.509,0.551
godfather,0.45,0.509,0.694
ontology,0.45,0.518,0.51
coincidence,0.45,0.518,0.612
gist,0.45,0.519,0.622
script,0.45,0.527,0.61
ponderous,0.45,0.534,0.29
truckload,0.45,0.534,0.48
ecumenical,0.45,0.547,0.561
respiratory,0.45,0.552,0.5
cyclical,0.45,0.554,0.38
heterogeneity,0.45,0.556,0.439
shuffle,0.45,0.556,0.459
instance,0.45,0.558,0.547
reset,0.45,0.574,0.49
formula,0.45,0.585,0.521
rehab,0.45,0.593,0.531
veterinary,0.45,0.603,0.656
procedural,0.45,0.611,0.5
helm,0.45,0.615,0.511
client,0.45,0.618,0.583
fit,0.45,0.632,0.604
figurative,0.45,0.634,0.479
planter,0.45,0.634,0.604
materiality,0.45,0.636,0.417
assembled,0.45,0.644,0.663
correctness,0.45,0.649,0.796
computerized,0.45,0.657,0.677
voluminous,0.45,0.658,0.561
compatibility,0.45,0.673,0.816
peopled,0.45,0.679,0.594
genuine,0.45,0.685,0.875
provision,0.45,0.692,0.75
notable,0.45,0.696,0.76
mindful,0.45,0.725,0.765
disciplined,0.45,0.75,0.728
fully,0.45,0.779,0.763
unquestionable,0.45,0.843,0.469
bum,0.451,0.155,0.281
rancid,0.451,0.214,0.156
destitute,0.451,0.222,0.13
incompleteness,0.451,0.234,0.271
needy,0.451,0.245,0.36
setback,0.451,0.25,0.198
misty,0.451,0.278,0.427
weenie,0.451,0.284,0.406
chump,0.451,0.304,0.375
wistful,0.451,0.312,0.323
cookies,0.451,0.316,0.823
haye,0.451,0.336,0.615
sump,0.451,0.34,0.365
lenient,0.451,0.34,0.52
cirrus,0.451,0.348,0.47
klutz,0.451,0.356,0.275
gap,0.451,0.357,0.396
supposing,0.451,0.357,0.449
dinky,0.451,0.358,0.357
zilch,0.451,0.361,0.409
expense,0.451,0.377,0.317
corse,0.451,0.382,0.448
mick,0.451,0.382,0.449
severable,0.451,0.398,0.406
occasion,0.451,0.398,0.7
rehash,0.451,0.403,0.405
ebb,0.451,0.404,0.354
guesswork,0.451,0.405,0.417
balk,0.451,0.415,0.229
receptacle,0.451,0.426,0.5
polka,0.451,0.426,0.604
whittle,0.451,0.427,0.347
cursory,0.451,0.431,0.423
halter,0.451,0.431,0.448
dependence,0.451,0.433,0.25
rainy,0.451,0.433,0.61
checkers,0.451,0.437,0.676
countrymusic,0.451,0.438,0.795
neoprene,0.451,0.443,0.316
fiberglass,0.451,0.443,0.451
withhold,0.451,0.444,0.32
inferential,0.451,0.455,0.426
ilk,0.451,0.455,0.438
thankgod,0.451,0.466,0.823
nag,0.451,0.472,0.271
asymptotic,0.451,0.472,0.479
gage,0.451,0.473,0.552
justthebeginning,0.451,0.481,0.573
flamingo,0.451,0.482,0.667
daresay,0.451,0.49,0.54
onboard,0.451,0.491,0.612
elapsed,0.451,0.493,0.583
tenor,0.451,0.5,0.587
jaunt,0.451,0.5,0.808
honeysuckle,0.451,0.517,0.597
revert,0.451,0.519,0.38
physiology,0.451,0.519,0.521
encomium,0.451,0.519,0.541
woodsman,0.451,0.522,0.5
purebliss,0.451,0.526,0.625
position,0.451,0.538,0.604
some trust,0.451,0.547,0.594
rephrase,0.451,0.549,0.547
transposition,0.451,0.555,0.312
orbital,0.451,0.559,0.458
ventilation,0.451,0.568,0.719
plausibility,0.451,0.57,0.705
moderate anticipation,0.451,0.574,0.667
defended,0.451,0.582,0.663
cooperate,0.451,0.582,0.898
equalizer,0.451,0.586,0.604
patronize,0.451,0.591,0.43
extent,0.451,0.602,0.646
silver,0.451,0.615,0.684
lyrical,0.451,0.618,0.708
quack,0.451,0.625,0.53
vascular,0.451,0.627,0.516
retain,0.451,0.63,0.367
labored,0.451,0.637,0.646
sentiment,0.451,0.639,0.765
petroleum,0.451,0.64,0.583
franc,0.451,0.64,0.71
reiterate,0.451,0.655,0.422
materially,0.451,0.67,0.49
indicator,0.451,0.67,0.573
notary,0.451,0.676,0.541
identification,0.451,0.692,0.714
memorize,0.451,0.716,0.52
gentlemanly,0.451,0.72,0.918
enablement,0.451,0.75,0.6
prefect,0.451,0.809,0.698
savant,0.451,0.818,0.781
patron,0.451,0.87,0.583
toad,0.452,0.196,0.302
flunky,0.452,0.216,0.205
tardiness,0.452,0.26,0.296
undoing,0.452,0.298,0.219
woozy,0.452,0.306,0.177
wee,0.452,0.315,0.663
sepsis,0.452,0.327,0.229
quiver,0.452,0.335,0.32
caribou,0.452,0.342,0.562
curl,0.452,0.351,0.385
chipping,0.452,0.353,0.354
groin,0.452,0.364,0.296
filament,0.452,0.377,0.51
ram,0.452,0.388,0.406
wop,0.452,0.394,0.417
protozoa,0.452,0.402,0.35
seltzer,0.452,0.406,0.448
polio,0.452,0.409,0.296
icing,0.452,0.411,0.688
hock,0.452,0.412,0.513
barn,0.452,0.425,0.51
cashmere,0.452,0.439,0.653
calculate,0.452,0.44,0.49
croc,0.452,0.451,0.327
chandler,0.452,0.454,0.51
blend,0.452,0.463,0.469
rencontre,0.452,0.463,0.51
doubling,0.452,0.464,0.459
duplex,0.452,0.467,0.592
pendency,0.452,0.472,0.396
radiator,0.452,0.475,0.385
spectrometer,0.452,0.49,0.5
gringo,0.452,0.51,0.54
vicarious,0.452,0.517,0.479
complacent,0.452,0.518,0.625
volumes,0.452,0.52,0.552
foresee,0.452,0.522,0.583
epidural,0.452,0.525,0.347
dichotomous,0.452,0.538,0.365
cameraman,0.452,0.542,0.542
hive,0.452,0.544,0.471
correspond,0.452,0.545,0.71
ferryboat,0.452,0.553,0.594
elasticity,0.452,0.582,0.635
loved,0.452,0.582,0.927
healing,0.452,0.585,0.75
grounding,0.452,0.591,0.521
relic,0.452,0.591,0.646
blooming,0.452,0.593,0.86
assemblage,0.452,0.6,0.429
operatic,0.452,0.627,0.375
payment,0.452,0.643,0.629
solar,0.452,0.645,0.622
illustrative,0.452,0.647,0.771
peculiarity,0.452,0.652,0.439
retroactive,0.452,0.655,0.521
heavenly,0.452,0.712,0.844
feeder,0.452,0.713,0.604
journalist,0.452,0.732,0.542
contribution,0.452,0.76,0.854
purification,0.452,0.774,0.847
ordinance,0.452,0.776,0.615
sire,0.452,0.808,0.854
technological,0.452,0.815,0.68
omnipresent,0.452,0.825,0.688
civilization,0.452,0.839,0.823
paucity,0.453,0.175,0.153
misfire,0.453,0.2,0.153
shrink,0.453,0.272,0.385
bent,0.453,0.298,0.375
kid,0.453,0.298,0.76
ted,0.453,0.336,0.712
hash,0.453,0.355,0.344
scribble,0.453,0.358,0.429
deadbeat,0.453,0.368,0.229
ripple,0.453,0.37,0.5
cuff,0.453,0.387,0.469
waddle,0.453,0.388,0.49
refraining,0.453,0.404,0.418
voicemail,0.453,0.406,0.458
clarinet,0.453,0.411,0.592
douse,0.453,0.412,0.365
bing,0.453,0.415,0.573
reefer,0.453,0.421,0.5
caboose,0.453,0.438,0.44
busboy,0.453,0.441,0.51
kernel,0.453,0.462,0.542
masses,0.453,0.473,0.552
subspace,0.453,0.475,0.47
hunks,0.453,0.482,0.417
corps,0.453,0.483,0.551
euphemism,0.453,0.491,0.418
frontispiece,0.453,0.491,0.438
limit,0.453,0.5,0.427
underwood,0.453,0.51,0.51
settler,0.453,0.519,0.573
hutch,0.453,0.52,0.385
grindstone,0.453,0.526,0.541
teamjesus,0.453,0.536,0.673
dowry,0.453,0.544,0.604
stator,0.453,0.557,0.281
prolonged,0.453,0.56,0.406
sapiens,0.453,0.584,0.48
bloom,0.453,0.587,0.816
emission,0.453,0.591,0.51
embryonic,0.453,0.598,0.573
calculation,0.453,0.606,0.646
vernacular,0.453,0.615,0.479
spokesperson,0.453,0.615,0.573
pursuit,0.453,0.617,0.643
biologist,0.453,0.693,0.625
consulate,0.453,0.694,0.561
officiate,0.453,0.704,0.688
widely,0.453,0.725,0.698
formation,0.453,0.731,0.615
moderate positive,0.453,0.753,0.896
baroness,0.453,0.755,0.625
resolutely,0.453,0.805,0.714
awkwardness,0.454,0.148,0.167
rubbish,0.454,0.164,0.198
dead,0.454,0.194,0.052
risotto,0.454,0.234,0.802
disincline,0.454,0.278,0.458
sensible,0.454,0.312,0.625
sauerkraut,0.454,0.336,0.531
throwback,0.454,0.356,0.28
fume,0.454,0.372,0.3
yodel,0.454,0.389,0.51
hissing,0.454,0.4,0.5
unregulated,0.454,0.421,0.344
harper,0.454,0.435,0.417
psi,0.454,0.449,0.429
musk,0.454,0.453,0.469
horsey,0.454,0.462,0.602
esophagus,0.454,0.464,0.429
dodger,0.454,0.49,0.427
longboat,0.454,0.49,0.551
northbound,0.454,0.491,0.604
cite,0.454,0.532,0.625
mediterranean,0.454,0.545,0.663
instant,0.454,0.554,0.766
plenum,0.454,0.596,0.531
heavy,0.454,0.6,0.25
freeman,0.454,0.618,0.823
tank,0.454,0.634,0.431
downright,0.454,0.679,0.625
orientation,0.454,0.686,0.667
don,0.454,0.702,0.646
enjoin,0.454,0.732,0.594
predictive,0.454,0.736,0.479
corporate,0.454,0.745,0.592
coordination,0.454,0.789,0.677
universe,0.454,0.839,0.694
shortage,0.455,0.198,0.094
dud,0.455,0.246,0.167
decadence,0.455,0.291,0.237
oblong,0.455,0.37,0.561
thyroid,0.455,0.373,0.234
frost,0.455,0.385,0.449
vamoose,0.455,0.389,0.459
chitchat,0.455,0.403,0.673
dependent,0.455,0.404,0.354
turntable,0.455,0.406,0.531
sweeten,0.455,0.423,0.908
subdivision,0.455,0.43,0.592
primates,0.455,0.444,0.365
snooty,0.455,0.446,0.39
spic,0.455,0.451,0.302
baking,0.455,0.451,0.549
underground,0.455,0.452,0.396
beckon,0.455,0.452,0.663
bucko,0.455,0.465,0.439
setter,0.455,0.473,0.541
respondent,0.455,0.48,0.449
electron,0.455,0.56,0.52
edition,0.455,0.564,0.542
irreducible,0.455,0.569,0.296
patronising,0.455,0.582,0.439
serialize,0.455,0.593,0.5
usable,0.455,0.611,0.812
transcription,0.455,0.615,0.592
serious,0.455,0.619,0.5
hypnotist,0.455,0.627,0.49
exempt,0.455,0.664,0.588
optometrist,0.455,0.668,0.446
surveying,0.455,0.682,0.488
cinematographer,0.455,0.711,0.792
reason,0.455,0.712,0.781
mentor,0.455,0.777,0.719
intellectual,0.455,0.845,0.906
knowledgeable,0.455,0.971,0.865
senescence,0.456,0.394,0.378
quiche,0.456,0.396,0.5
photometry,0.456,0.436,0.417
hangar,0.456,0.481,0.49
comparison,0.456,0.492,0.583
taxed,0.456,0.5,0.255
parse,0.456,0.667,0.469
formulate,0.456,0.673,0.851
widespread,0.456,0.713,0.633
freely,0.456,0.716,0.875
lovely,0.456,0.741,0.917
treasurer,0.456,0.755,0.694
uneven,0.457,0.24,0.125
wan,0.457,0.31,0.384
elf,0.457,0.315,0.46
lingual,0.457,0.315,0.5
breeches,0.457,0.333,0.365
knead,0.457,0.345,0.49
shroud,0.457,0.389,0.417
strata,0.457,0.411,0.5
cameo,0.457,0.509,0.573
younger,0.457,0.558,0.781
feelingdown,0.457,0.567,0.49
stonewall,0.457,0.655,0.337
passport,0.457,0.682,0.653
educational,0.457,0.764,0.745
keeper,0.457,0.773,0.612
unconvinced,0.458,0.228,0.409
infertile,0.458,0.255,0.274
scarab,0.458,0.267,0.406
disregarded,0.458,0.283,0.26
whelp,0.458,0.31,0.344
magpie,0.458,0.327,0.5
bump,0.458,0.368,0.286
yap,0.458,0.37,0.51
typhoid,0.458,0.401,0.265
rotor,0.458,0.404,0.5
kibble,0.458,0.404,0.51
flank,0.458,0.443,0.448
cluster,0.458,0.446,0.49
cartouche,0.458,0.45,0.427
plated,0.458,0.457,0.562
irrigate,0.458,0.49,0.272
zoological,0.458,0.492,0.667
imagining,0.458,0.545,0.765
indistinguishable,0.458,0.548,0.346
impassable,0.458,0.553,0.342
mileage,0.458,0.562,0.51
tenancy,0.458,0.605,0.5
logarithmic,0.458,0.606,0.469
tasteful,0.458,0.625,0.918
unrestricted,0.458,0.644,0.698
modified,0.458,0.693,0.561
collective,0.458,0.698,0.583
trend,0.458,0.706,0.625
newspaperman,0.458,0.75,0.561
recognized,0.458,0.786,0.875
authorized,0.458,0.815,0.76
deteriorating,0.459,0.112,0.104
inexact,0.459,0.17,0.153
dimwit,0.459,0.175,0.255
unable,0.459,0.193,0.132
stranded,0.459,0.219,0.292
shanty,0.459,0.255,0.427
impaired,0.459,0.269,0.13
mismatch,0.459,0.282,0.25
cuckoo,0.459,0.284,0.42
veined,0.459,0.294,0.487
hood,0.459,0.306,0.357
defer,0.459,0.317,0.245
drinking,0.459,0.317,0.562
tongs,0.459,0.321,0.5
languishing,0.459,0.353,0.308
barber,0.459,0.356,0.543
shuffleboard,0.459,0.377,0.531
sic,0.459,0.38,0.37
comic,0.459,0.387,0.917
pinup,0.459,0.393,0.61
whatsthepoint,0.459,0.398,0.436
benzene,0.459,0.403,0.439
twat,0.459,0.404,0.292
chilly,0.459,0.408,0.329
eventual,0.459,0.413,0.633
concoction,0.459,0.417,0.448
fryer,0.459,0.431,0.573
euchre,0.459,0.442,0.47
mademoiselle,0.459,0.461,0.752
karmic,0.459,0.464,0.357
clearance,0.459,0.473,0.542
fender,0.459,0.476,0.369
knowingly,0.459,0.481,0.5
estoppel,0.459,0.482,0.354
yeoman,0.459,0.51,0.53
premed,0.459,0.518,0.49
carpentry,0.459,0.518,0.561
interchangeable,0.459,0.526,0.615
submersible,0.459,0.54,0.406
regal,0.459,0.556,0.643
stiff,0.459,0.569,0.158
avid,0.459,0.593,0.582
secretariat,0.459,0.597,0.518
inalienable,0.459,0.608,0.437
reconsideration,0.459,0.611,0.531
composite,0.459,0.62,0.591
sociable,0.459,0.627,0.854
fixation,0.459,0.655,0.562
goodfeeling,0.459,0.679,0.939
generalization,0.459,0.704,0.542
revision,0.459,0.71,0.417
squire,0.459,0.71,0.479
quantify,0.459,0.721,0.719
guild,0.459,0.729,0.58
enduring,0.459,0.768,0.633
moral,0.459,0.796,0.7
emblematic,0.459,0.798,0.771
infinity,0.459,0.805,0.516
federal,0.459,0.859,0.53
protective,0.459,0.86,0.844
dirty,0.46,0.17,0.153
inefficient,0.46,0.173,0.19
grieved,0.46,0.191,0.104
stained,0.46,0.209,0.245
leftover,0.46,0.222,0.49
fret,0.46,0.231,0.289
squirt,0.46,0.255,0.406
purr,0.46,0.302,0.604
relapse,0.46,0.303,0.173
menopause,0.46,0.306,0.204
discarded,0.46,0.308,0.229
quitter,0.46,0.321,0.26
derogation,0.46,0.327,0.208
sparrow,0.46,0.327,0.583
decoy,0.46,0.33,0.149
volley,0.46,0.336,0.529
lasso,0.46,0.339,0.438
obtuse,0.46,0.345,0.281
pert,0.46,0.348,0.469
foul,0.46,0.355,0.224
clingy,0.46,0.37,0.224
wellhead,0.46,0.373,0.469
screw,0.46,0.377,0.385
splice,0.46,0.377,0.386
decorative,0.46,0.381,0.908
intern,0.46,0.392,0.459
stat,0.46,0.395,0.479
redesign,0.46,0.396,0.622
coon,0.46,0.4,0.49
cesspool,0.46,0.409,0.167
child,0.46,0.413,0.912
cockeyed,0.46,0.423,0.459
iterate,0.46,0.44,0.449
tan,0.46,0.444,0.643
votive,0.46,0.453,0.479
geld,0.46,0.456,0.406
bring,0.46,0.462,0.635
essayist,0.46,0.462,0.656
flexible,0.46,0.465,0.719
assorted,0.46,0.472,0.602
atheism,0.46,0.481,0.276
chicane,0.46,0.481,0.357
coupe,0.46,0.482,0.479
dressmaker,0.46,0.483,0.698
chartered,0.46,0.49,0.569
plication,0.46,0.5,0.36
smattering,0.46,0.5,0.448
garner,0.46,0.5,0.479
silvery,0.46,0.517,0.543
jovial,0.46,0.526,0.823
homing,0.46,0.527,0.551
voluntarily,0.46,0.527,0.847
peculiarities,0.46,0.528,0.511
placement,0.46,0.528,0.643
waterfall,0.46,0.528,0.652
coexist,0.46,0.536,0.708
reflex,0.46,0.538,0.583
bevy,0.46,0.541,0.429
vaulted,0.46,0.542,0.417
lovinlife,0.46,0.544,0.714
empiricism,0.46,0.547,0.583
muster,0.46,0.548,0.635
upcoming,0.46,0.55,0.688
proximal,0.46,0.562,0.541
methane,0.46,0.569,0.29
reasons,0.46,0.571,0.583
radiology,0.46,0.574,0.459
genetics,0.46,0.574,0.552
proctor,0.46,0.587,0.552
repair,0.46,0.589,0.583
precession,0.46,0.594,0.469
selfworth,0.46,0.594,0.704
opposed,0.46,0.606,0.092
umpteen,0.46,0.611,0.51
needful,0.46,0.614,0.582
reciprocate,0.46,0.618,0.76
perceptible,0.46,0.62,0.71
localized,0.46,0.621,0.49
merchandise,0.46,0.621,0.594
calibrate,0.46,0.623,0.552
nourish,0.46,0.639,0.878
refine,0.46,0.64,0.653
voluntary,0.46,0.643,0.771
significance,0.46,0.644,0.82
classified,0.46,0.663,0.571
quantitative,0.46,0.667,0.604
processor,0.46,0.673,0.685
posterity,0.46,0.683,0.565
infrastructure,0.46,0.694,0.604
dogma,0.46,0.719,0.53
validation,0.46,0.72,0.655
credence,0.46,0.737,0.76
entirety,0.46,0.804,0.854
legalize,0.46,0.818,0.51
assure,0.46,0.839,0.91
miserable,0.461,0.188,0.062
misplace,0.461,0.191,0.229
begging,0.461,0.202,0.292
ignorant,0.461,0.223,0.102
downhearted,0.461,0.255,0.119
goner,0.461,0.274,0.41
ungrateful,0.461,0.275,0.219
stale,0.461,0.286,0.235
dues,0.461,0.288,0.367
watery,0.461,0.292,0.367
negation,0.461,0.297,0.255
underage,0.461,0.3,0.469
ennui,0.461,0.316,0.406
knuckles,0.461,0.32,0.271
bile,0.461,0.324,0.157
puppy,0.461,0.324,0.908
nightstick,0.461,0.348,0.5
simulated,0.461,0.356,0.5
duh,0.461,0.364,0.357
greased,0.461,0.368,0.25
quinine,0.461,0.375,0.418
onyx,0.461,0.38,0.571
invisibility,0.461,0.382,0.438
deterrent,0.461,0.385,0.292
housebroken,0.461,0.389,0.518
toasty,0.461,0.396,0.698
coke,0.461,0.397,0.404
sweetened,0.461,0.398,0.94
blip,0.461,0.418,0.529
azimuth,0.461,0.421,0.385
uncanny,0.461,0.43,0.469
manifold,0.461,0.435,0.5
squint,0.461,0.452,0.385
expedient,0.461,0.454,0.885
platonic,0.461,0.469,0.49
dissimilar,0.461,0.472,0.276
meal,0.461,0.473,0.833
wagon,0.461,0.474,0.49
viola,0.461,0.481,0.521
substation,0.461,0.491,0.469
birthmark,0.461,0.5,0.63
lend,0.461,0.508,0.52
tropical,0.461,0.509,0.74
secular,0.461,0.52,0.463
swim,0.461,0.529,0.688
compendium,0.461,0.537,0.61
fisherman,0.461,0.546,0.656
goodmorning,0.461,0.552,0.922
canto,0.461,0.554,0.776
body,0.461,0.571,0.694
hologram,0.461,0.575,0.615
fulfill,0.461,0.577,0.784
devotee,0.461,0.577,0.816
interpreter,0.461,0.596,0.708
spine,0.461,0.6,0.495
harmonize,0.461,0.609,0.939
clarification,0.461,0.613,0.802
preemptive,0.461,0.636,0.642
cooperative,0.461,0.67,0.816
notification,0.461,0.671,0.604
collegiate,0.461,0.678,0.592
team,0.461,0.688,0.708
senses,0.461,0.693,0.74
circuit,0.461,0.707,0.586
stargazing,0.461,0.709,0.802
undoubted,0.461,0.74,0.592
ratio,0.461,0.741,0.56
connoisseur,0.461,0.769,0.76
reconstitution,0.461,0.783,0.587
delivery,0.461,0.786,0.704
earl,0.461,0.794,0.582
proficient,0.461,0.817,0.854
starter,0.461,0.827,0.667
retarded,0.462,0.161,0.302
rota,0.462,0.209,0.32
devalued,0.462,0.212,0.321
jagged,0.462,0.213,0.082
fell,0.462,0.25,0.255
hump,0.462,0.25,0.296
rotting,0.462,0.255,0.188
latrines,0.462,0.267,0.214
piss,0.462,0.268,0.354
strapless,0.462,0.273,0.314
grasshopper,0.462,0.287,0.5
gaseous,0.462,0.298,0.398
scissors,0.462,0.302,0.458
kindergarten,0.462,0.308,0.833
scurvy,0.462,0.312,0.354
clink,0.462,0.319,0.458
bony,0.462,0.33,0.445
rainbow trout,0.462,0.33,0.7
shag,0.462,0.34,0.417
chaps,0.462,0.35,0.35
soaked,0.462,0.358,0.365
grated,0.462,0.361,0.357
varicose,0.462,0.368,0.235
trappings,0.462,0.37,0.458
girly,0.462,0.371,0.595
unscrew,0.462,0.396,0.333
rewire,0.462,0.406,0.365
divisible,0.462,0.411,0.323
burlap,0.462,0.411,0.429
kazoo,0.462,0.411,0.503
septic,0.462,0.425,0.281
peyote,0.462,0.426,0.406
glimmer,0.462,0.427,0.615
divvy,0.462,0.429,0.351
smokey,0.462,0.43,0.494
earful,0.462,0.443,0.533
bind,0.462,0.448,0.398
tweak,0.462,0.452,0.44
scrip,0.462,0.455,0.43
wheeze,0.462,0.461,0.229
hanger,0.462,0.461,0.439
visual,0.462,0.462,0.813
endless,0.462,0.472,0.347
petting,0.462,0.48,0.812
simulating,0.462,0.481,0.552
natal,0.462,0.481,0.755
dispensation,0.462,0.49,0.388
tipster,0.462,0.49,0.49
pediatric,0.462,0.49,0.56
bystander,0.462,0.491,0.48
humanoid,0.462,0.491,0.521
chore,0.462,0.5,0.406
veto,0.462,0.509,0.271
helix,0.462,0.509,0.521
assignee,0.462,0.51,0.51
subsidy,0.462,0.517,0.573
proportion,0.462,0.518,0.541
occupying,0.462,0.519,0.573
copious,0.462,0.527,0.427
deduction,0.462,0.527,0.438
rotary,0.462,0.528,0.573
bloodhound,0.462,0.538,0.327
learned,0.462,0.543,0.704
sharing,0.462,0.545,0.827
receive,0.462,0.551,0.74
infomercial,0.462,0.555,0.427
correlation,0.462,0.571,0.596
bursary,0.462,0.571,0.729
donate,0.462,0.577,0.774
autobiographical,0.462,0.582,0.909
weld,0.462,0.583,0.417
offering,0.462,0.585,0.688
broker,0.462,0.6,0.582
numerous,0.462,0.609,0.622
destined,0.462,0.617,0.698
preserving,0.462,0.63,0.765
autopilot,0.462,0.632,0.594
emissary,0.462,0.636,0.562
schooling,0.462,0.64,0.582
realize,0.462,0.647,0.757
planetarium,0.462,0.655,0.704
propensity,0.462,0.66,0.521
covenant,0.462,0.667,0.594
outreach,0.462,0.672,0.54
panoramic,0.462,0.684,0.542
entire,0.462,0.698,0.689
planning,0.462,0.705,0.894
cavalier,0.462,0.713,0.735
ratify,0.462,0.716,0.75
custodial,0.462,0.718,0.418
profit,0.462,0.721,0.93
diploma,0.462,0.731,0.75
supplier,0.462,0.736,0.615
lecture,0.462,0.737,0.594
compliance,0.462,0.75,0.75
internet,0.462,0.755,0.76
prophet,0.462,0.774,0.673
probate,0.462,0.78,0.684
worldwide,0.462,0.851,0.79
project,0.462,0.853,0.725
reputable,0.462,0.919,0.781
shoddy,0.463,0.179,0.082
unclear,0.463,0.202,0.229
subdued,0.463,0.223,0.236
skirt,0.463,0.226,0.602
lingerie,0.463,0.308,0.543
liquefied,0.463,0.342,0.562
cigar,0.463,0.346,0.306
chirping,0.463,0.36,0.5
peptic,0.463,0.362,0.398
shrew,0.463,0.39,0.306
lading,0.463,0.409,0.388
pant,0.463,0.409,0.448
pestle,0.463,0.426,0.427
mayflower,0.463,0.429,0.69
guess,0.463,0.442,0.64
untie,0.463,0.472,0.542
quaint,0.463,0.474,0.625
inventory,0.463,0.49,0.594
lease,0.463,0.545,0.52
gauging,0.463,0.556,0.48
fertilizer,0.463,0.565,0.438
prevention,0.463,0.6,0.76
lexicon,0.463,0.615,0.561
tributary,0.463,0.616,0.615
philanthropist,0.463,0.623,0.704
consultation,0.463,0.625,0.66
deficient,0.464,0.132,0.24
pathetic,0.464,0.139,0.088
underestimate,0.464,0.193,0.413
disqualified,0.464,0.232,0.129
skeleton,0.464,0.343,0.183
dissolution,0.464,0.349,0.204
impermissible,0.464,0.352,0.188
perishable,0.464,0.354,0.27
dawdle,0.464,0.357,0.479
shunned,0.464,0.367,0.271
scamp,0.464,0.371,0.458
moor,0.464,0.378,0.311
discards,0.464,0.391,0.24
obit,0.464,0.393,0.41
rotunda,0.464,0.393,0.5
honcho,0.464,0.397,0.469
retrograde,0.464,0.415,0.208
prosthetic,0.464,0.426,0.34
tie,0.464,0.431,0.663
ramble,0.464,0.44,0.615
intramural,0.464,0.447,0.49
cosmetics,0.464,0.472,0.765
winterbreak,0.464,0.491,0.612
pick,0.464,0.525,0.5
seeker,0.464,0.553,0.646
emanate,0.464,0.554,0.653
receiver,0.464,0.586,0.583
citadel,0.464,0.602,0.585
backbone,0.464,0.62,0.538
paramedic,0.464,0.636,0.673
evangelist,0.464,0.702,0.582
chateau,0.464,0.702,0.615
headway,0.464,0.745,0.823
society,0.464,0.782,0.674
representing,0.464,0.833,0.796
prince,0.464,0.87,0.888
doubtful,0.465,0.241,0.25
sax,0.465,0.409,0.573
dontpanic,0.465,0.425,0.469
whet,0.465,0.43,0.643
ride,0.465,0.472,0.806
foodie,0.465,0.484,0.781
feudalism,0.465,0.607,0.229
lineage,0.465,0.721,0.633
perm,0.465,0.741,0.667
founder,0.465,0.891,0.76
inefficiency,0.466,0.181,0.092
dustpan,0.466,0.371,0.609
munchkin,0.466,0.374,0.49
trim,0.466,0.43,0.5
igneous,0.466,0.517,0.469
townspeople,0.466,0.569,0.677
topside,0.466,0.598,0.708
gloss,0.466,0.625,0.757
refining,0.466,0.664,0.694
scholarly,0.466,0.709,0.75
handicapped,0.467,0.18,0.204
lavage,0.467,0.361,0.615
intestate,0.467,0.415,0.459
subcommittee,0.467,0.6,0.396
mean,0.467,0.62,0.44
attribution,0.467,0.658,0.646
blaze,0.467,0.658,0.698
conversationalist,0.467,0.667,0.719
college,0.467,0.746,0.7
truthful,0.467,0.807,0.708
buffering,0.468,0.381,0.479
tetrahedral,0.468,0.423,0.595
timeless,0.468,0.583,0.408
conditioning,0.468,0.617,0.44
stutter,0.469,0.258,0.25
downriver,0.469,0.279,0.542
discouraging,0.469,0.281,0.167
teat,0.469,0.328,0.612
sappy,0.469,0.33,0.583
brassiere,0.469,0.336,0.51
twist,0.469,0.337,0.375
gal,0.469,0.337,0.5
obliterated,0.469,0.344,0.24
shaving,0.469,0.353,0.5
coloring,0.469,0.353,0.781
dumbbell,0.469,0.364,0.302
corollary,0.469,0.366,0.458
toddler,0.469,0.368,0.812
blemished,0.469,0.37,0.173
neighborhood,0.469,0.373,0.385
dangle,0.469,0.375,0.362
socket,0.469,0.377,0.583
sandman,0.469,0.388,0.479
superfluous,0.469,0.393,0.316
evaporate,0.469,0.402,0.357
conk,0.469,0.404,0.34
boxcar,0.469,0.421,0.42
grump,0.469,0.425,0.26
dopamine,0.469,0.426,0.548
canker,0.469,0.427,0.262
speculum,0.469,0.433,0.417
flatten,0.469,0.442,0.286
morph,0.469,0.451,0.448
embryo,0.469,0.453,0.673
immemorial,0.469,0.454,0.327
hoping,0.469,0.454,0.684
drivel,0.469,0.463,0.398
sifting,0.469,0.474,0.571
buckaroo,0.469,0.479,0.448
traffic light,0.469,0.479,0.49
redeem,0.469,0.491,0.633
surly,0.469,0.493,0.221
presuppose,0.469,0.5,0.588
caring,0.469,0.5,0.635
rudder,0.469,0.509,0.439
revise,0.469,0.509,0.5
parking,0.469,0.51,0.777
fiver,0.469,0.517,0.458
estimate,0.469,0.517,0.719
condition,0.469,0.519,0.5
winged,0.469,0.519,0.646
weekday,0.469,0.52,0.49
individuality,0.469,0.527,0.612
headband,0.469,0.527,0.67
organ,0.469,0.538,0.51
likelihood,0.469,0.542,0.76
paving,0.469,0.545,0.408
fibrosis,0.469,0.546,0.16
fortuitous,0.469,0.546,0.625
confidentially,0.469,0.558,0.633
partition,0.469,0.567,0.615
aspect,0.469,0.588,0.479
interrelated,0.469,0.592,0.615
occupational,0.469,0.596,0.583
chevron,0.469,0.598,0.469
compensation,0.469,0.598,0.775
eclipse,0.469,0.616,0.541
scores,0.469,0.629,0.594
referendum,0.469,0.643,0.51
macro,0.469,0.647,0.552
corpsman,0.469,0.651,0.439
finding,0.469,0.664,0.796
organist,0.469,0.669,0.74
territory,0.469,0.676,0.625
joining,0.469,0.685,0.755
multilateral,0.469,0.705,0.5
utilization,0.469,0.706,0.562
aspire,0.469,0.722,0.812
dean,0.469,0.723,0.612
awake,0.469,0.741,0.667
idealistic,0.469,0.755,0.812
installation,0.469,0.759,0.656
fatherland,0.469,0.778,0.729
savior,0.469,0.804,0.92
optimum,0.469,0.808,0.892
planner,0.469,0.868,0.76
foiled,0.47,0.144,0.235
pessimist,0.47,0.218,0.125
drain,0.47,0.222,0.277
derelict,0.47,0.237,0.208
nickname,0.47,0.263,0.49
dogface,0.47,0.264,0.219
offal,0.47,0.302,0.302
mistletoe,0.47,0.324,0.542
snorkel,0.47,0.327,0.51
canceling,0.47,0.349,0.229
bottomless,0.47,0.368,0.31
picnic,0.47,0.375,0.625
snuff,0.47,0.377,0.357
hew,0.47,0.377,0.417
recesses,0.47,0.379,0.367
caddy,0.47,0.38,0.58
odometer,0.47,0.388,0.367
beagle,0.47,0.395,0.649
gad,0.47,0.408,0.51
redness,0.47,0.417,0.151
coldness,0.47,0.427,0.093
vestige,0.47,0.454,0.562
dyspepsia,0.47,0.46,0.212
provisionally,0.47,0.461,0.57
probing,0.47,0.463,0.385
edge,0.47,0.468,0.439
scholastic,0.47,0.491,0.5
munchies,0.47,0.491,0.562
rotate,0.47,0.492,0.458
formulary,0.47,0.5,0.531
rehearsal,0.47,0.5,0.667
enter,0.47,0.5,0.708
waves,0.47,0.509,0.643
wake,0.47,0.512,0.7
paralegal,0.47,0.519,0.479
completion,0.47,0.525,0.656
lengthwise,0.47,0.528,0.571
melting,0.47,0.538,0.592
midnight,0.47,0.545,0.562
continuation,0.47,0.566,0.615
warranty,0.47,0.568,0.667
smiley,0.47,0.571,0.865
proceeds,0.47,0.585,0.677
publication,0.47,0.6,0.549
cohesive,0.47,0.603,0.531
reconcile,0.47,0.625,0.76
fixable,0.47,0.645,0.724
hospitable,0.47,0.661,0.791
speech,0.47,0.688,0.656
occupation,0.47,0.692,0.562
postulate,0.47,0.694,0.487
titanium,0.47,0.704,0.52
perspective,0.47,0.704,0.688
validity,0.47,0.706,0.646
navigation,0.47,0.72,0.841
unequalled,0.47,0.769,0.562
speciality,0.47,0.885,0.854
cheesy,0.471,0.179,0.47
deteriorate,0.471,0.202,0.083
blur,0.471,0.205,0.268
frosted,0.471,0.218,0.748
blinded,0.471,0.231,0.245
manure,0.471,0.241,0.25
ineptitude,0.471,0.25,0.177
cranny,0.471,0.25,0.194
unapproved,0.471,0.254,0.184
pouting,0.471,0.27,0.263
cheap,0.471,0.272,0.612
crevice,0.471,0.275,0.361
bottleneck,0.471,0.287,0.284
unbecoming,0.471,0.288,0.123
sterile,0.471,0.291,0.302
insensitive,0.471,0.302,0.219
disrelish,0.471,0.304,0.375
engrossed,0.471,0.304,0.541
possum,0.471,0.306,0.408
bollocks,0.471,0.327,0.448
dissonance,0.471,0.336,0.173
opt,0.471,0.345,0.51
marl,0.471,0.351,0.372
hoopla,0.471,0.353,0.542
inverted,0.471,0.357,0.31
wandering,0.471,0.357,0.323
gab,0.471,0.375,0.5
missingyou,0.471,0.377,0.26
darken,0.471,0.382,0.25
varying,0.471,0.385,0.552
bodice,0.471,0.386,0.39
wheels,0.471,0.386,0.667
coyote,0.471,0.387,0.459
cartoon,0.471,0.387,0.867
breather,0.471,0.388,0.624
hanging,0.471,0.389,0.378
lsd,0.471,0.39,0.375
holdup,0.471,0.398,0.398
kook,0.471,0.398,0.417
plasticity,0.471,0.402,0.542
kos,0.471,0.407,0.5
french horn,0.471,0.407,0.573
leathery,0.471,0.411,0.418
stickler,0.471,0.417,0.385
tritium,0.471,0.422,0.412
tumbleweed,0.471,0.427,0.312
discounted,0.471,0.43,0.677
buckwheat,0.471,0.434,0.49
regatta,0.471,0.435,0.74
tgif,0.471,0.436,0.542
semblance,0.471,0.442,0.5
hamstring,0.471,0.443,0.406
copacetic,0.471,0.453,0.51
reefs,0.471,0.455,0.531
gilded,0.471,0.455,0.719
decorator,0.471,0.455,0.84
outer,0.471,0.456,0.552
help,0.471,0.46,0.673
rooftop,0.471,0.461,0.571
treble,0.471,0.466,0.358
gallbladder,0.471,0.472,0.354
vaudeville,0.471,0.472,0.49
piazza,0.471,0.472,0.625
ornamentation,0.471,0.472,0.663
dawned,0.471,0.473,0.694
teething,0.471,0.474,0.396
induced,0.471,0.491,0.397
synapse,0.471,0.491,0.66
ticker,0.471,0.509,0.479
auxiliary,0.471,0.509,0.622
perfumed,0.471,0.509,0.816
suggest,0.471,0.517,0.573
successive,0.471,0.518,0.635
clone,0.471,0.524,0.406
puzzle,0.471,0.525,0.537
refraction,0.471,0.526,0.388
intrinsic,0.471,0.526,0.406
postage,0.471,0.527,0.56
gregarious,0.471,0.529,0.551
interstitial,0.471,0.534,0.333
denote,0.471,0.534,0.448
pivotal,0.471,0.536,0.582
mammoth,0.471,0.537,0.48
host,0.471,0.537,0.693
converge,0.471,0.539,0.635
pulmonary,0.471,0.544,0.276
evergreen,0.471,0.546,0.729
forbearance,0.471,0.549,0.52
holographic,0.471,0.555,0.51
density,0.471,0.561,0.602
dreamland,0.471,0.566,0.844
bolster,0.471,0.569,0.708
notify,0.471,0.573,0.643
reprieve,0.471,0.574,0.531
uplands,0.471,0.577,0.615
realtor,0.471,0.582,0.429
compaction,0.471,0.582,0.531
starlet,0.471,0.587,0.806
necessity,0.471,0.588,0.567
retake,0.471,0.591,0.616
distinguish,0.471,0.6,0.675
process,0.471,0.615,0.51
leads,0.471,0.615,0.53
corroborate,0.471,0.616,0.671
request,0.471,0.618,0.625
consequent,0.471,0.625,0.663
seller,0.471,0.635,0.635
goodly,0.471,0.636,0.701
destination,0.471,0.637,0.708
orthodox,0.471,0.647,0.388
realty,0.471,0.648,0.633
specie,0.471,0.65,0.583
technicality,0.471,0.661,0.632
nominate,0.471,0.669,0.615
flair,0.471,0.676,0.775
marine,0.471,0.679,0.633
dedication,0.471,0.682,0.867
substantially,0.471,0.684,0.646
uncontested,0.471,0.689,0.51
personification,0.471,0.691,0.76
pro,0.471,0.692,0.667
facts,0.471,0.693,0.688
discernment,0.471,0.694,0.408
guidance,0.471,0.718,0.729
occupancy,0.471,0.721,0.625
treasured,0.471,0.73,0.849
characterize,0.471,0.735,0.729
goodlife,0.471,0.736,0.917
eldest,0.471,0.741,0.625
extracurricular,0.471,0.743,0.457
demonstrable,0.471,0.749,0.735
brotherhood,0.471,0.76,0.99
confidential,0.471,0.761,0.643
mankind,0.471,0.768,0.823
rightly,0.471,0.782,0.74
discipline,0.471,0.806,0.615
negotiator,0.471,0.817,0.635
engineering,0.471,0.836,0.735
perfect,0.471,0.87,0.98
congressman,0.471,0.877,0.438
fuzzy,0.472,0.158,0.306
foolishness,0.472,0.173,0.235
unfair,0.472,0.19,0.173
disorientation,0.472,0.212,0.163
infeasible,0.472,0.236,0.245
disappointed,0.472,0.241,0.071
masks,0.472,0.241,0.51
dehydration,0.472,0.259,0.188
slightly negative,0.472,0.259,0.19
stunted,0.472,0.275,0.194
diabetes,0.472,0.279,0.051
unintelligible,0.472,0.283,0.208
numbskull,0.472,0.284,0.3
displaced,0.472,0.291,0.281
spotted,0.472,0.295,0.354
repeated,0.472,0.314,0.429
dingo,0.472,0.346,0.608
tethered,0.472,0.351,0.26
bobbin,0.472,0.353,0.429
needit,0.472,0.356,0.25
pigheaded,0.472,0.358,0.271
pepperoni,0.472,0.358,0.796
needle,0.472,0.36,0.25
ocd,0.472,0.37,0.333
insulin,0.472,0.375,0.429
bam,0.472,0.39,0.427
bistro,0.472,0.396,0.594
outwards,0.472,0.4,0.44
leavemealone,0.472,0.402,0.24
clunk,0.472,0.407,0.448
rheumatism,0.472,0.418,0.219
kerosene,0.472,0.427,0.302
asinine,0.472,0.433,0.429
gawk,0.472,0.434,0.333
interchanged,0.472,0.434,0.396
blowing,0.472,0.434,0.521
barmaid,0.472,0.44,0.521
confined,0.472,0.444,0.286
flux,0.472,0.451,0.473
thanks,0.472,0.461,0.918
perfume,0.472,0.463,0.74
gravitate,0.472,0.476,0.479
breezy,0.472,0.482,0.531
swastika,0.472,0.491,0.316
exegesis,0.472,0.491,0.458
transitional,0.472,0.491,0.573
infinitesimal,0.472,0.496,0.388
polarity,0.472,0.5,0.51
speak,0.472,0.5,0.765
conjunction,0.472,0.509,0.52
sigma,0.472,0.535,0.49
canton,0.472,0.536,0.542
outgoing,0.472,0.538,0.65
termination,0.472,0.545,0.344
coursing,0.472,0.546,0.542
describe,0.472,0.555,0.542
head,0.472,0.558,0.53
congruence,0.472,0.577,0.656
bonds,0.472,0.583,0.74
medic,0.472,0.585,0.5
style,0.472,0.586,0.745
confide,0.472,0.595,0.669
variety,0.472,0.598,0.714
trending,0.472,0.6,0.75
tenure,0.472,0.611,0.615
range,0.472,0.615,0.49
hippopotamus,0.472,0.615,0.541
germinate,0.472,0.625,0.604
regency,0.472,0.63,0.52
coexistence,0.472,0.638,0.588
lifestyle,0.472,0.645,0.75
instrumental,0.472,0.647,0.74
sapphire,0.472,0.651,0.77
custody,0.472,0.675,0.494
odds,0.472,0.68,0.5
laudable,0.472,0.682,0.74
outcome,0.472,0.685,0.615
fated,0.472,0.692,0.582
oratory,0.472,0.693,0.602
hombre,0.472,0.696,0.656
belay,0.472,0.702,0.5
sophistication,0.472,0.704,0.792
diversity,0.472,0.711,0.806
support,0.472,0.737,0.811
resolve,0.472,0.75,0.71
immune,0.472,0.78,0.629
quantity,0.472,0.783,0.52
teary,0.473,0.216,0.167
inexperienced,0.473,0.231,0.281
underpants,0.473,0.276,0.448
disburse,0.473,0.353,0.418
cadence,0.473,0.355,0.427
tuck,0.473,0.361,0.367
gill,0.473,0.382,0.521
propane,0.473,0.436,0.346
dexter,0.473,0.444,0.458
husbandry,0.473,0.445,0.643
stound,0.473,0.446,0.49
sturgeon,0.473,0.465,0.417
biz,0.473,0.473,0.5
repertory,0.473,0.528,0.562
infused,0.473,0.546,0.385
fastening,0.473,0.554,0.594
plurality,0.473,0.587,0.683
hives,0.473,0.591,0.417
stoic,0.473,0.602,0.427
twins,0.473,0.602,0.76
justify,0.473,0.615,0.612
deep,0.473,0.657,0.49
cooperation,0.473,0.686,0.847
undeniable,0.473,0.778,0.552
historic,0.473,0.784,0.816
perpetually,0.473,0.868,0.51
loony,0.474,0.295,0.439
buffer,0.474,0.35,0.52
halving,0.474,0.366,0.292
delicatessen,0.474,0.4,0.656
bidder,0.474,0.433,0.465
glabrous,0.474,0.462,0.413
provost,0.474,0.464,0.48
sidearm,0.474,0.5,0.41
sweetness,0.474,0.528,0.906
lessee,0.474,0.595,0.417
astronomy,0.474,0.722,0.613
refused,0.475,0.188,0.163
plop,0.475,0.349,0.385
ohno,0.475,0.38,0.396
learner,0.475,0.398,0.698
damsel,0.475,0.4,0.719
price,0.475,0.535,0.479
roman,0.475,0.639,0.615
writing,0.475,0.645,0.694
renown,0.475,0.693,0.693
conciliation,0.475,0.726,0.792
sunken,0.476,0.173,0.103
faeces,0.476,0.175,0.184
noregrets,0.476,0.426,0.469
shimmy,0.476,0.462,0.478
khan,0.476,0.529,0.463
sherry,0.477,0.315,0.594
girlish,0.477,0.345,0.677
floozy,0.477,0.43,0.41
touch,0.477,0.455,0.646
enclose,0.477,0.473,0.531
gradation,0.477,0.616,0.487
entree,0.477,0.624,0.615
grantee,0.477,0.708,0.865
gunk,0.478,0.219,0.25
pariah,0.478,0.293,0.397
trimming,0.478,0.325,0.5
laden,0.478,0.554,0.392
wordy,0.478,0.586,0.643
cosmos,0.478,0.664,0.86
decree,0.478,0.746,0.552
counter,0.478,0.75,0.439
bereaved,0.479,0.221,0.104
sketchy,0.479,0.241,0.333
queues,0.479,0.269,0.385
scraping,0.479,0.305,0.265
unacceptable,0.479,0.33,0.133
opal,0.479,0.379,0.623
gnome,0.479,0.38,0.429
peachy,0.479,0.388,0.755
sneaker,0.479,0.389,0.794
flavor,0.479,0.392,0.885
inference,0.479,0.398,0.359
prod,0.479,0.426,0.48
tune,0.479,0.426,0.708
inhibit,0.479,0.447,0.167
femininity,0.479,0.451,0.75
remittance,0.479,0.454,0.684
sledgehammer,0.479,0.482,0.449
hazmat,0.479,0.519,0.398
bloke,0.479,0.545,0.45
coupling,0.479,0.555,0.594
specification,0.479,0.602,0.552
hilly,0.479,0.603,0.643
concentric,0.479,0.635,0.73
extrinsic,0.479,0.636,0.51
finery,0.479,0.636,0.562
conveyancing,0.479,0.663,0.375
conducive,0.479,0.679,0.775
join,0.479,0.684,0.729
fate,0.479,0.712,0.571
contractor,0.479,0.727,0.592
specialty,0.479,0.783,0.724
definitive,0.479,0.787,0.583
solicitor,0.479,0.802,0.6
cogent,0.479,0.836,0.765
doctorate,0.479,0.841,0.776
supervisor,0.479,0.933,0.615
firmness,0.479,0.939,0.823
somewhat negative,0.48,0.15,0.208
marooned,0.48,0.16,0.229
regretful,0.48,0.188,0.167
indecision,0.48,0.196,0.184
blindness,0.48,0.196,0.245
paralyzed,0.48,0.198,0.194
dubious,0.48,0.198,0.414
sob,0.48,0.212,0.115
deserted,0.48,0.214,0.156
unreliable,0.48,0.24,0.108
squawk,0.48,0.245,0.265
helplessness,0.48,0.25,0.087
rejected,0.48,0.25,0.102
disdainful,0.48,0.263,0.097
falsely,0.48,0.265,0.083
unwelcome,0.48,0.269,0.115
convalescent,0.48,0.269,0.458
swamped,0.48,0.27,0.156
peach,0.48,0.272,0.704
condolences,0.48,0.288,0.198
timbre,0.48,0.296,0.46
snacks,0.48,0.306,0.781
reek,0.48,0.311,0.177
inconsistency,0.48,0.314,0.125
thermostat,0.48,0.321,0.439
aspartame,0.48,0.322,0.469
rippling,0.48,0.327,0.5
missy,0.48,0.333,0.521
no anticipation,0.48,0.341,0.396
kiddos,0.48,0.342,0.5
spurious,0.48,0.343,0.178
atherosclerosis,0.48,0.343,0.25
inconsequential,0.48,0.345,0.25
vanish,0.48,0.347,0.236
quits,0.48,0.352,0.229
loan,0.48,0.352,0.552
substitution,0.48,0.353,0.406
lager,0.48,0.353,0.584
jaundice,0.48,0.355,0.214
wot,0.48,0.357,0.52
ballet,0.48,0.358,0.656
skewed,0.48,0.361,0.34
stuckup,0.48,0.363,0.281
dullard,0.48,0.365,0.45
hiss,0.48,0.37,0.388
tong,0.48,0.37,0.475
neon,0.48,0.38,0.594
frosty,0.48,0.381,0.427
cocktail,0.48,0.381,0.74
smog,0.48,0.382,0.271
plump,0.48,0.387,0.385
beginner,0.48,0.387,0.49
dub,0.48,0.387,0.51
dorky,0.48,0.39,0.302
ness,0.48,0.392,0.396
pouty,0.48,0.393,0.333
punt,0.48,0.393,0.365
invalidate,0.48,0.397,0.315
innards,0.48,0.4,0.302
blackness,0.48,0.406,0.26
kennel,0.48,0.406,0.43
termite,0.48,0.408,0.265
putative,0.48,0.41,0.51
peptide,0.48,0.411,0.38
staph,0.48,0.412,0.375
hugger,0.48,0.412,0.52
quagmire,0.48,0.413,0.318
sonar,0.48,0.414,0.541
renal,0.48,0.415,0.3
reassignment,0.48,0.415,0.551
leprechaun,0.48,0.417,0.417
hoe,0.48,0.418,0.302
chocolate,0.48,0.418,0.885
crumble,0.48,0.423,0.333
marks,0.48,0.424,0.43
frosting,0.48,0.424,0.823
vermouth,0.48,0.425,0.503
primeval,0.48,0.427,0.427
phosphor,0.48,0.427,0.438
defuse,0.48,0.43,0.167
tourist,0.48,0.43,0.745
carter,0.48,0.431,0.312
mingle,0.48,0.434,0.561
flows,0.48,0.434,0.571
unorthodox,0.48,0.441,0.34
sensory,0.48,0.442,0.583
flywheel,0.48,0.442,0.667
depart,0.48,0.444,0.398
transistor,0.48,0.444,0.48
gooey,0.48,0.445,0.392
toots,0.48,0.451,0.552
mnemonic,0.48,0.452,0.531
jetty,0.48,0.453,0.602
glimpse,0.48,0.455,0.646
visitor,0.48,0.461,0.646
onerous,0.48,0.462,0.5
bipartite,0.48,0.464,0.365
wildebeest,0.48,0.464,0.438
strut,0.48,0.464,0.58
understatement,0.48,0.473,0.347
intangible,0.48,0.473,0.525
narrate,0.48,0.473,0.541
shipshape,0.48,0.474,0.594
unthinkable,0.48,0.481,0.365
unpublished,0.48,0.481,0.406
hightail,0.48,0.481,0.448
repeal,0.48,0.482,0.26
end table,0.48,0.482,0.541
endemic,0.48,0.483,0.406
vigil,0.48,0.491,0.521
homeroom,0.48,0.491,0.604
dint,0.48,0.492,0.378
midsummer,0.48,0.492,0.781
snowplow,0.48,0.493,0.449
piston,0.48,0.5,0.398
spreader,0.48,0.5,0.51
swivel,0.48,0.5,0.562
dame,0.48,0.5,0.694
rebound,0.48,0.506,0.521
bathymetry,0.48,0.509,0.432
fronting,0.48,0.509,0.5
thesaurus,0.48,0.509,0.52
crucifix,0.48,0.51,0.469
filamentous,0.48,0.516,0.531
largo,0.48,0.517,0.521
vibe,0.48,0.517,0.71
excision,0.48,0.519,0.26
market,0.48,0.521,0.724
holyspirit,0.48,0.526,0.74
changeable,0.48,0.528,0.49
packer,0.48,0.537,0.52
send,0.48,0.537,0.663
pokes,0.48,0.538,0.365
menagerie,0.48,0.538,0.573
tripartite,0.48,0.539,0.5
predicament,0.48,0.541,0.365
unmarried,0.48,0.545,0.438
initiate,0.48,0.553,0.719
hitch,0.48,0.554,0.512
meticulous,0.48,0.555,0.555
ultimately,0.48,0.558,0.385
barrier,0.48,0.562,0.333
descendent,0.48,0.565,0.391
aspects,0.48,0.565,0.439
wage,0.48,0.565,0.635
causation,0.48,0.567,0.562
slightly positive,0.48,0.567,0.792
open,0.48,0.569,0.62
commission,0.48,0.571,0.677
sequel,0.48,0.574,0.65
hilarity,0.48,0.575,0.745
lights,0.48,0.575,0.75
skepticism,0.48,0.582,0.229
clump,0.48,0.582,0.551
gem,0.48,0.582,0.917
imagine,0.48,0.587,0.759
estimation,0.48,0.589,0.74
cowhand,0.48,0.596,0.438
theocratic,0.48,0.605,0.38
tabernacle,0.48,0.605,0.408
payable,0.48,0.606,0.385
escort,0.48,0.608,0.729
vindicated,0.48,0.609,0.615
penchant,0.48,0.609,0.688
spokesman,0.48,0.611,0.72
kinematics,0.48,0.614,0.594
maternity,0.48,0.622,0.865
import,0.48,0.623,0.615
gentry,0.48,0.625,0.56
counterbalance,0.48,0.627,0.52
kinesiology,0.48,0.633,0.491
rectify,0.48,0.634,0.625
verbose,0.48,0.635,0.439
precept,0.48,0.636,0.448
intention,0.48,0.636,0.531
sheathing,0.48,0.642,0.378
salary,0.48,0.652,0.786
weighty,0.48,0.657,0.427
likable,0.48,0.663,0.865
identify,0.48,0.667,0.635
didactic,0.48,0.673,0.645
fulfilled,0.48,0.676,0.896
improved,0.48,0.679,0.919
purview,0.48,0.681,0.635
generation,0.48,0.685,0.903
youthful,0.48,0.686,0.827
intelligible,0.48,0.691,0.635
confirmation,0.48,0.692,0.812
constituency,0.48,0.696,0.5
newsman,0.48,0.696,0.604
preach,0.48,0.702,0.602
counseling,0.48,0.704,0.667
stateside,0.48,0.708,0.643
combination,0.48,0.726,0.708
prepared,0.48,0.733,0.71
merge,0.48,0.733,0.76
integration,0.48,0.737,0.771
persona,0.48,0.743,0.741
original,0.48,0.746,0.765
walking,0.48,0.781,0.708
authenticate,0.48,0.789,0.833
principally,0.48,0.791,0.786
valuation,0.48,0.795,0.615
progenitor,0.48,0.798,0.781
salvation,0.48,0.8,0.857
institute,0.48,0.807,0.604
ladyship,0.48,0.822,0.561
funding,0.48,0.827,0.729
purveyor,0.48,0.843,0.643
proprietor,0.48,0.843,0.735
decidedly,0.48,0.843,0.75
junk,0.481,0.118,0.115
mediocre,0.481,0.149,0.188
stink,0.481,0.18,0.042
indigent,0.481,0.223,0.156
unemployed,0.481,0.23,0.094
farcical,0.481,0.259,0.406
desolation,0.481,0.273,0.073
shorts,0.481,0.287,0.622
wick,0.481,0.309,0.337
brake,0.481,0.31,0.312
nerd,0.481,0.315,0.408
insolvent,0.481,0.318,0.23
imperfectly,0.481,0.33,0.297
fistula,0.481,0.33,0.312
coincidental,0.481,0.337,0.646
fickle,0.481,0.346,0.406
pipsqueak,0.481,0.349,0.347
smelling,0.481,0.349,0.458
stowaway,0.481,0.357,0.224
scaly,0.481,0.358,0.281
hideaway,0.481,0.36,0.448
daycare,0.481,0.36,0.776
goon,0.481,0.361,0.312
brine,0.481,0.361,0.333
junction,0.481,0.364,0.49
toot,0.481,0.373,0.5
mew,0.481,0.38,0.418
blather,0.481,0.382,0.344
trance,0.481,0.382,0.469
pantomime,0.481,0.385,0.552
peddler,0.481,0.39,0.408
frigid,0.481,0.395,0.219
parka,0.481,0.395,0.469
sign,0.481,0.397,0.62
oxymoron,0.481,0.398,0.427
disjunctive,0.481,0.4,0.286
cystic,0.481,0.4,0.314
dumfounder,0.481,0.4,0.406
handful,0.481,0.4,0.521
lorry,0.481,0.402,0.521
swig,0.481,0.406,0.604
sess,0.481,0.411,0.418
decedent,0.481,0.415,0.423
hemoglobin,0.481,0.418,0.469
bullfrog,0.481,0.422,0.344
petloss,0.481,0.424,0.271
gesture,0.481,0.427,0.667
getoverit,0.481,0.433,0.327
peridot,0.481,0.435,0.458
plodding,0.481,0.439,0.449
unsupervised,0.481,0.442,0.478
whoop,0.481,0.443,0.559
asbestos,0.481,0.464,0.357
javelin,0.481,0.465,0.385
atheistic,0.481,0.466,0.373
avoidance,0.481,0.466,0.47
division,0.481,0.472,0.37
getoveryourself,0.481,0.472,0.47
playpen,0.481,0.475,0.698
pictorial,0.481,0.476,0.704
roommate,0.481,0.48,0.75
coarse,0.481,0.481,0.333
thoroughfare,0.481,0.49,0.582
session,0.481,0.491,0.51
collect,0.481,0.491,0.635
busload,0.481,0.492,0.561
recast,0.481,0.5,0.367
biggie,0.481,0.5,0.531
embossed,0.481,0.5,0.531
intent,0.481,0.5,0.55
embers,0.481,0.508,0.49
predispose,0.481,0.509,0.469
mound,0.481,0.509,0.52
outstretched,0.481,0.519,0.448
frequent,0.481,0.525,0.594
motif,0.481,0.527,0.688
retrospective,0.481,0.528,0.594
indulgent,0.481,0.529,0.56
tax,0.481,0.534,0.26
hooray,0.481,0.536,0.61
splurge,0.481,0.542,0.365
woodwork,0.481,0.545,0.49
submarine,0.481,0.549,0.572
boardwalk,0.481,0.549,0.643
bodily,0.481,0.557,0.594
interminable,0.481,0.561,0.327
photographer,0.481,0.562,0.714
navigational,0.481,0.564,0.573
lengthen,0.481,0.566,0.619
auditory,0.481,0.57,0.531
prevent,0.481,0.575,0.635
sostressed,0.481,0.578,0.435
legibility,0.481,0.58,0.771
streaming,0.481,0.582,0.592
succession,0.481,0.587,0.698
phoenix,0.481,0.594,0.653
possibility,0.481,0.596,0.816
lady,0.481,0.602,0.854
breeder,0.481,0.605,0.645
enjoyable,0.481,0.605,1
breeding,0.481,0.61,0.667
reminiscent,0.481,0.611,0.5
highland,0.481,0.611,0.615
sterling,0.481,0.615,0.529
biochemical,0.481,0.618,0.367
upward,0.481,0.62,0.792
compressor,0.481,0.63,0.418
economics,0.481,0.632,0.625
publicly,0.481,0.632,0.74
dignified,0.481,0.635,0.766
taught,0.481,0.642,0.814
collector,0.481,0.648,0.552
privy,0.481,0.648,0.583
perception,0.481,0.655,0.653
permitting,0.481,0.661,0.724
billing,0.481,0.67,0.406
relevancy,0.481,0.673,0.724
localize,0.481,0.679,0.52
tactical,0.481,0.684,0.594
intelligibility,0.481,0.689,0.74
rote,0.481,0.696,0.561
edification,0.481,0.697,0.625
renowned,0.481,0.697,0.844
employ,0.481,0.702,0.729
verify,0.481,0.704,0.761
viceroy,0.481,0.712,0.541
renew,0.481,0.713,0.868
livelihood,0.481,0.721,0.698
seer,0.481,0.74,0.604
noteworthy,0.481,0.759,0.704
usefully,0.481,0.76,0.65
preferential,0.481,0.764,0.74
mayor,0.481,0.818,0.469
sophisticated,0.481,0.845,0.865
comptroller,0.481,0.866,0.402
disability,0.482,0.173,0.073
worn,0.482,0.189,0.35
unordered,0.482,0.19,0.224
lousy,0.482,0.234,0.125
infirmity,0.482,0.252,0.094
equivocal,0.482,0.257,0.327
fearful,0.482,0.278,0.083
retrace,0.482,0.317,0.25
cheapskate,0.482,0.327,0.148
carelessness,0.482,0.33,0.245
lick,0.482,0.33,0.47
fried,0.482,0.336,0.479
iced,0.482,0.339,0.564
disparity,0.482,0.361,0.208
fuzz,0.482,0.363,0.521
buttercup,0.482,0.422,0.562
dontmess,0.482,0.44,0.396
woodpecker,0.482,0.445,0.52
monad,0.482,0.451,0.51
postman,0.482,0.455,0.643
some anticipation,0.482,0.472,0.423
dichotomy,0.482,0.483,0.323
retentive,0.482,0.491,0.439
resection,0.482,0.5,0.375
pry,0.482,0.5,0.406
stuntman,0.482,0.5,0.49
jeweler,0.482,0.5,0.76
networking,0.482,0.545,0.625
truss,0.482,0.569,0.521
japan,0.482,0.58,0.667
confer,0.482,0.583,0.573
interdependent,0.482,0.598,0.41
set,0.482,0.63,0.521
opinion,0.482,0.638,0.594
foresight,0.482,0.64,0.68
eulogium,0.482,0.655,0.542
concomitant,0.482,0.727,0.427
legally,0.482,0.842,0.771
grim,0.483,0.298,0.31
porky,0.483,0.333,0.234
dingy,0.483,0.343,0.156
lollipop,0.483,0.357,0.628
hirsute,0.483,0.373,0.385
butane,0.483,0.38,0.442
caloric,0.483,0.448,0.327
presumptive,0.483,0.481,0.323
diagnostic,0.483,0.635,0.417
consciousness,0.483,0.755,0.84
pessimism,0.484,0.264,0.083
offshore,0.484,0.441,0.417
scoreboard,0.484,0.472,0.667
foolproof,0.484,0.5,0.479
spectrophotometer,0.484,0.5,0.5
ongoing,0.484,0.556,0.674
dimensional,0.484,0.596,0.561
oeuvre,0.484,0.598,0.653
sleek,0.484,0.643,0.75
wit,0.484,0.775,0.844
general,0.484,0.853,0.834
knucklehead,0.485,0.288,0.157
fondle,0.485,0.355,0.823
scram,0.485,0.409,0.306
castrate,0.485,0.519,0.177
correction,0.485,0.558,0.448
hernia,0.486,0.223,0.146
cauldron,0.486,0.418,0.51
postmortem,0.486,0.42,0.296
tribe,0.486,0.516,0.664
intercession,0.486,0.598,0.503
predict,0.486,0.654,0.615
unfortunate,0.487,0.195,0.073
bulge,0.487,0.4,0.26
innings,0.487,0.443,0.573
furnish,0.487,0.49,0.755
memories,0.487,0.51,0.963
mirage,0.487,0.562,0.546
tighten,0.487,0.627,0.388
moribund,0.488,0.167,0.083
sarsaparilla,0.488,0.345,0.542
follower,0.488,0.461,0.646
codex,0.488,0.524,0.531
remake,0.488,0.642,0.583
commune,0.488,0.655,0.5
badge,0.488,0.691,0.567
asp,0.489,0.375,0.438
hobbit,0.489,0.472,0.479
wimp,0.49,0.125,0.184
coward,0.49,0.149,0.102
forsaken,0.49,0.192,0.05
flawed,0.49,0.194,0.133
faux,0.49,0.204,0.291
delayed,0.49,0.216,0.188
breathless,0.49,0.222,0.323
decrepit,0.49,0.225,0.156
involuntary,0.49,0.231,0.354
pitiful,0.49,0.232,0.219
gaunt,0.49,0.237,0.214
penalty,0.49,0.24,0.062
vulnerable,0.49,0.245,0.198
ruins,0.49,0.248,0.25
servitude,0.49,0.25,0.25
visor,0.49,0.265,0.396
mourning,0.49,0.266,0.177
failing,0.49,0.268,0.125
lapdog,0.49,0.269,0.388
brittle,0.49,0.272,0.276
goof,0.49,0.272,0.448
dispersed,0.49,0.274,0.344
invalidation,0.49,0.278,0.181
bemused,0.49,0.278,0.281
unintentionally,0.49,0.286,0.46
eeek,0.49,0.302,0.333
debilitating,0.49,0.308,0.125
illegible,0.49,0.315,0.296
hearse,0.49,0.324,0.177
dreary,0.49,0.324,0.26
opium,0.49,0.333,0.276
disappointment,0.49,0.336,0.115
bereft,0.49,0.336,0.229
gizmo,0.49,0.337,0.51
duplicate,0.49,0.338,0.521
molten,0.49,0.339,0.417
fictional,0.49,0.34,0.43
evade,0.49,0.342,0.304
piggyback,0.49,0.343,0.438
casket,0.49,0.346,0.125
puck,0.49,0.349,0.398
board game,0.49,0.349,0.711
phooey,0.49,0.352,0.333
miscalculation,0.49,0.353,0.177
cluck,0.49,0.353,0.39
plowed,0.49,0.355,0.552
scrounger,0.49,0.358,0.323
bebop,0.49,0.358,0.482
hogwash,0.49,0.361,0.42
recherche,0.49,0.363,0.458
reminisce,0.49,0.363,0.903
slit,0.49,0.366,0.406
moxie,0.49,0.366,0.531
tacky,0.49,0.373,0.245
dogsick,0.49,0.377,0.571
fissile,0.49,0.38,0.333
guzzling,0.49,0.38,0.46
gush,0.49,0.381,0.51
overriding,0.49,0.384,0.24
cinch,0.49,0.387,0.45
illusion,0.49,0.387,0.562
snowing,0.49,0.387,0.586
beverage,0.49,0.389,0.635
chow,0.49,0.39,0.573
ping,0.49,0.391,0.541
gullet,0.49,0.393,0.385
cut,0.49,0.393,0.49
vacate,0.49,0.397,0.357
incubation,0.49,0.397,0.461
chimes,0.49,0.402,0.625
chew,0.49,0.404,0.52
tiptoe,0.49,0.407,0.51
miss,0.49,0.408,0.573
dissolve,0.49,0.41,0.271
exhale,0.49,0.411,0.542
lube,0.49,0.411,0.552
tunnel,0.49,0.412,0.312
scoot,0.49,0.412,0.51
hickory,0.49,0.415,0.52
willies,0.49,0.42,0.48
cab,0.49,0.421,0.438
suburbia,0.49,0.421,0.438
wham,0.49,0.423,0.469
expendable,0.49,0.423,0.479
undersea,0.49,0.425,0.545
bearings,0.49,0.426,0.418
epidermis,0.49,0.426,0.418
bop,0.49,0.426,0.429
dose,0.49,0.427,0.458
astigmatism,0.49,0.429,0.214
harpsichord,0.49,0.438,0.541
greyhound,0.49,0.44,0.52
blackface,0.49,0.441,0.302
boutique,0.49,0.441,0.745
mooring,0.49,0.444,0.323
portage,0.49,0.445,0.49
slight anticipation,0.49,0.445,0.562
recluse,0.49,0.446,0.24
incognito,0.49,0.446,0.61
tinkering,0.49,0.448,0.531
lane,0.49,0.451,0.449
embrace,0.49,0.452,0.949
infer,0.49,0.453,0.449
thrush,0.49,0.454,0.306
reef,0.49,0.456,0.583
rhapsody,0.49,0.46,0.708
clicker,0.49,0.463,0.418
somad,0.49,0.463,0.429
rouse,0.49,0.463,0.521
bratwurst,0.49,0.464,0.51
sellout,0.49,0.465,0.398
crass,0.49,0.466,0.223
lubricate,0.49,0.47,0.552
paperboy,0.49,0.471,0.521
mix,0.49,0.472,0.542
trailer,0.49,0.473,0.541
trivia,0.49,0.473,0.69
repayment,0.49,0.474,0.479
withholding,0.49,0.48,0.165
mandrel,0.49,0.481,0.31
wag,0.49,0.481,0.448
woot,0.49,0.481,0.602
blond,0.49,0.49,0.59
sanatorium,0.49,0.491,0.469
radiograph,0.49,0.491,0.561
morphine,0.49,0.496,0.229
daemon,0.49,0.5,0.333
pecuniary,0.49,0.5,0.49
fluorescence,0.49,0.5,0.667
download,0.49,0.503,0.602
crossed,0.49,0.508,0.431
pave,0.49,0.509,0.594
starling,0.49,0.514,0.5
indulgence,0.49,0.517,0.479
bourbon,0.49,0.517,0.602
enlarged,0.49,0.518,0.673
transfer,0.49,0.519,0.702
juvenile,0.49,0.526,0.678
steer,0.49,0.527,0.469
commercial,0.49,0.528,0.806
recheck,0.49,0.529,0.44
bobcat,0.49,0.529,0.562
mask,0.49,0.537,0.51
transceiver,0.49,0.537,0.51
laboratory,0.49,0.537,0.571
tweet,0.49,0.537,0.659
inclination,0.49,0.538,0.378
auditorium,0.49,0.538,0.529
directed,0.49,0.541,0.542
offered,0.49,0.544,0.582
volume,0.49,0.546,0.552
campsite,0.49,0.547,0.68
imperceptible,0.49,0.548,0.378
smarten,0.49,0.551,0.602
renounce,0.49,0.552,0.156
galvanic,0.49,0.557,0.396
mainframe,0.49,0.557,0.531
retention,0.49,0.558,0.344
guest,0.49,0.558,0.719
reassign,0.49,0.559,0.359
waterworks,0.49,0.561,0.51
germination,0.49,0.566,0.439
outfit,0.49,0.566,0.76
hammerhead,0.49,0.569,0.337
interpolate,0.49,0.569,0.46
steamship,0.49,0.569,0.469
heed,0.49,0.569,0.75
profusion,0.49,0.575,0.542
dilation,0.49,0.578,0.347
magnetite,0.49,0.581,0.531
mutually,0.49,0.582,0.844
new,0.49,0.582,0.917
patronage,0.49,0.583,0.583
mental,0.49,0.585,0.49
coincide,0.49,0.593,0.635
valedictorian,0.49,0.594,0.5
ubiquity,0.49,0.595,0.578
hearing,0.49,0.595,0.669
corporal,0.49,0.596,0.582
gatekeeper,0.49,0.598,0.51
vacation,0.49,0.598,0.84
cinematic,0.49,0.6,0.663
upbringing,0.49,0.6,0.677
symphony,0.49,0.6,0.765
solicit,0.49,0.604,0.62
salesgirl,0.49,0.605,0.582
bilingual,0.49,0.606,0.735
practical,0.49,0.608,0.71
cruiser,0.49,0.608,0.737
simultaneously,0.49,0.609,0.656
transmission,0.49,0.611,0.688
conception,0.49,0.614,0.694
practise,0.49,0.616,0.713
instill,0.49,0.618,0.562
premeditated,0.49,0.62,0.354
lessor,0.49,0.623,0.552
headliner,0.49,0.625,0.5
coworker,0.49,0.625,0.667
restore,0.49,0.625,0.765
scholarship,0.49,0.625,0.866
forum,0.49,0.632,0.556
existent,0.49,0.635,0.635
merger,0.49,0.642,0.592
telepathic,0.49,0.642,0.602
devote,0.49,0.642,0.802
breadth,0.49,0.644,0.667
muscle,0.49,0.645,0.359
initiated,0.49,0.65,0.76
stratification,0.49,0.651,0.531
compliment,0.49,0.651,0.82
released,0.49,0.651,0.844
flier,0.49,0.652,0.541
magna,0.49,0.652,0.605
result,0.49,0.652,0.812
donor,0.49,0.653,0.714
courtship,0.49,0.654,0.667
perceive,0.49,0.655,0.653
contain,0.49,0.658,0.542
rendezvous,0.49,0.658,0.75
watchful,0.49,0.675,0.386
matriculation,0.49,0.675,0.622
stylish,0.49,0.689,0.885
substantial,0.49,0.69,0.59
reestablish,0.49,0.692,0.635
reverent,0.49,0.694,0.551
firstborn,0.49,0.695,0.786
convergent,0.49,0.696,0.781
congregation,0.49,0.7,0.561
compensatory,0.49,0.7,0.589
electronic,0.49,0.704,0.571
lucid,0.49,0.705,0.771
retribution,0.49,0.708,0.625
ingrained,0.49,0.712,0.531
mercantile,0.49,0.713,0.48
maritime,0.49,0.713,0.646
upshot,0.49,0.716,0.693
earnestly,0.49,0.717,0.847
mansion,0.49,0.717,0.847
luck,0.49,0.717,0.854
involve,0.49,0.728,0.694
statesman,0.49,0.736,0.51
technical,0.49,0.736,0.51
psychoanalysis,0.49,0.741,0.438
feasibility,0.49,0.741,0.653
enhancement,0.49,0.741,0.877
ripening,0.49,0.759,0.615
supporting,0.49,0.764,0.634
pledge,0.49,0.764,0.719
confirmed,0.49,0.764,0.76
ordination,0.49,0.765,0.688
contracting,0.49,0.769,0.594
indemnification,0.49,0.77,0.521
teamwork,0.49,0.773,0.918
multiplicity,0.49,0.777,0.677
uncommonly,0.49,0.778,0.626
instructor,0.49,0.782,0.771
restoring,0.49,0.783,0.82
positioning,0.49,0.795,0.615
goals,0.49,0.795,0.719
reform,0.49,0.797,0.531
candidate,0.49,0.804,0.596
eloquence,0.49,0.804,0.729
technology,0.49,0.825,0.776
instruct,0.49,0.833,0.729
physician,0.49,0.843,0.583
master,0.49,0.849,0.694
privileged,0.49,0.853,0.867
commandment,0.49,0.876,0.656
efficacy,0.49,0.906,0.802
dishonest,0.491,0.163,0.191
flaw,0.491,0.175,0.319
discredited,0.491,0.182,0.112
decline,0.491,0.24,0.173
defunct,0.491,0.272,0.112
spinal,0.491,0.296,0.312
can opener,0.491,0.308,0.444
huff,0.491,0.315,0.388
paltry,0.491,0.32,0.333
coldsweat,0.491,0.327,0.427
disinclination,0.491,0.33,0.125
passim,0.491,0.333,0.458
unsophisticated,0.491,0.339,0.327
whammy,0.491,0.345,0.461
bolus,0.491,0.352,0.426
weirdness,0.491,0.364,0.316
catheter,0.491,0.373,0.336
hedgehog,0.491,0.377,0.458
skunk,0.491,0.38,0.284
puppeteer,0.491,0.39,0.337
gauntlet,0.491,0.39,0.42
barf,0.491,0.394,0.34
rubdown,0.491,0.404,0.561
doggy,0.491,0.404,0.646
dessert,0.491,0.404,0.755
churn,0.491,0.407,0.316
juke,0.491,0.41,0.5
extinct,0.491,0.412,0.112
undermine,0.491,0.413,0.316
pomp,0.491,0.413,0.448
ballsy,0.491,0.414,0.531
disband,0.491,0.417,0.302
subdural,0.491,0.425,0.381
gridiron,0.491,0.425,0.667
retraction,0.491,0.427,0.312
attempt,0.491,0.431,0.625
bugaboo,0.491,0.441,0.439
hopper,0.491,0.442,0.396
stoppage,0.491,0.445,0.224
verbosity,0.491,0.451,0.3
fang,0.491,0.455,0.175
outboard,0.491,0.456,0.448
dreamboat,0.491,0.458,0.776
christmaseve,0.491,0.463,0.812
dealings,0.491,0.48,0.6
snippy,0.491,0.481,0.418
deflect,0.491,0.482,0.133
buster,0.491,0.483,0.469
picturesque,0.491,0.483,0.802
wave,0.491,0.49,0.622
yearn,0.491,0.491,0.592
stewardess,0.491,0.491,0.625
isothermal,0.491,0.5,0.459
vie,0.491,0.5,0.484
materialist,0.491,0.504,0.255
derivative,0.491,0.508,0.541
vat,0.491,0.509,0.333
plea,0.491,0.517,0.633
slider,0.491,0.518,0.585
goodmood,0.491,0.519,0.823
beholder,0.491,0.52,0.714
walker,0.491,0.525,0.551
prophylactic,0.491,0.527,0.51
override,0.491,0.529,0.316
weathered,0.491,0.537,0.422
heating,0.491,0.537,0.647
vogue,0.491,0.538,0.74
grill,0.491,0.546,0.755
imagination,0.491,0.547,0.802
caving,0.491,0.551,0.378
unwrap,0.491,0.557,0.604
peculiar,0.491,0.564,0.6
dividend,0.491,0.566,0.583
film,0.491,0.566,0.823
pianist,0.491,0.573,0.806
convenient,0.491,0.574,0.846
etching,0.491,0.575,0.567
forethought,0.491,0.58,0.765
foreground,0.491,0.59,0.708
foundry,0.491,0.594,0.531
polygraph,0.491,0.602,0.427
recollect,0.491,0.602,0.688
golden,0.491,0.609,0.802
stepfather,0.491,0.611,0.396
eating,0.491,0.615,0.847
containment,0.491,0.618,0.411
communicable,0.491,0.623,0.796
convergence,0.491,0.625,0.551
spotter,0.491,0.644,0.542
cherish,0.491,0.652,0.896
unprecedented,0.491,0.658,0.5
delegate,0.491,0.658,0.612
prodigal,0.491,0.66,0.643
syndicate,0.491,0.673,0.439
mariner,0.491,0.676,0.652
clan,0.491,0.686,0.562
doings,0.491,0.705,0.604
projector,0.491,0.711,0.573
quantitatively,0.491,0.713,0.51
cranium,0.491,0.725,0.439
tech,0.491,0.732,0.684
authentication,0.491,0.75,0.724
praises,0.491,0.75,0.878
connective,0.491,0.764,0.719
fabricate,0.491,0.779,0.636
enable,0.491,0.782,0.76
prosecutor,0.491,0.796,0.45
pharaoh,0.491,0.798,0.656
management,0.491,0.806,0.792
congressional,0.491,0.848,0.552
safety,0.491,0.868,0.708
egghead,0.492,0.284,0.316
recombination,0.492,0.602,0.51
descending,0.493,0.25,0.219
bumblebee,0.493,0.321,0.469
whatnot,0.493,0.363,0.375
captivity,0.493,0.387,0.225
handball,0.493,0.44,0.561
concessional,0.493,0.657,0.77
unconditional,0.493,0.715,0.76
unfortunately,0.494,0.281,0.104
uncertainty,0.494,0.282,0.064
whatdoido,0.494,0.43,0.406
scuba,0.494,0.456,0.542
gent,0.494,0.464,0.573
graphic,0.494,0.491,0.602
stony,0.494,0.525,0.356
convection,0.494,0.526,0.521
homology,0.494,0.527,0.571
monetary,0.494,0.716,0.583
provider,0.494,0.75,0.751
equipment,0.495,0.7,0.745
gassy,0.497,0.304,0.354
kettle,0.497,0.333,0.357
baccarat,0.497,0.436,0.583
microwave,0.497,0.443,0.542
chinook,0.497,0.491,0.408
onset,0.497,0.5,0.673
foursome,0.497,0.518,0.615
keyed,0.497,0.521,0.469
heated,0.497,0.542,0.479
promontory,0.497,0.542,0.5
sympathy,0.497,0.634,0.827
replete,0.497,0.67,0.552
bondsman,0.497,0.675,0.469
practitioner,0.497,0.684,0.704
backwardness,0.5,0.136,0.24
unhappy,0.5,0.155,0.112
uncertain,0.5,0.164,0.363
scarcity,0.5,0.182,0.167
degrade,0.5,0.184,0.083
tearful,0.5,0.184,0.208
untrue,0.5,0.188,0.031
unsteady,0.5,0.19,0.122
lice,0.5,0.194,0.133
immature,0.5,0.2,0.114
repentant,0.5,0.2,0.326
stagnant,0.5,0.208,0.3
unorganised,0.5,0.212,0.25
incapacity,0.5,0.217,0.052
downcast,0.5,0.222,0.071
defeat,0.5,0.224,0.092
moronic,0.5,0.224,0.122
grime,0.5,0.225,0.198
sty,0.5,0.225,0.296
buzzard,0.5,0.225,0.35
blacken,0.5,0.228,0.208
shin,0.5,0.231,0.459
maggot,0.5,0.235,0.235
dirt,0.5,0.236,0.112
unrealistic,0.5,0.245,0.229
bug,0.5,0.246,0.286
pained,0.5,0.25,0.112
bummer,0.5,0.267,0.163
basement,0.5,0.268,0.388
spaz,0.5,0.268,0.443
deficit,0.5,0.269,0.358
lopsided,0.5,0.272,0.125
puzzled,0.5,0.272,0.204
dontlikeyou,0.5,0.282,0.055
broken,0.5,0.293,0.062
sicken,0.5,0.294,0.051
inadequacy,0.5,0.297,0.286
paralysis,0.5,0.305,0.156
indignity,0.5,0.306,0.167
moderate negative,0.5,0.306,0.177
prey,0.5,0.306,0.378
doorbell,0.5,0.307,0.564
slimy,0.5,0.309,0.177
incompatible,0.5,0.31,0.196
peephole,0.5,0.31,0.479
unseat,0.5,0.312,0.229
glaucoma,0.5,0.315,0.208
sniff,0.5,0.318,0.396
regression,0.5,0.324,0.312
powerless,0.5,0.328,0.125
disallowed,0.5,0.328,0.135
seafood,0.5,0.328,0.656
grieve,0.5,0.333,0.122
bike,0.5,0.333,0.708
scaffold,0.5,0.336,0.48
tomb,0.5,0.343,0.112
unwarranted,0.5,0.345,0.091
redneck,0.5,0.348,0.401
indentation,0.5,0.349,0.374
inhaler,0.5,0.349,0.408
dissuade,0.5,0.35,0.482
boar,0.5,0.351,0.406
fedup,0.5,0.352,0.327
urinate,0.5,0.353,0.36
budding,0.5,0.355,0.49
impair,0.5,0.36,0.153
sledge,0.5,0.361,0.646
spillin,0.5,0.362,0.375
contaminated,0.5,0.368,0.04
offhand,0.5,0.368,0.388
disparate,0.5,0.368,0.438
overgrown,0.5,0.369,0.333
laryngitis,0.5,0.37,0.125
dump,0.5,0.37,0.345
salsa,0.5,0.37,0.742
sweetest,0.5,0.37,0.959
mucked,0.5,0.373,0.184
grilled,0.5,0.373,0.702
contemptuous,0.5,0.375,0.204
knell,0.5,0.377,0.354
somber,0.5,0.38,0.184
bakery,0.5,0.38,0.802
deflection,0.5,0.382,0.188
cockamamie,0.5,0.382,0.45
callous,0.5,0.386,0.245
backroom,0.5,0.387,0.406
overweight,0.5,0.389,0.052
trellis,0.5,0.389,0.299
translucent,0.5,0.389,0.6
stfu,0.5,0.39,0.292
kraut,0.5,0.39,0.388
motorboat,0.5,0.39,0.677
smoke,0.5,0.391,0.188
buss,0.5,0.391,0.469
malleable,0.5,0.391,0.5
misfit,0.5,0.393,0.173
bagman,0.5,0.394,0.506
pong,0.5,0.396,0.5
scar,0.5,0.397,0.146
hostel,0.5,0.398,0.479
hark,0.5,0.398,0.571
sodding,0.5,0.4,0.24
begun,0.5,0.404,0.677
clipping,0.5,0.405,0.46
restricted,0.5,0.407,0.276
cartridge,0.5,0.407,0.458
bohemian,0.5,0.407,0.622
dog,0.5,0.407,0.704
varmint,0.5,0.411,0.417
carousel,0.5,0.412,0.704
cook,0.5,0.412,0.847
deferring,0.5,0.413,0.343
grovel,0.5,0.414,0.36
miter,0.5,0.414,0.458
mangosteen,0.5,0.414,0.562
recur,0.5,0.416,0.479
nippy,0.5,0.416,0.54
moored,0.5,0.417,0.344
kids,0.5,0.417,0.837
spammers,0.5,0.418,0.354
caulk,0.5,0.418,0.367
putt,0.5,0.418,0.48
bust,0.5,0.42,0.52
jingle,0.5,0.424,0.635
estrogen,0.5,0.425,0.58
proletarian,0.5,0.426,0.385
pique,0.5,0.426,0.417
departure,0.5,0.426,0.573
staccato,0.5,0.427,0.396
farther,0.5,0.43,0.418
atom,0.5,0.433,0.51
relegation,0.5,0.434,0.375
rewrite,0.5,0.434,0.49
strip,0.5,0.436,0.427
sidewinder,0.5,0.439,0.5
ship,0.5,0.439,0.646
snowday,0.5,0.44,0.602
swank,0.5,0.442,0.49
piscina,0.5,0.443,0.714
runt,0.5,0.445,0.37
housekeeping,0.5,0.445,0.604
autism,0.5,0.447,0.235
versus,0.5,0.447,0.31
duo,0.5,0.447,0.51
skeptical,0.5,0.452,0.207
hooky,0.5,0.452,0.468
yeller,0.5,0.453,0.436
barkeep,0.5,0.454,0.48
barrack,0.5,0.455,0.378
upstart,0.5,0.455,0.449
summertime,0.5,0.455,0.837
juxtaposition,0.5,0.46,0.427
dick,0.5,0.462,0.208
nocturnal,0.5,0.462,0.54
hangout,0.5,0.462,0.573
gratuity,0.5,0.462,0.865
reprise,0.5,0.464,0.459
retriever,0.5,0.464,0.459
eat,0.5,0.464,0.731
malarkey,0.5,0.465,0.396
debenture,0.5,0.466,0.417
pronto,0.5,0.468,0.646
tractable,0.5,0.469,0.635
shunt,0.5,0.47,0.312
stigma,0.5,0.47,0.327
wicket,0.5,0.471,0.5
impudence,0.5,0.472,0.214
response,0.5,0.472,0.615
bacterial,0.5,0.473,0.156
astringent,0.5,0.474,0.316
busy,0.5,0.474,0.402
herd,0.5,0.474,0.592
relocation,0.5,0.475,0.396
schoolwork,0.5,0.481,0.479
houseguest,0.5,0.481,0.53
sonic,0.5,0.481,0.594
oftentimes,0.5,0.482,0.571
opera,0.5,0.483,0.714
cellist,0.5,0.486,0.667
repellent,0.5,0.491,0.286
clutch,0.5,0.491,0.383
philistine,0.5,0.491,0.39
photogenic,0.5,0.495,0.78
thankless,0.5,0.497,0.146
constrain,0.5,0.5,0.261
ended,0.5,0.5,0.302
carver,0.5,0.5,0.418
brokerage,0.5,0.5,0.479
incidentally,0.5,0.5,0.479
elongation,0.5,0.5,0.561
trombone,0.5,0.5,0.562
mood,0.5,0.5,0.72
goodmusic,0.5,0.5,0.756
tow,0.5,0.508,0.531
catatonic,0.5,0.509,0.255
slash,0.5,0.509,0.26
nudge,0.5,0.509,0.448
test,0.5,0.509,0.449
swap,0.5,0.509,0.552
cater,0.5,0.509,0.802
innermost,0.5,0.51,0.583
manhole,0.5,0.516,0.378
moorings,0.5,0.516,0.406
drafty,0.5,0.518,0.458
slugger,0.5,0.518,0.458
encircle,0.5,0.519,0.46
martini,0.5,0.519,0.828
microcosm,0.5,0.52,0.5
continuing,0.5,0.52,0.667
rail,0.5,0.526,0.47
psych,0.5,0.526,0.48
redundant,0.5,0.527,0.21
interlocutory,0.5,0.527,0.49
reflection,0.5,0.528,0.71
exclude,0.5,0.53,0.292
jornada,0.5,0.533,0.417
goodvibes,0.5,0.534,0.827
redo,0.5,0.535,0.481
retrospect,0.5,0.538,0.406
exonerate,0.5,0.538,0.592
beaches,0.5,0.538,0.865
nimrod,0.5,0.539,0.327
facsimile,0.5,0.543,0.49
physique,0.5,0.543,0.643
free,0.5,0.544,0.896
soready,0.5,0.545,0.622
chain,0.5,0.547,0.378
mathematical,0.5,0.548,0.62
asap,0.5,0.552,0.571
plumb,0.5,0.554,0.448
poll,0.5,0.554,0.552
suggestive,0.5,0.555,0.552
dermatology,0.5,0.556,0.422
mixer,0.5,0.556,0.562
needlepoint,0.5,0.556,0.653
sounding,0.5,0.558,0.69
reformation,0.5,0.558,0.809
pursuance,0.5,0.559,0.552
undergraduate,0.5,0.559,0.583
socialism,0.5,0.56,0.51
recurrent,0.5,0.561,0.552
cannabis,0.5,0.564,0.271
supernatant,0.5,0.565,0.5
fission,0.5,0.567,0.386
payback,0.5,0.567,0.459
germane,0.5,0.567,0.57
methanol,0.5,0.57,0.292
kite,0.5,0.573,0.643
vehement,0.5,0.575,0.5
preparatory,0.5,0.576,0.698
duplicity,0.5,0.578,0.406
woman,0.5,0.578,0.865
jubilee,0.5,0.579,0.916
outset,0.5,0.582,0.75
interdiction,0.5,0.585,0.337
instantaneous,0.5,0.585,0.75
hype,0.5,0.586,0.51
turret,0.5,0.588,0.494
wording,0.5,0.588,0.653
farewell,0.5,0.591,0.13
attendance,0.5,0.592,0.812
effectually,0.5,0.594,0.724
palatable,0.5,0.594,0.823
bastion,0.5,0.596,0.531
grounds,0.5,0.598,0.667
elaboration,0.5,0.598,0.708
lab,0.5,0.6,0.479
quantum,0.5,0.6,0.704
groom,0.5,0.605,0.698
hedonism,0.5,0.608,0.51
improvement,0.5,0.611,0.786
fluent,0.5,0.614,0.76
moot,0.5,0.615,0.344
purchase,0.5,0.616,0.625
pulsar,0.5,0.618,0.49
awakening,0.5,0.618,0.745
planetary,0.5,0.62,0.604
merchant,0.5,0.62,0.675
consent,0.5,0.62,0.75
relate,0.5,0.623,0.653
assess,0.5,0.623,0.698
pediatrician,0.5,0.627,0.602
soulmate,0.5,0.628,0.89
leverage,0.5,0.629,0.459
convinced,0.5,0.63,0.75
governess,0.5,0.632,0.426
steamboat,0.5,0.633,0.708
auspices,0.5,0.634,0.542
madame,0.5,0.635,0.604
praisegod,0.5,0.638,0.851
memorandum,0.5,0.639,0.6
commendation,0.5,0.639,0.911
assembly,0.5,0.64,0.698
vote,0.5,0.649,0.582
demonstrated,0.5,0.649,0.617
latent,0.5,0.653,0.469
facility,0.5,0.654,0.625
capitals,0.5,0.655,0.755
husband,0.5,0.655,0.771
stiffness,0.5,0.657,0.323
reconfigure,0.5,0.658,0.429
guidelines,0.5,0.664,0.459
orchestra,0.5,0.664,0.708
epitome,0.5,0.667,0.51
contingency,0.5,0.67,0.396
encomiastic,0.5,0.67,0.541
upgrade,0.5,0.67,0.786
reunion,0.5,0.672,0.837
tendency,0.5,0.675,0.684
rationalism,0.5,0.676,0.562
eyeful,0.5,0.676,0.802
implanted,0.5,0.679,0.347
preparation,0.5,0.679,0.771
factory,0.5,0.683,0.5
confirmatory,0.5,0.683,0.656
journalism,0.5,0.684,0.622
viability,0.5,0.684,0.776
straighten,0.5,0.685,0.677
elegant,0.5,0.685,0.865
establish,0.5,0.688,0.708
western,0.5,0.689,0.573
heart,0.5,0.693,0.827
repute,0.5,0.702,0.729
hopes,0.5,0.702,0.917
promise,0.5,0.704,0.823
machine,0.5,0.707,0.51
screenwriter,0.5,0.712,0.571
grantor,0.5,0.717,0.542
prospective,0.5,0.717,0.678
functional,0.5,0.72,0.75
preference,0.5,0.72,0.792
weights,0.5,0.722,0.458
financial,0.5,0.722,0.667
concentration,0.5,0.722,0.735
merit,0.5,0.722,0.854
precious,0.5,0.726,0.917
hallowed,0.5,0.728,0.74
willingness,0.5,0.729,0.786
logistics,0.5,0.73,0.633
projection,0.5,0.731,0.708
importation,0.5,0.733,0.625
encode,0.5,0.734,0.49
neurologist,0.5,0.736,0.608
preparer,0.5,0.74,0.617
bequeath,0.5,0.741,0.743
perceptive,0.5,0.741,0.745
faultless,0.5,0.741,0.792
reinstall,0.5,0.745,0.458
invaluable,0.5,0.745,0.74
glow,0.5,0.745,0.918
attainable,0.5,0.759,0.76
mechanics,0.5,0.761,0.542
businesswoman,0.5,0.764,0.719
completing,0.5,0.769,0.614
embellish,0.5,0.769,0.842
pavilion,0.5,0.77,0.583
regionalism,0.5,0.773,0.64
instructional,0.5,0.773,0.698
undying,0.5,0.773,0.708
evidence,0.5,0.778,0.5
financier,0.5,0.778,0.602
investigate,0.5,0.781,0.64
bliss,0.5,0.782,0.816
protocol,0.5,0.786,0.178
commissary,0.5,0.788,0.385
first,0.5,0.788,0.625
commerce,0.5,0.788,0.646
scientist,0.5,0.79,0.562
passkey,0.5,0.791,0.646
development,0.5,0.796,0.827
capital,0.5,0.798,0.52
consecrated,0.5,0.8,0.663
liability,0.5,0.802,0.646
meaningful,0.5,0.802,0.77
elevate,0.5,0.804,0.812
positiveenergy,0.5,0.808,0.94
psychical,0.5,0.811,0.5
association,0.5,0.817,0.745
diagnosis,0.5,0.819,0.571
originality,0.5,0.824,0.898
solidification,0.5,0.827,0.48
constituent,0.5,0.827,0.573
conglomerate,0.5,0.838,0.5
democracy,0.5,0.84,0.68
responsibility,0.5,0.852,0.76
patriarchal,0.5,0.857,0.531
landlord,0.5,0.858,0.684
revelation,0.5,0.865,0.879
originate,0.5,0.866,0.702
engineer,0.5,0.875,0.719
sovereign,0.5,0.885,0.698
chancellor,0.5,0.887,0.646
consistency,0.5,0.887,0.714
fortress,0.5,0.933,0.816
erratic,0.503,0.217,0.271
fishery,0.503,0.519,0.574
complacency,0.503,0.519,0.604
booking,0.503,0.583,0.708
junta,0.503,0.704,0.451
courthouse,0.503,0.818,0.571
incongruous,0.504,0.343,0.177
overtime,0.504,0.529,0.447
customized,0.504,0.59,0.625
firelight,0.504,0.639,0.677
fluency,0.504,0.718,0.776
mumbo,0.506,0.336,0.429
jabber,0.506,0.342,0.417
deletion,0.506,0.462,0.062
interpolation,0.506,0.528,0.419
deprived,0.506,0.536,0.354
materialistic,0.506,0.589,0.42
prognosis,0.506,0.629,0.5
exemplify,0.506,0.783,0.735
disorganized,0.507,0.184,0.052
dispersal,0.507,0.421,0.388
hypnotize,0.507,0.508,0.469
sermon,0.507,0.615,0.417
proximity,0.508,0.569,0.677
intuition,0.508,0.602,0.857
trusting,0.508,0.75,0.857
insufficiently,0.509,0.198,0.147
disingenuous,0.509,0.204,0.194
hog,0.509,0.271,0.317
flaky,0.509,0.279,0.363
badly,0.509,0.286,0.073
unconventional,0.509,0.288,0.177
rubble,0.509,0.289,0.308
cantwin,0.509,0.298,0.26
saddle,0.509,0.306,0.51
bee,0.509,0.309,0.52
disclaim,0.509,0.321,0.235
buggy,0.509,0.327,0.5
wienie,0.509,0.327,0.5
shady,0.509,0.375,0.323
pecker,0.509,0.375,0.459
vesicle,0.509,0.379,0.359
divestment,0.509,0.382,0.302
trachea,0.509,0.387,0.448
ferry,0.509,0.389,0.604
cascade,0.509,0.395,0.735
playmate,0.509,0.398,0.878
woof,0.509,0.404,0.354
hairdresser,0.509,0.407,0.708
popper,0.509,0.411,0.42
unsuspecting,0.509,0.413,0.302
chuck,0.509,0.413,0.542
deniability,0.509,0.417,0.23
knick,0.509,0.42,0.48
crackerjack,0.509,0.426,0.567
scented,0.509,0.431,0.865
campfire,0.509,0.436,0.677
huddle,0.509,0.445,0.604
subsidence,0.509,0.452,0.32
lymphatic,0.509,0.472,0.38
bonnet,0.509,0.473,0.406
remit,0.509,0.473,0.51
ulterior,0.509,0.49,0.375
hawking,0.509,0.491,0.521
parabolic,0.509,0.5,0.459
movable,0.509,0.5,0.469
fistful,0.509,0.5,0.5
carpool,0.509,0.5,0.625
nautilus,0.509,0.517,0.396
elucidate,0.509,0.518,0.583
matchmaker,0.509,0.519,0.615
counterpoint,0.509,0.538,0.438
rainmaker,0.509,0.544,0.448
indigenous,0.509,0.552,0.5
prep,0.509,0.555,0.688
metabolism,0.509,0.555,0.698
fulsome,0.509,0.56,0.51
hammer,0.509,0.563,0.312
protracted,0.509,0.58,0.592
continuous,0.509,0.58,0.625
netting,0.509,0.585,0.368
catalyst,0.509,0.585,0.604
metallurgy,0.509,0.587,0.396
born,0.509,0.591,0.865
gasification,0.509,0.593,0.344
defensible,0.509,0.593,0.74
incoming,0.509,0.596,0.66
forthcoming,0.509,0.6,0.66
follow,0.509,0.6,0.667
docket,0.509,0.607,0.505
besties,0.509,0.614,0.888
musician,0.509,0.618,0.816
proof,0.509,0.619,0.438
buildup,0.509,0.623,0.49
bestfeeling,0.509,0.625,0.806
cerebral,0.509,0.627,0.408
consort,0.509,0.63,0.632
monopoly,0.509,0.64,0.449
kaiser,0.509,0.69,0.47
required,0.509,0.7,0.583
citywide,0.509,0.707,0.592
newscast,0.509,0.714,0.531
astronomer,0.509,0.735,0.75
unquestioned,0.509,0.746,0.562
loveliness,0.509,0.75,0.959
investigator,0.509,0.779,0.615
communicator,0.509,0.796,0.573
watchman,0.509,0.833,0.51
realm,0.509,0.878,0.708
efficiency,0.509,0.892,0.802
cleverness,0.509,0.921,0.878
patriotic,0.509,0.933,0.875
decisive,0.509,0.935,0.74
diseased,0.51,0.134,0.123
loser,0.51,0.155,0.083
swoon,0.51,0.16,0.292
delay,0.51,0.162,0.204
lackey,0.51,0.166,0.26
roll,0.51,0.172,0.469
tiring,0.51,0.176,0.153
tramp,0.51,0.182,0.108
waste,0.51,0.184,0.041
garbage,0.51,0.192,0.188
stupid,0.51,0.2,0.133
decaying,0.51,0.214,0.073
fainting,0.51,0.214,0.333
hide,0.51,0.218,0.438
disliked,0.51,0.221,0.062
haggard,0.51,0.246,0.115
syndrome,0.51,0.246,0.229
dodgy,0.51,0.254,0.281
unwittingly,0.51,0.264,0.312
vulnerability,0.51,0.267,0.25
incredulous,0.51,0.269,0.286
swollen,0.51,0.277,0.236
heheh,0.51,0.278,0.625
torn,0.51,0.283,0.153
nonpayment,0.51,0.298,0.229
urinal,0.51,0.306,0.214
swinging,0.51,0.312,0.656
detainee,0.51,0.321,0.306
wardrobe,0.51,0.336,0.612
remoteness,0.51,0.339,0.323
stump,0.51,0.34,0.449
icky,0.51,0.342,0.357
touchy,0.51,0.343,0.323
sickbay,0.51,0.345,0.296
gall,0.51,0.353,0.417
butterscotch,0.51,0.356,0.708
gibberish,0.51,0.36,0.375
fib,0.51,0.361,0.438
hex,0.51,0.363,0.41
nihilism,0.51,0.364,0.367
pep,0.51,0.364,0.51
horn,0.51,0.366,0.385
suntan,0.51,0.366,0.62
recess,0.51,0.367,0.646
muskrat,0.51,0.368,0.439
mower,0.51,0.368,0.458
plunger,0.51,0.373,0.365
urchin,0.51,0.373,0.417
costume,0.51,0.374,0.548
ruff,0.51,0.375,0.365
pothead,0.51,0.375,0.378
germs,0.51,0.38,0.135
beatnik,0.51,0.382,0.429
poppycock,0.51,0.385,0.347
orc,0.51,0.388,0.24
lymph,0.51,0.39,0.398
windbag,0.51,0.391,0.438
toffee,0.51,0.396,0.658
tawdry,0.51,0.398,0.375
collusion,0.51,0.4,0.365
inflatable,0.51,0.4,0.51
tufted,0.51,0.406,0.5
impossible,0.51,0.407,0.153
stairway,0.51,0.407,0.562
spike,0.51,0.408,0.382
rigged,0.51,0.412,0.188
meow,0.51,0.412,0.51
lap,0.51,0.412,0.583
subsequence,0.51,0.413,0.438
chicken pox,0.51,0.415,0.194
roc,0.51,0.415,0.427
gratis,0.51,0.417,0.796
evasion,0.51,0.418,0.229
jaw,0.51,0.42,0.5
jogger,0.51,0.424,0.417
filmy,0.51,0.425,0.583
cognac,0.51,0.43,0.615
fissure,0.51,0.431,0.333
stepdaughter,0.51,0.432,0.51
cooking,0.51,0.434,0.694
stereotyped,0.51,0.436,0.375
prostate,0.51,0.438,0.323
banzai,0.51,0.443,0.55
cakewalk,0.51,0.447,0.719
plumber,0.51,0.448,0.327
layaway,0.51,0.451,0.429
raffle,0.51,0.454,0.64
martingale,0.51,0.455,0.469
suddenly,0.51,0.456,0.67
squelch,0.51,0.462,0.271
bender,0.51,0.466,0.49
deduce,0.51,0.466,0.49
sprinkling,0.51,0.466,0.677
deposition,0.51,0.471,0.394
thrash,0.51,0.472,0.26
posse,0.51,0.473,0.398
bronco,0.51,0.473,0.5
settled,0.51,0.473,0.521
domino,0.51,0.473,0.594
swish,0.51,0.474,0.562
heap,0.51,0.474,0.582
intersect,0.51,0.48,0.521
baccalaureate,0.51,0.48,0.729
unicorn,0.51,0.48,0.776
calipers,0.51,0.481,0.48
jungle,0.51,0.481,0.5
swing,0.51,0.481,0.602
internship,0.51,0.482,0.59
stop,0.51,0.49,0.28
vertex,0.51,0.491,0.316
pop,0.51,0.491,0.673
assail,0.51,0.5,0.378
inquiring,0.51,0.5,0.479
reflector,0.51,0.5,0.479
fairway,0.51,0.5,0.541
bell,0.51,0.505,0.552
suture,0.51,0.51,0.24
interferometer,0.51,0.517,0.51
cutoff,0.51,0.518,0.432
supersede,0.51,0.518,0.479
sterilize,0.51,0.52,0.406
unfold,0.51,0.52,0.612
semiautomatic,0.51,0.522,0.469
stringy,0.51,0.527,0.43
bravado,0.51,0.527,0.479
dictum,0.51,0.528,0.385
rambling,0.51,0.528,0.448
extension,0.51,0.529,0.49
horse,0.51,0.529,0.635
toymaker,0.51,0.536,0.755
merrychristmas,0.51,0.536,0.888
karma,0.51,0.537,0.5
yearning,0.51,0.537,0.709
extricate,0.51,0.543,0.542
gather,0.51,0.546,0.648
searchlight,0.51,0.552,0.622
backup,0.51,0.553,0.52
shiner,0.51,0.556,0.74
frigate,0.51,0.56,0.49
empirical,0.51,0.574,0.5
playa,0.51,0.575,0.724
fluidity,0.51,0.576,0.729
multiple,0.51,0.578,0.66
meet,0.51,0.58,0.76
cranial,0.51,0.583,0.354
toil,0.51,0.583,0.558
safekeeping,0.51,0.586,0.653
implant,0.51,0.588,0.429
telepathy,0.51,0.588,0.594
reversal,0.51,0.591,0.38
indicative,0.51,0.591,0.51
uplink,0.51,0.595,0.544
synoptic,0.51,0.596,0.561
makeover,0.51,0.596,0.771
impede,0.51,0.604,0.271
cathartic,0.51,0.604,0.45
fashionable,0.51,0.605,0.75
commentator,0.51,0.607,0.492
conversation,0.51,0.609,0.75
solder,0.51,0.611,0.439
jeep,0.51,0.612,0.602
high,0.51,0.614,0.684
elephant,0.51,0.615,0.531
tensile,0.51,0.618,0.458
triplet,0.51,0.618,0.622
instrumentality,0.51,0.618,0.637
opening,0.51,0.62,0.667
friends,0.51,0.625,0.929
filmmaker,0.51,0.635,0.704
existential,0.51,0.638,0.583
rep,0.51,0.64,0.52
decode,0.51,0.64,0.551
provisions,0.51,0.642,0.67
intermediary,0.51,0.643,0.427
recover,0.51,0.647,0.918
camaraderie,0.51,0.648,0.833
requisition,0.51,0.649,0.478
haulage,0.51,0.65,0.561
tugboat,0.51,0.652,0.271
continuance,0.51,0.652,0.729
graceful,0.51,0.655,0.906
vow,0.51,0.664,0.56
public,0.51,0.664,0.592
newstart,0.51,0.667,0.802
somewhat positive,0.51,0.667,0.92
checkout,0.51,0.67,0.597
seaman,0.51,0.672,0.52
heartland,0.51,0.675,0.812
payload,0.51,0.682,0.612
improving,0.51,0.682,0.911
scenario,0.51,0.683,0.667
satisfied,0.51,0.685,0.959
preservation,0.51,0.686,0.667
conjugal,0.51,0.688,0.698
gravitational,0.51,0.691,0.528
tidings,0.51,0.694,0.61
laborer,0.51,0.698,0.561
supporter,0.51,0.698,0.721
restorative,0.51,0.703,0.633
medallion,0.51,0.71,0.75
resolute,0.51,0.712,0.771
sheen,0.51,0.712,0.812
technician,0.51,0.713,0.592
real,0.51,0.717,0.719
attain,0.51,0.719,0.806
synergy,0.51,0.72,0.667
guard,0.51,0.725,0.592
income,0.51,0.728,0.75
rearrange,0.51,0.729,0.656
modeler,0.51,0.73,0.5
shopkeeper,0.51,0.73,0.677
crave,0.51,0.731,0.625
qualities,0.51,0.731,0.844
immunization,0.51,0.733,0.667
contention,0.51,0.738,0.375
creditable,0.51,0.742,0.802
honorarium,0.51,0.746,0.796
conduct,0.51,0.75,0.453
christ,0.51,0.75,0.781
cosmopolitan,0.51,0.76,0.823
contributor,0.51,0.76,0.844
newscaster,0.51,0.764,0.646
rationality,0.51,0.767,0.633
endowed,0.51,0.769,0.755
memorable,0.51,0.769,0.939
firmly,0.51,0.777,0.786
authentic,0.51,0.782,0.885
businessman,0.51,0.802,0.653
idealist,0.51,0.802,0.816
palace,0.51,0.804,0.878
main,0.51,0.811,0.667
salvage,0.51,0.832,0.622
realization,0.51,0.836,0.554
scientific,0.51,0.836,0.653
decision,0.51,0.839,0.646
multinational,0.51,0.842,0.656
exponent,0.51,0.845,0.529
smarty,0.51,0.848,0.673
coordinator,0.51,0.85,0.75
teach,0.51,0.852,0.84
revenue,0.51,0.854,0.873
positive,0.51,0.855,0.959
researcher,0.51,0.857,0.569
originator,0.51,0.868,0.592
worth,0.51,0.889,0.872
masterful,0.51,0.96,0.854
ought,0.511,0.434,0.438
transmitter,0.511,0.719,0.52
deterioration,0.512,0.283,0.13
drifter,0.512,0.391,0.449
wintery,0.512,0.463,0.388
compilation,0.512,0.606,0.53
heritage,0.512,0.815,0.842
deviation,0.513,0.336,0.105
pubes,0.513,0.349,0.49
tourmaline,0.513,0.441,0.448
existence,0.513,0.771,0.76
personality,0.513,0.79,0.896
separate,0.514,0.349,0.24
fink,0.514,0.439,0.41
taming,0.514,0.575,0.569
sauce,0.515,0.288,0.562
strolling,0.515,0.34,0.755
faze,0.515,0.382,0.417
oozing,0.515,0.427,0.238
bellows,0.515,0.429,0.458
godson,0.515,0.429,0.68
mink,0.515,0.43,0.56
assent,0.515,0.719,0.615
wintertime,0.516,0.404,0.76
drat,0.516,0.409,0.302
cryptic,0.516,0.474,0.296
pretty,0.516,0.561,0.875
snap,0.517,0.352,0.344
ramp,0.517,0.357,0.49
rainbows,0.517,0.402,0.875
divisor,0.517,0.455,0.344
flagstaff,0.517,0.5,0.52
chunky,0.517,0.509,0.52
rousing,0.517,0.692,0.714
provide,0.517,0.704,0.833
explain,0.517,0.736,0.719
disjointed,0.518,0.365,0.323
elastic,0.518,0.385,0.656
coiled,0.518,0.389,0.378
fleshy,0.518,0.406,0.5
rigging,0.518,0.44,0.51
inaffable,0.518,0.455,0.388
opposites,0.518,0.462,0.281
greaser,0.518,0.462,0.408
contraception,0.518,0.525,0.296
effect,0.518,0.608,0.57
lift,0.518,0.656,0.704
picked,0.518,0.67,0.74
eulogize,0.518,0.679,0.85
platinum,0.518,0.702,0.75
employer,0.518,0.767,0.663
creative,0.518,0.788,0.917
knack,0.518,0.82,0.562
movingforward,0.518,0.848,0.857
god,0.518,0.886,0.758
poverty,0.519,0.183,0.071
disillusionment,0.519,0.19,0.051
indisposed,0.519,0.206,0.122
juju,0.519,0.206,0.541
ragged,0.519,0.226,0.198
outhouse,0.519,0.255,0.281
shabby,0.519,0.259,0.235
devious,0.519,0.259,0.25
swine,0.519,0.277,0.34
rift,0.519,0.289,0.246
thirst,0.519,0.307,0.298
outskirts,0.519,0.312,0.474
retreat,0.519,0.312,0.5
edema,0.519,0.318,0.25
wringer,0.519,0.321,0.365
flip flop,0.519,0.321,0.417
squealer,0.519,0.33,0.541
stillborn,0.519,0.337,0.271
sleepover,0.519,0.34,0.815
runaround,0.519,0.349,0.448
wench,0.519,0.352,0.469
dork,0.519,0.361,0.272
inquire,0.519,0.363,0.583
bogey,0.519,0.368,0.38
inequitable,0.519,0.373,0.281
turd,0.519,0.383,0.24
glutton,0.519,0.384,0.438
lml,0.519,0.385,0.448
junket,0.519,0.386,0.49
boilerplate,0.519,0.387,0.398
doit,0.519,0.392,0.5
matted,0.519,0.393,0.281
gully,0.519,0.394,0.316
fetus,0.519,0.395,0.479
repetition,0.519,0.396,0.375
wanderer,0.519,0.396,0.458
lifer,0.519,0.398,0.427
daiquiri,0.519,0.4,0.67
sarcoma,0.519,0.402,0.26
minx,0.519,0.404,0.448
croupier,0.519,0.404,0.531
croquet,0.519,0.407,0.551
exude,0.519,0.411,0.375
sterility,0.519,0.414,0.201
solicitation,0.519,0.415,0.612
speedway,0.519,0.416,0.667
equestrian,0.519,0.417,0.633
nomadic,0.519,0.422,0.427
inconsiderate,0.519,0.423,0.224
disallow,0.519,0.424,0.156
tuberculosis,0.519,0.424,0.214
bicycle,0.519,0.425,0.708
tennis,0.519,0.431,0.622
nuthouse,0.519,0.434,0.347
brood,0.519,0.434,0.633
menstrual,0.519,0.435,0.408
screwdriver,0.519,0.439,0.52
ohdear,0.519,0.442,0.458
merengue,0.519,0.442,0.688
offside,0.519,0.443,0.323
commie,0.519,0.454,0.385
unending,0.519,0.454,0.385
phonics,0.519,0.455,0.49
evanescence,0.519,0.458,0.527
cur,0.519,0.46,0.44
recitation,0.519,0.462,0.708
recombinant,0.519,0.463,0.561
misrepresented,0.519,0.466,0.042
bootleg,0.519,0.466,0.357
crawl,0.519,0.467,0.479
dine,0.519,0.478,0.821
foreigner,0.519,0.48,0.5
errand,0.519,0.482,0.385
jab,0.519,0.482,0.385
replacement,0.519,0.5,0.385
reticent,0.519,0.5,0.396
stereo,0.519,0.5,0.617
steeple,0.519,0.5,0.625
flagging,0.519,0.509,0.521
blockade,0.519,0.51,0.38
racial,0.519,0.513,0.292
premise,0.519,0.517,0.531
televised,0.519,0.518,0.625
vent,0.519,0.529,0.479
canon,0.519,0.541,0.385
construe,0.519,0.553,0.602
restart,0.519,0.554,0.531
matron,0.519,0.555,0.52
iloveher,0.519,0.556,0.75
hegemonic,0.519,0.558,0.462
switchboard,0.519,0.558,0.571
catalytic,0.519,0.563,0.562
burdened,0.519,0.565,0.429
changer,0.519,0.567,0.583
rebut,0.519,0.573,0.154
threshold,0.519,0.575,0.531
petrol,0.519,0.577,0.418
gastronomy,0.519,0.581,0.812
committal,0.519,0.582,0.472
uniformed,0.519,0.589,0.469
bureaucrat,0.519,0.598,0.208
supply,0.519,0.603,0.708
diverse,0.519,0.604,0.562
mountainous,0.519,0.612,0.635
recursively,0.519,0.618,0.427
bridesmaid,0.519,0.618,0.748
stagecoach,0.519,0.627,0.516
bond,0.519,0.63,0.667
assistance,0.519,0.633,0.656
receptive,0.519,0.639,0.729
raising,0.519,0.643,0.735
derivation,0.519,0.644,0.521
buyer,0.519,0.649,0.613
resistive,0.519,0.651,0.396
election,0.519,0.651,0.625
ministerial,0.519,0.66,0.571
designer,0.519,0.67,0.875
astrologer,0.519,0.673,0.594
love,0.519,0.673,1
manifesto,0.519,0.676,0.646
sustenance,0.519,0.679,0.82
fatherhood,0.519,0.682,0.885
perk,0.519,0.682,0.903
overlying,0.519,0.691,0.5
heirs,0.519,0.698,0.796
gratified,0.519,0.702,0.781
international,0.519,0.702,0.8
equip,0.519,0.713,0.65
counsel,0.519,0.73,0.594
usefulness,0.519,0.741,0.806
legend,0.519,0.75,0.837
bailiff,0.519,0.759,0.347
premier,0.519,0.792,0.755
greater,0.519,0.796,0.755
lucrative,0.519,0.798,0.729
democratic,0.519,0.798,0.802
glossy,0.519,0.807,0.802
liable,0.519,0.821,0.656
unsatisfactory,0.52,0.189,0.122
loopy,0.52,0.195,0.438
murmur,0.52,0.2,0.458
demeaned,0.52,0.212,0.271
subjected,0.52,0.221,0.286
cracked,0.52,0.228,0.224
depression,0.52,0.232,0.031
filtration,0.52,0.255,0.407
improper,0.52,0.259,0.229
negativity,0.52,0.273,0.06
rear,0.52,0.284,0.459
mismanagement,0.52,0.295,0.094
urn,0.52,0.295,0.194
ex,0.52,0.306,0.25
snob,0.52,0.309,0.296
bluejay,0.52,0.31,0.635
decompression,0.52,0.311,0.208
stupidrain,0.52,0.317,0.26
random,0.52,0.321,0.49
smell,0.52,0.33,0.51
refuse,0.52,0.331,0.18
underrated,0.52,0.333,0.208
negligee,0.52,0.336,0.385
roasted,0.52,0.339,0.615
ratchet,0.52,0.343,0.449
ptsd,0.52,0.346,0.373
pizzeria,0.52,0.364,0.719
sluice,0.52,0.365,0.427
strikeout,0.52,0.371,0.316
rudiments,0.52,0.373,0.385
drift,0.52,0.375,0.316
faulty,0.52,0.378,0.184
complexion,0.52,0.38,0.521
corset,0.52,0.381,0.49
caused,0.52,0.382,0.344
flog,0.52,0.382,0.408
montage,0.52,0.388,0.438
feminine,0.52,0.394,0.802
xoxo,0.52,0.4,0.729
chaperon,0.52,0.404,0.5
precaution,0.52,0.406,0.625
unfounded,0.52,0.41,0.271
cornet,0.52,0.415,0.507
root beer,0.52,0.415,0.582
divide,0.52,0.417,0.333
bruising,0.52,0.422,0.084
godforsaken,0.52,0.422,0.439
underwrite,0.52,0.423,0.416
telephone,0.52,0.425,0.694
tread,0.52,0.426,0.51
hop,0.52,0.427,0.45
redheaded,0.52,0.428,0.51
spandex,0.52,0.429,0.429
brimstone,0.52,0.44,0.357
preppy,0.52,0.442,0.542
swordfish,0.52,0.442,0.564
coloration,0.52,0.443,0.541
wokemeup,0.52,0.444,0.561
gusher,0.52,0.453,0.406
gelding,0.52,0.455,0.398
conveyance,0.52,0.455,0.615
hinterland,0.52,0.457,0.53
hoist,0.52,0.458,0.521
wearing,0.52,0.461,0.646
zoom,0.52,0.462,0.49
screwed,0.52,0.464,0.302
fragmentary,0.52,0.464,0.438
inbred,0.52,0.473,0.397
oscillatory,0.52,0.48,0.375
retort,0.52,0.481,0.417
highball,0.52,0.481,0.656
borderline,0.52,0.49,0.449
overcrowded,0.52,0.491,0.292
press,0.52,0.491,0.552
replica,0.52,0.493,0.48
pneumatic,0.52,0.5,0.337
replace,0.52,0.5,0.417
earring,0.52,0.5,0.583
sailing,0.52,0.5,0.667
reggae,0.52,0.5,0.698
duality,0.52,0.503,0.438
foxtrot,0.52,0.505,0.562
ritual,0.52,0.508,0.375
seaside,0.52,0.508,0.887
ornery,0.52,0.509,0.361
stratus,0.52,0.509,0.448
tender,0.52,0.509,0.63
clang,0.52,0.51,0.459
commuter,0.52,0.512,0.646
dispense,0.52,0.518,0.561
intend,0.52,0.519,0.562
colorful,0.52,0.519,0.85
mystic,0.52,0.535,0.643
trendy,0.52,0.536,0.713
young,0.52,0.537,0.812
rampart,0.52,0.538,0.322
unzip,0.52,0.538,0.378
rancher,0.52,0.543,0.51
gator,0.52,0.547,0.418
plight,0.52,0.547,0.45
rotation,0.52,0.55,0.67
vaccine,0.52,0.555,0.5
ecliptic,0.52,0.556,0.531
recidivism,0.52,0.558,0.245
bail,0.52,0.561,0.373
pronounce,0.52,0.563,0.653
juicer,0.52,0.564,0.552
diver,0.52,0.564,0.594
insertion,0.52,0.565,0.521
detect,0.52,0.565,0.531
prove,0.52,0.566,0.583
fad,0.52,0.57,0.663
inseparable,0.52,0.571,0.7
refreshing,0.52,0.571,0.936
automotive,0.52,0.577,0.656
zoo,0.52,0.58,0.76
deploy,0.52,0.585,0.5
occupy,0.52,0.589,0.396
conspicuous,0.52,0.596,0.479
corvette,0.52,0.598,0.551
precedence,0.52,0.598,0.594
mitigating,0.52,0.6,0.551
distinctive,0.52,0.604,0.885
heraldry,0.52,0.607,0.55
physical,0.52,0.607,0.75
deployment,0.52,0.612,0.51
escrow,0.52,0.613,0.449
scotch,0.52,0.615,0.578
smartass,0.52,0.62,0.364
modification,0.52,0.625,0.48
female,0.52,0.625,0.857
dandy,0.52,0.63,0.673
procure,0.52,0.63,0.745
personable,0.52,0.637,0.816
brainy,0.52,0.648,0.708
dogmatic,0.52,0.654,0.448
unafraid,0.52,0.655,0.5
circulation,0.52,0.657,0.735
deliverance,0.52,0.658,0.75
reciprocal,0.52,0.66,0.677
trilogy,0.52,0.664,0.615
choice,0.52,0.664,0.745
performance,0.52,0.672,0.75
parenting,0.52,0.676,0.812
chemistry,0.52,0.694,0.625
lender,0.52,0.703,0.34
savvy,0.52,0.706,0.719
global,0.52,0.713,0.583
diagnose,0.52,0.714,0.378
guiding,0.52,0.714,0.667
attentive,0.52,0.724,0.812
gleam,0.52,0.741,0.781
christmas,0.52,0.741,0.959
keyword,0.52,0.747,0.602
regain,0.52,0.759,0.729
extensive,0.52,0.76,0.635
elector,0.52,0.766,0.479
onus,0.52,0.769,0.562
settle,0.52,0.772,0.833
realistic,0.52,0.783,0.7
locate,0.52,0.786,0.583
rekindle,0.52,0.788,0.656
managerial,0.52,0.791,0.604
compromise,0.52,0.805,0.677
prevalence,0.52,0.815,0.618
qualified,0.52,0.815,0.76
overseer,0.52,0.873,0.552
authoritative,0.52,0.89,0.636
eternity,0.52,0.911,0.765
attainment,0.52,0.94,0.83
very negative,0.521,0.148,0.062
infirm,0.521,0.21,0.115
distorted,0.521,0.28,0.25
caboodle,0.521,0.325,0.529
milkshake,0.521,0.33,0.796
tourniquet,0.521,0.398,0.335
columbine,0.521,0.407,0.52
schoolgirl,0.521,0.415,0.76
viscosity,0.521,0.454,0.417
elude,0.521,0.464,0.438
hayride,0.521,0.464,0.561
tinsel,0.521,0.473,0.663
encumbrance,0.521,0.48,0.3
stopwatch,0.521,0.482,0.469
stars,0.521,0.484,0.796
migratory,0.521,0.491,0.448
holidays,0.521,0.512,0.939
bonehead,0.521,0.518,0.337
hyperbole,0.521,0.542,0.469
checklist,0.521,0.552,0.561
externally,0.521,0.568,0.643
compression,0.521,0.579,0.646
romanticism,0.521,0.593,0.854
taker,0.521,0.618,0.375
virtually,0.521,0.625,0.594
reinstatement,0.521,0.707,0.729
novelty,0.521,0.74,0.673
thriving,0.521,0.779,0.865
drudgery,0.522,0.241,0.094
mortgagor,0.522,0.49,0.431
newness,0.522,0.588,0.74
pilgrimage,0.522,0.625,0.708
replay,0.522,0.761,0.612
hypocrisy,0.523,0.37,0.156
zippy,0.523,0.455,0.561
jurist,0.523,0.713,0.479
lawman,0.523,0.786,0.51
conundrum,0.524,0.408,0.354
colonoscopy,0.524,0.466,0.208
glut,0.524,0.54,0.417
vassal,0.525,0.196,0.417
backtrack,0.525,0.278,0.312
bate,0.525,0.464,0.429
cabriolet,0.525,0.472,0.667
outlook,0.525,0.625,0.83
breakthrough,0.525,0.718,0.68
gripe,0.526,0.241,0.184
unwitting,0.526,0.344,0.26
opener,0.526,0.377,0.584
sothankful,0.526,0.418,0.729
pager,0.526,0.554,0.51
cohabitation,0.526,0.598,0.646
goodtimes,0.526,0.629,0.91
upscale,0.526,0.846,0.698
negative,0.527,0.176,0.102
imperfect,0.527,0.202,0.173
shears,0.527,0.254,0.429
subordination,0.527,0.343,0.27
spoiler,0.527,0.38,0.347
mitigation,0.527,0.423,0.448
incidence,0.527,0.429,0.417
intake,0.527,0.442,0.604
fathead,0.527,0.463,0.296
circumstances,0.527,0.464,0.562
itemize,0.527,0.518,0.459
breaker,0.527,0.52,0.323
lobbyist,0.527,0.565,0.385
interchange,0.527,0.565,0.615
beginnings,0.527,0.6,0.837
welcoming,0.527,0.636,0.905
mainstream,0.527,0.66,0.653
garrison,0.527,0.679,0.51
rooted,0.527,0.718,0.51
rearrangement,0.527,0.769,0.542
bright,0.527,0.812,0.89
responsible,0.527,0.833,0.837
convincing,0.527,0.9,0.76
fecal,0.528,0.213,0.255
hesitating,0.528,0.24,0.265
smelly,0.528,0.245,0.1
confounded,0.528,0.264,0.333
tinker,0.528,0.275,0.396
snubbed,0.528,0.279,0.265
misnomer,0.528,0.284,0.296
unsuitable,0.528,0.3,0.188
slum,0.528,0.302,0.292
cigarette,0.528,0.304,0.219
smoker,0.528,0.311,0.208
swill,0.528,0.322,0.427
dusky,0.528,0.324,0.229
dysentery,0.528,0.345,0.26
whatif,0.528,0.351,0.523
submerged,0.528,0.357,0.337
sucking,0.528,0.377,0.227
scintilla,0.528,0.385,0.476
wright,0.528,0.389,0.54
slurp,0.528,0.411,0.54
graft,0.528,0.42,0.41
high heels,0.528,0.429,0.646
refund,0.528,0.43,0.541
erratum,0.528,0.436,0.327
supple,0.528,0.436,0.812
bluddy,0.528,0.442,0.312
unpack,0.528,0.445,0.531
weeding,0.528,0.454,0.458
jaws,0.528,0.455,0.385
zesty,0.528,0.456,0.562
subliminal,0.528,0.464,0.41
cutie,0.528,0.464,0.638
reprimand,0.528,0.465,0.153
freight,0.528,0.49,0.411
surcharge,0.528,0.5,0.375
lancer,0.528,0.519,0.417
buffalo,0.528,0.527,0.469
brunette,0.528,0.529,0.802
pretend,0.528,0.542,0.49
joust,0.528,0.551,0.52
beginning,0.528,0.558,0.816
reopen,0.528,0.568,0.656
cute,0.528,0.579,0.92
hound,0.528,0.582,0.417
rehabilitation,0.528,0.606,0.406
millionth,0.528,0.611,0.635
disarm,0.528,0.613,0.292
corrective,0.528,0.613,0.448
drove,0.528,0.623,0.541
reputed,0.528,0.627,0.439
displacency,0.528,0.642,0.5
fuel,0.528,0.644,0.445
urban,0.528,0.644,0.561
mythic,0.528,0.645,0.635
taxpayer,0.528,0.647,0.592
resumption,0.528,0.653,0.637
determined,0.528,0.673,0.76
fulfillment,0.528,0.683,0.833
implication,0.528,0.69,0.337
produced,0.528,0.693,0.724
higher,0.528,0.713,0.866
demonstrative,0.528,0.736,0.656
rosy,0.528,0.755,0.94
improve,0.528,0.815,0.833
great trust,0.528,0.853,0.939
politics,0.528,0.855,0.25
unclean,0.529,0.134,0.133
incapable,0.529,0.155,0.156
debased,0.529,0.17,0.219
vanquished,0.529,0.176,0.496
soiled,0.529,0.213,0.106
pigsty,0.529,0.221,0.133
scorned,0.529,0.226,0.062
inability,0.529,0.25,0.15
untrained,0.529,0.282,0.149
disengage,0.529,0.304,0.406
plaintive,0.529,0.306,0.292
carcass,0.529,0.309,0.115
lowlife,0.529,0.309,0.296
panties,0.529,0.312,0.594
inadequateness,0.529,0.316,0.24
confound,0.529,0.333,0.347
cheeseburger,0.529,0.336,0.802
eek,0.529,0.343,0.292
hickey,0.529,0.345,0.448
discredit,0.529,0.355,0.075
tinkle,0.529,0.356,0.562
neonatal,0.529,0.357,0.542
rescission,0.529,0.36,0.333
nudie,0.529,0.373,0.5
mince,0.529,0.378,0.417
piped,0.529,0.379,0.36
skirting,0.529,0.386,0.449
pee,0.529,0.391,0.449
femme,0.529,0.398,0.551
pickup,0.529,0.42,0.561
soannoyed,0.529,0.426,0.271
symptom,0.529,0.434,0.38
callback,0.529,0.434,0.524
flip,0.529,0.435,0.281
movingon,0.529,0.435,0.49
peppy,0.529,0.438,0.677
conga,0.529,0.44,0.469
schoolyard,0.529,0.44,0.684
hang,0.529,0.446,0.323
shortstop,0.529,0.45,0.418
beach,0.529,0.455,0.885
pun,0.529,0.457,0.653
portray,0.529,0.457,0.656
gong,0.529,0.462,0.49
chapman,0.529,0.465,0.562
nymph,0.529,0.472,0.542
camping,0.529,0.48,0.653
incubus,0.529,0.482,0.458
camper,0.529,0.482,0.573
effyou,0.529,0.49,0.354
juicy,0.529,0.49,0.823
heathen,0.529,0.491,0.194
commit,0.529,0.491,0.365
furnace,0.529,0.5,0.429
baritone,0.529,0.5,0.592
marital,0.529,0.5,0.76
reposition,0.529,0.509,0.408
ostensibly,0.529,0.509,0.473
bra,0.529,0.509,0.672
peroxide,0.529,0.51,0.458
gatorade,0.529,0.519,0.719
initiation,0.529,0.527,0.698
liquidity,0.529,0.534,0.688
tropic,0.529,0.536,0.74
repeat,0.529,0.552,0.49
happening,0.529,0.555,0.646
reconvene,0.529,0.56,0.49
capitation,0.529,0.589,0.479
imaginable,0.529,0.596,0.613
espouse,0.529,0.598,0.802
solucky,0.529,0.615,0.573
ascertained,0.529,0.616,0.531
indescribable,0.529,0.648,0.448
promulgation,0.529,0.651,0.602
cheque,0.529,0.66,0.698
predilection,0.529,0.661,0.667
gaggle,0.529,0.664,0.542
pleasurable,0.529,0.669,0.948
surreal,0.529,0.67,0.55
magnetic,0.529,0.673,0.612
regent,0.529,0.675,0.68
superimposed,0.529,0.683,0.49
hookup,0.529,0.683,0.625
delve,0.529,0.684,0.469
expanse,0.529,0.689,0.594
choosing,0.529,0.689,0.719
deem,0.529,0.69,0.594
psychics,0.529,0.692,0.49
convertible,0.529,0.717,0.542
outgrow,0.529,0.722,0.51
depict,0.529,0.723,0.663
interested,0.529,0.725,0.75
fertility,0.529,0.726,0.885
magnetism,0.529,0.741,0.63
mettle,0.529,0.75,0.667
thrive,0.529,0.772,0.948
mansions,0.529,0.777,0.735
profession,0.529,0.786,0.68
heightened,0.529,0.788,0.592
fitness,0.529,0.81,0.875
legacy,0.529,0.827,0.792
chieftain,0.529,0.86,0.343
upper,0.529,0.868,0.74
sovereignty,0.529,0.886,0.719
discontent,0.53,0.263,0.24
yey,0.53,0.29,0.677
yehey,0.53,0.298,0.49
discount,0.53,0.302,0.724
peck,0.53,0.321,0.202
haphazard,0.53,0.324,0.469
tinkling,0.53,0.324,0.612
blackout,0.53,0.349,0.126
notched,0.53,0.356,0.48
perplexing,0.53,0.362,0.316
sulfur,0.53,0.364,0.173
buried,0.53,0.37,0.133
bopper,0.53,0.385,0.398
exclusion,0.53,0.389,0.24
bubonic,0.53,0.394,0.28
suspension,0.53,0.426,0.288
streamer,0.53,0.429,0.615
irreparable,0.53,0.43,0.061
tattler,0.53,0.434,0.417
watchout,0.53,0.455,0.396
contrived,0.53,0.458,0.408
jarhead,0.53,0.464,0.408
lengthened,0.53,0.474,0.448
implied,0.53,0.481,0.327
stepmother,0.53,0.484,0.427
dabble,0.53,0.491,0.55
concours,0.53,0.495,0.5
penitent,0.53,0.508,0.542
revisit,0.53,0.509,0.552
eugenics,0.53,0.518,0.448
escalator,0.53,0.518,0.5
bloodstream,0.53,0.528,0.552
lengthening,0.53,0.528,0.673
trek,0.53,0.535,0.469
smiled,0.53,0.536,0.949
wildlife,0.53,0.561,0.656
melodious,0.53,0.587,0.932
hydraulics,0.53,0.588,0.5
clubs,0.53,0.591,0.723
contestant,0.53,0.602,0.76
enroll,0.53,0.611,0.696
ascertain,0.53,0.625,0.56
hawk,0.53,0.631,0.583
commodore,0.53,0.636,0.427
bid,0.53,0.655,0.76
protection,0.53,0.664,0.863
solve,0.53,0.688,0.656
undertaking,0.53,0.696,0.667
leafy,0.53,0.7,0.653
performer,0.53,0.708,0.541
prized,0.53,0.714,0.906
manage,0.53,0.719,0.56
rigidity,0.53,0.726,0.198
distinguishable,0.53,0.727,0.635
congregate,0.53,0.733,0.653
deepen,0.53,0.776,0.625
deputy,0.53,0.787,0.429
virtuous,0.53,0.822,0.89
government,0.53,0.85,0.427
directive,0.53,0.918,0.604
vagabond,0.531,0.144,0.384
nonsense,0.531,0.155,0.214
sunk,0.531,0.185,0.146
crummy,0.531,0.224,0.125
misguided,0.531,0.259,0.28
salty,0.531,0.288,0.388
raggedy,0.531,0.314,0.198
disgrace,0.531,0.331,0.061
sux,0.531,0.331,0.406
unexplained,0.531,0.349,0.271
waitress,0.531,0.352,0.646
lawnmower,0.531,0.355,0.48
intestinal,0.531,0.37,0.357
crowbar,0.531,0.386,0.406
inhospitable,0.531,0.395,0.265
snort,0.531,0.413,0.469
ferment,0.531,0.418,0.375
rumpus,0.531,0.422,0.448
wishbone,0.531,0.426,0.494
crusty,0.531,0.473,0.625
displacement,0.531,0.481,0.276
coed,0.531,0.481,0.469
bar,0.531,0.481,0.5
overthemoon,0.531,0.481,0.643
mutable,0.531,0.491,0.426
glean,0.531,0.5,0.398
dive,0.531,0.5,0.583
city,0.531,0.508,0.847
stud,0.531,0.509,0.564
plowing,0.531,0.518,0.562
knock,0.531,0.527,0.312
candlestick,0.531,0.534,0.448
consumption,0.531,0.538,0.39
tourism,0.531,0.545,0.823
metabolic,0.531,0.559,0.408
inlay,0.531,0.565,0.406
petitioner,0.531,0.566,0.601
teen,0.531,0.568,0.729
biochemistry,0.531,0.596,0.552
romantic,0.531,0.598,0.936
shaman,0.531,0.604,0.49
uncompromising,0.531,0.613,0.32
limousine,0.531,0.64,0.638
successor,0.531,0.648,0.729
contingent,0.531,0.659,0.47
marksmanship,0.531,0.664,0.573
heartily,0.531,0.664,0.927
oracle,0.531,0.67,0.552
publicist,0.531,0.676,0.562
readiness,0.531,0.7,0.708
blacksmith,0.531,0.702,0.48
asserting,0.531,0.736,0.694
caretaker,0.531,0.759,0.714
laser,0.531,0.769,0.469
upbeat,0.531,0.802,0.878
takeover,0.531,0.861,0.663
doctor,0.531,0.861,0.7
clairvoyant,0.531,0.897,0.765
unconvincing,0.532,0.144,0.19
urinalysis,0.532,0.398,0.344
virtual,0.532,0.463,0.598
male,0.532,0.695,0.612
oily,0.533,0.385,0.276
virulence,0.533,0.438,0.094
bargain,0.533,0.67,0.653
notably,0.533,0.689,0.792
constellation,0.533,0.775,0.719
snoopy,0.534,0.291,0.573
blender,0.534,0.351,0.602
meathead,0.534,0.49,0.306
gazillion,0.534,0.538,0.531
purpose,0.534,0.782,0.8
descend,0.535,0.231,0.385
timewasters,0.535,0.291,0.391
wino,0.535,0.349,0.406
rainstorm,0.535,0.377,0.392
groundless,0.535,0.387,0.333
scrambled,0.535,0.539,0.451
vast,0.535,0.545,0.52
clarify,0.535,0.625,0.652
cult,0.535,0.648,0.448
lasting,0.535,0.745,0.804
update,0.535,0.802,0.698
organization,0.535,0.851,0.81
departed,0.536,0.391,0.245
deflation,0.536,0.407,0.287
tinnitus,0.536,0.411,0.384
babe,0.536,0.424,0.86
lass,0.536,0.433,0.656
speakeasy,0.536,0.442,0.68
extractor,0.536,0.519,0.302
bandstand,0.536,0.52,0.735
gargoyle,0.536,0.525,0.286
soldering,0.536,0.538,0.573
cohesion,0.536,0.555,0.604
doubled,0.536,0.56,0.427
prolongation,0.536,0.675,0.542
fraternity,0.536,0.679,0.892
betterment,0.536,0.769,0.898
unmatched,0.536,0.771,0.776
petty,0.537,0.236,0.21
pixie,0.537,0.325,0.562
peeper,0.537,0.343,0.182
take,0.537,0.348,0.828
constrained,0.537,0.357,0.135
fallible,0.537,0.402,0.365
sitcom,0.537,0.407,0.562
whisk,0.537,0.412,0.5
booger,0.537,0.427,0.399
stickup,0.537,0.434,0.453
guzzler,0.537,0.436,0.393
hinder,0.537,0.47,0.276
recording,0.537,0.474,0.573
forwarding,0.537,0.51,0.583
forklift,0.537,0.526,0.48
chromatography,0.537,0.535,0.48
vile,0.537,0.553,0.083
stream,0.537,0.559,0.449
deter,0.537,0.567,0.344
targeted,0.537,0.573,0.573
registrar,0.537,0.574,0.599
neurology,0.537,0.58,0.459
hospital,0.537,0.598,0.323
exemplar,0.537,0.625,0.844
instrument,0.537,0.655,0.562
iconic,0.537,0.7,0.583
industrious,0.537,0.791,0.72
sponsor,0.537,0.8,0.729
manufacturer,0.537,0.83,0.688
legendary,0.537,0.863,0.857
insecure,0.538,0.132,0.114
lose,0.538,0.176,0.115
deceased,0.538,0.188,0.021
skirts,0.538,0.241,0.622
detriment,0.538,0.263,0.281
imbalance,0.538,0.264,0.115
lagging,0.538,0.277,0.135
unintentional,0.538,0.306,0.333
grr,0.538,0.333,0.229
throat,0.538,0.346,0.35
cold,0.538,0.348,0.398
stitch,0.538,0.357,0.306
jerky,0.538,0.358,0.233
hooch,0.538,0.373,0.429
tout,0.538,0.375,0.48
entrails,0.538,0.387,0.365
rustle,0.538,0.394,0.333
syncope,0.538,0.398,0.245
blister,0.538,0.402,0.407
sleaze,0.538,0.405,0.312
store,0.538,0.407,0.646
rover,0.538,0.421,0.51
reversion,0.538,0.425,0.458
clinch,0.538,0.43,0.469
children,0.538,0.435,0.857
cuss,0.538,0.443,0.354
steamy,0.538,0.445,0.479
intravenous,0.538,0.458,0.357
groovy,0.538,0.464,0.615
gumption,0.538,0.488,0.48
subatomic,0.538,0.491,0.385
contrasted,0.538,0.491,0.521
carriage,0.538,0.491,0.65
cinema,0.538,0.5,0.698
switch,0.538,0.509,0.5
roadworks,0.538,0.509,0.562
circumstantial,0.538,0.519,0.5
fix,0.538,0.519,0.76
endgame,0.538,0.526,0.449
widen,0.538,0.527,0.562
careful,0.538,0.53,0.625
humongous,0.538,0.536,0.378
glint,0.538,0.541,0.677
tramway,0.538,0.543,0.615
synchronous,0.538,0.545,0.6
fabled,0.538,0.545,0.625
diversified,0.538,0.549,0.602
blaster,0.538,0.554,0.459
succulent,0.538,0.556,0.823
dispose,0.538,0.559,0.548
headlock,0.538,0.56,0.448
decontamination,0.538,0.573,0.611
copilot,0.538,0.573,0.64
discharge,0.538,0.578,0.427
turned,0.538,0.583,0.63
preparing,0.538,0.585,0.735
recurrence,0.538,0.615,0.49
driver,0.538,0.637,0.553
lookout,0.538,0.639,0.698
rehabilitate,0.538,0.642,0.671
restock,0.538,0.645,0.51
trained,0.538,0.645,0.771
hombres,0.538,0.652,0.51
motion,0.538,0.657,0.667
confessions,0.538,0.658,0.325
thanking,0.538,0.658,0.917
prophesy,0.538,0.682,0.673
designate,0.538,0.683,0.531
cosmic,0.538,0.692,0.663
physicist,0.538,0.693,0.635
conceive,0.538,0.7,0.708
gestation,0.538,0.702,0.561
convert,0.538,0.704,0.551
idea,0.538,0.704,0.75
mega,0.538,0.723,0.724
grad,0.538,0.733,0.806
onward,0.538,0.741,0.667
irrespective,0.538,0.745,0.497
testimonial,0.538,0.75,0.541
voter,0.538,0.754,0.612
brew,0.538,0.758,0.74
assemblyman,0.538,0.76,0.43
assessor,0.538,0.764,0.551
opportune,0.538,0.767,0.796
justice,0.538,0.787,0.76
regimen,0.538,0.84,0.428
major,0.538,0.874,0.684
greatly positive,0.538,0.877,0.967
morgue,0.539,0.241,0.022
pantyhose,0.539,0.25,0.57
dearth,0.539,0.255,0.156
detour,0.539,0.309,0.398
unbutton,0.539,0.311,0.479
tangled,0.539,0.316,0.26
weirdo,0.539,0.328,0.173
pepper,0.539,0.328,0.4
disease,0.539,0.333,0.041
provisional,0.539,0.364,0.531
cricket,0.539,0.37,0.423
phosphorus,0.539,0.37,0.429
tit,0.539,0.388,0.402
foxhole,0.539,0.389,0.312
laddie,0.539,0.391,0.668
boomer,0.539,0.441,0.48
expiration,0.539,0.463,0.265
roughly,0.539,0.463,0.448
mover,0.539,0.466,0.615
remove,0.539,0.472,0.292
tryout,0.539,0.472,0.459
critter,0.539,0.482,0.542
gift,0.539,0.483,0.88
theatrics,0.539,0.486,0.694
unheard,0.539,0.5,0.344
techno,0.539,0.5,0.561
brig,0.539,0.5,0.573
tidal,0.539,0.519,0.592
chauvinist,0.539,0.527,0.31
ordeal,0.539,0.529,0.344
mistrial,0.539,0.536,0.427
supporters,0.539,0.558,0.763
obliterate,0.539,0.569,0.25
circumscribed,0.539,0.569,0.365
turpentine,0.539,0.571,0.32
restrict,0.539,0.577,0.115
undetectable,0.539,0.604,0.438
lava,0.539,0.615,0.28
greet,0.539,0.618,0.885
procession,0.539,0.643,0.656
detectable,0.539,0.649,0.479
gallant,0.539,0.679,0.908
prescient,0.539,0.696,0.531
immeasurable,0.539,0.712,0.51
shine,0.539,0.741,0.844
convince,0.539,0.763,0.708
optimist,0.539,0.787,0.875
gratify,0.539,0.794,0.837
excluded,0.54,0.134,0.061
atrophy,0.54,0.208,0.177
attrition,0.54,0.259,0.229
precarious,0.54,0.273,0.107
awry,0.54,0.275,0.156
brrr,0.54,0.282,0.373
sweaty,0.54,0.304,0.281
cutting board,0.54,0.342,0.337
eeeek,0.54,0.349,0.367
footwork,0.54,0.352,0.448
fingerscrossed,0.54,0.356,0.573
removal,0.54,0.368,0.245
regretted,0.54,0.368,0.352
scalding,0.54,0.381,0.271
puffy,0.54,0.387,0.333
bugler,0.54,0.393,0.542
unknowable,0.54,0.396,0.347
inhumanity,0.54,0.405,0.143
girlie,0.54,0.409,0.604
rouser,0.54,0.423,0.48
calorie,0.54,0.427,0.333
clambake,0.54,0.429,0.542
jukebox,0.54,0.429,0.699
terrier,0.54,0.431,0.562
vanity,0.54,0.439,0.26
grocery,0.54,0.446,0.687
methadone,0.54,0.453,0.24
december,0.54,0.464,0.74
jammer,0.54,0.491,0.417
showing,0.54,0.491,0.622
car,0.54,0.5,0.776
expensive,0.54,0.53,0.323
kinetic,0.54,0.537,0.582
banger,0.54,0.538,0.378
neurological,0.54,0.558,0.5
consummate,0.54,0.558,0.551
hankering,0.54,0.558,0.604
incumbent,0.54,0.565,0.396
tailoring,0.54,0.566,0.673
reassemble,0.54,0.589,0.552
dialectic,0.54,0.638,0.51
iceberg,0.54,0.648,0.344
oversized,0.54,0.679,0.552
ceremonial,0.54,0.691,0.771
plan,0.54,0.733,0.646
instrumentalist,0.54,0.74,0.656
princely,0.54,0.763,0.786
masculine,0.54,0.773,0.653
cool,0.54,0.781,0.885
paradise,0.54,0.796,0.875
resilient,0.54,0.801,0.542
forerunner,0.54,0.843,0.694
decide,0.54,0.855,0.656
parliament,0.54,0.858,0.573
specialize,0.54,0.861,0.776
emaciated,0.541,0.151,0.103
trash,0.541,0.154,0.163
withdrawal,0.541,0.226,0.275
toothless,0.541,0.272,0.312
beep,0.541,0.304,0.595
roast,0.541,0.311,0.521
unjustified,0.541,0.314,0.288
motherless,0.541,0.337,0.163
minstrel,0.541,0.397,0.458
thorn,0.541,0.427,0.296
dismissive,0.541,0.43,0.188
refractor,0.541,0.433,0.51
displace,0.541,0.454,0.424
chime,0.541,0.464,0.573
spastic,0.541,0.491,0.24
dismiss,0.541,0.509,0.167
flick,0.541,0.515,0.688
saw,0.541,0.518,0.316
cautionary,0.541,0.519,0.51
windy,0.541,0.528,0.33
consuming,0.541,0.536,0.573
suppression,0.541,0.537,0.267
inadvertently,0.541,0.549,0.302
spectroscopy,0.541,0.57,0.47
imaginative,0.541,0.593,0.78
inscrutable,0.541,0.613,0.459
vendor,0.541,0.627,0.541
inexhaustible,0.541,0.643,0.602
intersection,0.541,0.658,0.344
irreversible,0.541,0.667,0.17
mentalhealth,0.541,0.67,0.562
mountaintop,0.541,0.713,0.653
evidentiary,0.541,0.717,0.448
job,0.541,0.717,0.694
confederacy,0.541,0.736,0.59
treasury,0.541,0.736,0.812
compulsory,0.541,0.791,0.343
sheriff,0.541,0.802,0.602
glorification,0.541,0.817,0.821
householder,0.541,0.833,0.816
intelligent,0.541,0.868,0.917
magistrate,0.541,0.904,0.587
governmental,0.541,0.906,0.521
professionalism,0.541,0.944,0.781
tiresome,0.542,0.153,0.24
reeling,0.542,0.267,0.327
denying,0.542,0.272,0.08
drifted,0.542,0.31,0.312
hesitant,0.542,0.321,0.333
deferral,0.542,0.327,0.765
inappropriate,0.542,0.353,0.135
parting,0.542,0.353,0.26
chandelier,0.542,0.366,0.615
leaving,0.542,0.371,0.163
goblin,0.542,0.377,0.333
prowl,0.542,0.396,0.312
misrepresent,0.542,0.418,0.198
memoriesiwontforget,0.542,0.455,0.635
episodic,0.542,0.462,0.531
guitar,0.542,0.469,0.844
fray,0.542,0.482,0.337
eclectic,0.542,0.508,0.646
esquire,0.542,0.518,0.604
relay,0.542,0.543,0.738
telegram,0.542,0.55,0.561
intended,0.542,0.587,0.406
prepare,0.542,0.603,0.656
talisman,0.542,0.642,0.704
restitution,0.542,0.643,0.583
choose,0.542,0.648,0.615
salute,0.542,0.681,0.833
counteract,0.542,0.688,0.378
committed,0.542,0.712,0.71
reputation,0.542,0.721,0.74
disposition,0.542,0.734,0.663
representation,0.542,0.75,0.677
preparedness,0.542,0.763,0.76
resign,0.543,0.273,0.25
frisbee,0.543,0.364,0.706
boogie,0.543,0.4,0.59
scoop,0.543,0.64,0.583
devastated,0.544,0.264,0.12
riveting,0.544,0.394,0.448
nab,0.544,0.407,0.469
twosome,0.544,0.5,0.583
mar,0.544,0.545,0.622
availability,0.544,0.6,0.796
quorum,0.544,0.602,0.615
trade,0.544,0.69,0.561
maker,0.544,0.706,0.698
chief,0.544,0.869,0.52
freedom,0.544,0.905,0.969
miserably,0.545,0.15,0.28
tangle,0.545,0.254,0.354
puke,0.545,0.292,0.204
luau,0.545,0.296,0.594
whimper,0.545,0.308,0.271
bungee,0.545,0.327,0.637
shitless,0.545,0.333,0.271
spur,0.545,0.34,0.378
bacterium,0.545,0.345,0.194
interrupts,0.545,0.389,0.204
cleave,0.545,0.389,0.296
segregation,0.545,0.39,0.302
substituted,0.545,0.394,0.271
opposite,0.545,0.408,0.235
blonde,0.545,0.412,0.698
grandchildren,0.545,0.426,0.796
haywire,0.545,0.43,0.358
spit,0.545,0.436,0.149
itinerant,0.545,0.439,0.449
wiz,0.545,0.441,0.467
hindrance,0.545,0.473,0.135
beater,0.545,0.482,0.438
superstitious,0.545,0.514,0.281
tour,0.545,0.543,0.663
cataract,0.545,0.549,0.406
symphonic,0.545,0.566,0.775
electronics,0.545,0.574,0.708
brag,0.545,0.578,0.347
cardiology,0.545,0.605,0.203
recreate,0.545,0.616,0.724
marketable,0.545,0.664,0.746
realism,0.545,0.67,0.74
forensics,0.545,0.679,0.235
ranger,0.545,0.705,0.526
triplicate,0.545,0.717,0.684
icebreaker,0.545,0.848,0.571
debtor,0.546,0.16,0.219
unwanted,0.546,0.205,0.177
impurity,0.546,0.306,0.173
slink,0.546,0.314,0.46
cha cha,0.546,0.324,0.714
cantstandit,0.546,0.343,0.418
underwear,0.546,0.375,0.61
tobacco,0.546,0.387,0.327
revolve,0.546,0.402,0.592
tabasco,0.546,0.404,0.375
uppity,0.546,0.417,0.465
occupied,0.546,0.441,0.337
bash,0.546,0.463,0.385
mercurial,0.546,0.518,0.49
buffet,0.546,0.519,0.656
flock,0.546,0.543,0.5
stakeout,0.546,0.6,0.344
stipend,0.546,0.614,0.604
capitulation,0.546,0.615,0.375
thaumaturgy,0.546,0.618,0.51
stipulate,0.546,0.623,0.57
motherhood,0.546,0.667,0.844
inherit,0.546,0.694,0.745
profound,0.546,0.736,0.755
confederate,0.546,0.792,0.551
build,0.546,0.806,0.771
misstatement,0.547,0.221,0.302
unsatisfied,0.547,0.241,0.2
flu,0.547,0.25,0.23
guise,0.547,0.324,0.531
wannabe,0.547,0.337,0.602
frisk,0.547,0.377,0.49
brute,0.547,0.379,0.115
intestines,0.547,0.398,0.292
pisser,0.547,0.398,0.378
sledding,0.547,0.422,0.625
divest,0.547,0.424,0.365
paradoxical,0.547,0.433,0.406
prance,0.547,0.435,0.683
sled,0.547,0.446,0.635
paean,0.547,0.471,0.552
swami,0.547,0.491,0.51
getyourown,0.547,0.492,0.469
edict,0.547,0.56,0.316
cuddled,0.547,0.567,0.906
supermarket,0.547,0.571,0.69
bighorn,0.547,0.58,0.48
publish,0.547,0.603,0.714
selectman,0.547,0.609,0.552
laudation,0.547,0.623,0.542
brighten,0.547,0.649,0.76
psychotherapy,0.547,0.651,0.396
bearer,0.547,0.676,0.571
sentry,0.547,0.684,0.47
concurrent,0.547,0.741,0.573
trust,0.547,0.741,0.888
valuable,0.547,0.798,0.899
kingdom,0.547,0.91,0.714
flunk,0.548,0.17,0.104
unwillingly,0.548,0.182,0.204
hesitate,0.548,0.232,0.459
vagrant,0.548,0.25,0.265
stingy,0.548,0.283,0.094
titty,0.548,0.294,0.561
jam,0.548,0.318,0.51
sentimentality,0.548,0.319,0.771
irregular,0.548,0.321,0.312
flutter,0.548,0.33,0.479
chatty,0.548,0.345,0.594
tambourine,0.548,0.348,0.622
sneakers,0.548,0.349,0.604
variations,0.548,0.353,0.458
rarity,0.548,0.364,0.646
whiny,0.548,0.375,0.208
misunderstand,0.548,0.382,0.177
oscillating,0.548,0.402,0.469
jargon,0.548,0.404,0.333
scat,0.548,0.409,0.337
headlong,0.548,0.409,0.354
blown,0.548,0.412,0.333
tistheseason,0.548,0.435,0.646
darkly,0.548,0.443,0.219
cavernous,0.548,0.462,0.354
decorating,0.548,0.462,0.863
mutate,0.548,0.463,0.281
chatterbox,0.548,0.482,0.459
wry,0.548,0.528,0.219
trimmer,0.548,0.529,0.26
do,0.548,0.536,0.67
share,0.548,0.545,0.759
shifting,0.548,0.546,0.518
rejoin,0.548,0.556,0.655
withstand,0.548,0.571,0.37
prompt,0.548,0.582,0.602
glider,0.548,0.59,0.618
proletariat,0.548,0.6,0.404
uplifting,0.548,0.605,0.771
indemnify,0.548,0.613,0.449
procedure,0.548,0.654,0.625
slender,0.548,0.664,0.812
reconnect,0.548,0.667,0.63
duchess,0.548,0.711,0.656
immediate,0.548,0.716,0.656
scenic,0.548,0.756,0.684
distribution,0.548,0.788,0.635
pleased,0.548,0.795,0.939
authenticity,0.548,0.845,0.67
dung,0.549,0.149,0.104
unhealthy,0.549,0.214,0.115
asthma,0.549,0.227,0.198
deteriorated,0.549,0.237,0.053
hiccup,0.549,0.24,0.271
boooo,0.549,0.255,0.271
disconcerting,0.549,0.269,0.106
snafu,0.549,0.274,0.375
declination,0.549,0.311,0.25
heaviness,0.549,0.318,0.219
bearish,0.549,0.324,0.521
fatten,0.549,0.363,0.375
impracticable,0.549,0.381,0.398
morphism,0.549,0.386,0.398
variegated,0.549,0.406,0.398
waitinggame,0.549,0.406,0.604
skeet,0.549,0.413,0.469
sweeper,0.549,0.414,0.47
outsider,0.549,0.447,0.398
buzzed,0.549,0.448,0.583
wed,0.549,0.448,0.604
tilt,0.549,0.463,0.365
secrecy,0.549,0.475,0.294
ventricular,0.549,0.475,0.44
bullpen,0.549,0.5,0.48
hydroponics,0.549,0.5,0.5
citation,0.549,0.508,0.57
harness,0.549,0.508,0.57
masked,0.549,0.518,0.375
redhead,0.549,0.518,0.677
funday,0.549,0.525,0.743
peddle,0.549,0.538,0.539
rhino,0.549,0.555,0.531
sweetie,0.549,0.56,0.99
turbine,0.549,0.575,0.52
borer,0.549,0.578,0.302
speedometer,0.549,0.579,0.427
ostensible,0.549,0.585,0.542
interpretive,0.549,0.595,0.531
grip,0.549,0.602,0.52
enlightenment,0.549,0.619,0.837
substantiate,0.549,0.636,0.531
bulldozer,0.549,0.643,0.459
invitation,0.549,0.647,0.802
credit,0.549,0.648,0.673
chiropractor,0.549,0.651,0.42
nursing,0.549,0.653,0.552
overshadow,0.549,0.654,0.333
impregnable,0.549,0.667,0.378
enlighten,0.549,0.667,0.729
partisan,0.549,0.669,0.615
purchaser,0.549,0.673,0.51
generative,0.549,0.708,0.724
irrefutable,0.549,0.716,0.496
lecturer,0.549,0.736,0.677
renovate,0.549,0.755,0.878
graduate,0.549,0.778,0.898
operations,0.549,0.798,0.48
truthfulness,0.549,0.808,0.92
domain,0.549,0.828,0.573
promising,0.549,0.858,0.791
positivity,0.549,0.87,0.959
manager,0.549,0.897,0.625
disapproved,0.55,0.114,0.104
neglect,0.55,0.163,0.045
sickly,0.55,0.191,0.188
wrongly,0.55,0.202,0.054
vanishing,0.55,0.322,0.292
killjoy,0.55,0.324,0.178
excluding,0.55,0.324,0.271
incomprehensible,0.55,0.344,0.25
charade,0.55,0.346,0.458
skateboard,0.55,0.353,0.677
sully,0.55,0.37,0.378
toocold,0.55,0.379,0.42
goofball,0.55,0.382,0.561
scattering,0.55,0.394,0.347
heartworm,0.55,0.43,0.333
quote,0.55,0.43,0.68
friggen,0.55,0.442,0.39
straddle,0.55,0.444,0.306
scrambler,0.55,0.444,0.417
roam,0.55,0.444,0.51
squat,0.55,0.453,0.33
chargeable,0.55,0.453,0.551
itinerary,0.55,0.454,0.551
lubricant,0.55,0.454,0.656
zeppelin,0.55,0.472,0.542
spurt,0.55,0.475,0.448
dropout,0.55,0.481,0.253
constraint,0.55,0.481,0.323
tanned,0.55,0.491,0.615
chariot,0.55,0.491,0.684
ironic,0.55,0.5,0.435
crossover,0.55,0.5,0.559
joyride,0.55,0.5,0.694
senorita,0.55,0.5,0.765
crispy,0.55,0.509,0.656
carpenter,0.55,0.519,0.521
luminescent,0.55,0.526,0.796
newme,0.55,0.527,0.643
laxative,0.55,0.528,0.271
ops,0.55,0.528,0.417
blower,0.55,0.536,0.564
synergistic,0.55,0.547,0.571
sumptuous,0.55,0.555,0.698
finalize,0.55,0.578,0.556
culminate,0.55,0.602,0.667
reporter,0.55,0.604,0.531
prolific,0.55,0.604,0.625
forestall,0.55,0.606,0.54
connected,0.55,0.612,0.816
prescribe,0.55,0.618,0.459
thrown,0.55,0.619,0.5
embark,0.55,0.619,0.541
finder,0.55,0.63,0.36
ringleader,0.55,0.64,0.52
credit card,0.55,0.64,0.67
frontier,0.55,0.65,0.438
reunite,0.55,0.657,0.656
yummy,0.55,0.658,0.878
playwright,0.55,0.667,0.672
desirability,0.55,0.675,0.684
soprano,0.55,0.685,0.552
teeming,0.55,0.727,0.582
doer,0.55,0.728,0.724
crediting,0.55,0.741,0.673
illustrious,0.55,0.741,0.673
resolution,0.55,0.745,0.78
unimpeachable,0.55,0.784,0.684
discourse,0.55,0.803,0.41
providing,0.55,0.896,0.816
litter,0.551,0.11,0.255
incompetence,0.551,0.208,0.077
heartbroken,0.551,0.235,0.082
obscure,0.551,0.278,0.37
dumfound,0.551,0.295,0.271
weeds,0.551,0.315,0.32
riff,0.551,0.343,0.521
flipping,0.551,0.345,0.553
omgomgomg,0.551,0.358,0.49
questionable,0.551,0.365,0.268
disapproval,0.551,0.367,0.085
jive,0.551,0.373,0.561
disintegration,0.551,0.381,0.094
hamburger,0.551,0.387,0.809
sleigh,0.551,0.396,0.742
rhinestone,0.551,0.408,0.531
nibble,0.551,0.411,0.551
fumble,0.551,0.412,0.36
flexion,0.551,0.418,0.449
headland,0.551,0.43,0.574
ragetweet,0.551,0.431,0.398
rewind,0.551,0.431,0.46
harebrained,0.551,0.436,0.296
bonbon,0.551,0.446,0.865
whistle,0.551,0.463,0.653
dribble,0.551,0.465,0.417
fete,0.551,0.465,0.58
pacing,0.551,0.491,0.583
gin,0.551,0.518,0.449
chance,0.551,0.525,0.833
confine,0.551,0.538,0.327
sublet,0.551,0.545,0.469
try,0.551,0.556,0.604
cohort,0.551,0.566,0.459
sportswriter,0.551,0.566,0.76
inkling,0.551,0.57,0.448
dissemination,0.551,0.583,0.476
promissory,0.551,0.593,0.571
reinstate,0.551,0.596,0.76
caliber,0.551,0.606,0.429
promo,0.551,0.614,0.602
wholesale,0.551,0.619,0.76
motor,0.551,0.648,0.531
preponderance,0.551,0.66,0.562
republican,0.551,0.664,0.398
consumer,0.551,0.677,0.507
pronounced,0.551,0.694,0.67
extra,0.551,0.745,0.656
very positive,0.551,0.825,1
politician,0.551,0.863,0.323
undeserved,0.552,0.283,0.219
dissenting,0.552,0.366,0.208
onedge,0.552,0.4,0.479
preclude,0.552,0.417,0.333
mesmerized,0.552,0.421,0.52
jumbo,0.552,0.447,0.68
drink,0.552,0.474,0.65
lifeline,0.552,0.496,0.735
insert,0.552,0.519,0.481
band,0.552,0.525,0.648
savor,0.552,0.526,0.827
lovethis,0.552,0.526,0.867
luscious,0.552,0.545,0.885
inconceivable,0.552,0.561,0.198
deliberative,0.552,0.573,0.392
pathologist,0.552,0.585,0.354
smug,0.552,0.587,0.198
rigid,0.552,0.591,0.357
check,0.552,0.602,0.523
breakingnews,0.552,0.607,0.5
uncover,0.552,0.648,0.771
bulwark,0.552,0.675,0.551
sightseeing,0.552,0.697,0.875
overtaken,0.552,0.702,0.594
cash,0.552,0.714,0.867
demonstrate,0.552,0.839,0.771
resent,0.553,0.163,0.073
ludicrous,0.553,0.274,0.137
enchilada,0.553,0.371,0.542
dam,0.553,0.394,0.25
steaming,0.553,0.402,0.592
doorknob,0.553,0.462,0.406
escarpment,0.553,0.47,0.406
decoration,0.553,0.526,0.878
bacteria,0.553,0.57,0.177
sear,0.553,0.6,0.49
synaptic,0.553,0.622,0.573
modernism,0.553,0.703,0.76
fake,0.554,0.268,0.073
hunger,0.554,0.328,0.083
undergo,0.554,0.339,0.398
pelagic,0.554,0.491,0.521
backhoe,0.554,0.562,0.398
hallelujah,0.554,0.657,0.77
elect,0.554,0.661,0.667
booming,0.554,0.661,0.688
embed,0.554,0.67,0.417
parliamentary,0.554,0.755,0.49
beholden,0.555,0.212,0.296
dizziness,0.555,0.254,0.229
woeful,0.555,0.255,0.135
untoward,0.555,0.291,0.122
sordid,0.555,0.447,0.219
dissociation,0.555,0.471,0.135
comedy,0.555,0.49,0.918
fox,0.555,0.491,0.323
preamble,0.555,0.491,0.541
stunt,0.555,0.526,0.387
find,0.555,0.58,0.774
welcome,0.555,0.664,0.898
navigate,0.555,0.675,0.74
medal,0.555,0.746,0.854
perform,0.555,0.773,0.765
supervise,0.555,0.889,0.698
pretended,0.556,0.227,0.167
tumble,0.556,0.272,0.276
mannered,0.556,0.291,0.469
spending,0.556,0.33,0.333
emphysema,0.556,0.336,0.156
misinterpretation,0.556,0.36,0.112
cleaner,0.556,0.375,0.604
comics,0.556,0.384,0.69
bagpipes,0.556,0.412,0.541
tide,0.556,0.42,0.541
overpriced,0.556,0.472,0.271
disinfection,0.556,0.473,0.517
berserk,0.556,0.48,0.398
disobey,0.556,0.491,0.143
paste,0.556,0.5,0.5
greeting,0.556,0.51,0.854
immersion,0.556,0.564,0.51
mythical,0.556,0.583,0.625
tending,0.556,0.594,0.622
emporium,0.556,0.724,0.622
new age,0.556,0.727,0.694
ay,0.557,0.255,0.5
gahhh,0.557,0.278,0.323
cracking,0.557,0.286,0.327
misconception,0.557,0.291,0.21
mismatched,0.557,0.302,0.25
panty,0.557,0.303,0.451
wink,0.557,0.304,0.688
disrupting,0.557,0.339,0.186
fleabag,0.557,0.348,0.271
godless,0.557,0.358,0.316
smoking,0.557,0.384,0.176
oddity,0.557,0.386,0.312
distraction,0.557,0.39,0.402
crimp,0.557,0.396,0.26
drawbridge,0.557,0.438,0.551
ohgod,0.557,0.439,0.5
carrying,0.557,0.443,0.656
contracted,0.557,0.449,0.344
picketing,0.557,0.471,0.33
rebuild,0.557,0.519,0.656
subvert,0.557,0.536,0.357
frequency,0.557,0.537,0.561
sinker,0.557,0.538,0.302
meteorological,0.557,0.556,0.635
behappy,0.557,0.562,0.875
impression,0.557,0.577,0.684
sedition,0.557,0.591,0.327
princess,0.557,0.62,0.885
praising,0.557,0.623,0.906
fair,0.557,0.643,0.812
caterer,0.557,0.644,0.55
feedback,0.557,0.645,0.622
youngster,0.557,0.661,0.796
devise,0.557,0.67,0.551
conduction,0.557,0.717,0.53
brains,0.557,0.722,0.663
lordship,0.557,0.736,0.573
prevail,0.557,0.75,0.724
monarchy,0.557,0.87,0.45
stinky,0.558,0.176,0.092
fault,0.558,0.184,0.188
excrement,0.558,0.221,0.041
wasted,0.558,0.259,0.188
blemish,0.558,0.272,0.219
unfamiliar,0.558,0.273,0.219
clot,0.558,0.275,0.15
rot,0.558,0.301,0.031
dysfunctional,0.558,0.307,0.125
misread,0.558,0.315,0.115
skeletal,0.558,0.318,0.306
mange,0.558,0.348,0.311
drooping,0.558,0.353,0.245
kinky,0.558,0.361,0.449
creeper,0.558,0.366,0.429
pushover,0.558,0.375,0.347
moderate disgust,0.558,0.381,0.229
captive,0.558,0.411,0.235
tucker,0.558,0.429,0.475
nosy,0.558,0.433,0.292
herpesvirus,0.558,0.435,0.219
coagulation,0.558,0.436,0.381
supplant,0.558,0.463,0.344
trolley,0.558,0.464,0.562
seclusion,0.558,0.505,0.23
suckling,0.558,0.518,0.596
crux,0.558,0.519,0.469
coroner,0.558,0.526,0.323
fuselage,0.558,0.529,0.312
teaser,0.558,0.534,0.51
hire,0.558,0.556,0.688
polygon,0.558,0.557,0.49
skull,0.558,0.574,0.276
redress,0.558,0.649,0.677
warlock,0.558,0.657,0.312
songwriter,0.558,0.713,0.844
bullion,0.558,0.729,0.693
trajectory,0.558,0.779,0.653
protecting,0.558,0.832,0.878
prospectus,0.558,0.873,0.612
error,0.559,0.198,0.094
depressing,0.559,0.216,0.146
displeasure,0.559,0.25,0.115
waive,0.559,0.311,0.276
decadent,0.559,0.324,0.29
malpractice,0.559,0.33,0.094
interrupted,0.559,0.333,0.281
reflux,0.559,0.347,0.281
deviled,0.559,0.358,0.347
grope,0.559,0.358,0.42
prissy,0.559,0.364,0.354
badfeeling,0.559,0.365,0.25
flexin,0.559,0.366,0.552
unsightly,0.559,0.373,0.226
gadget,0.559,0.382,0.635
billiards,0.559,0.387,0.643
mow,0.559,0.393,0.42
tentacle,0.559,0.398,0.37
sidestep,0.559,0.407,0.378
seesaw,0.559,0.41,0.57
gastric,0.559,0.43,0.327
pileup,0.559,0.446,0.34
caravan,0.559,0.455,0.635
ingest,0.559,0.473,0.51
temperature,0.559,0.473,0.521
cuddle,0.559,0.475,0.885
quit,0.559,0.488,0.469
suppress,0.559,0.509,0.281
traffic,0.559,0.518,0.323
soundtrack,0.559,0.518,0.63
swimming,0.559,0.524,0.76
convolution,0.559,0.527,0.417
typist,0.559,0.528,0.551
catalysis,0.559,0.531,0.385
permeation,0.559,0.536,0.418
extramural,0.559,0.537,0.336
ladylike,0.559,0.538,0.592
boogeyman,0.559,0.567,0.292
simulator,0.559,0.583,0.677
swearing,0.559,0.586,0.333
assay,0.559,0.594,0.633
barter,0.559,0.596,0.465
mariachi,0.559,0.609,0.71
zillion,0.559,0.63,0.612
retaining,0.559,0.632,0.417
playback,0.559,0.639,0.656
introduce,0.559,0.648,0.592
reaffirm,0.559,0.654,0.75
favoritism,0.559,0.658,0.582
salesman,0.559,0.664,0.643
wrought,0.559,0.681,0.322
expand,0.559,0.686,0.792
psychic,0.559,0.726,0.49
multiplied,0.559,0.729,0.802
humanrights,0.559,0.73,0.792
lifetime,0.559,0.736,0.816
ploy,0.559,0.741,0.458
procurement,0.559,0.759,0.781
ceremony,0.559,0.761,0.76
divinity,0.559,0.774,0.896
organism,0.559,0.8,0.457
forefront,0.559,0.811,0.573
effectual,0.559,0.82,0.776
monarch,0.559,0.87,0.583
fool,0.56,0.148,0.16
doubting,0.56,0.189,0.224
wretched,0.56,0.19,0.135
misuse,0.56,0.196,0.083
impure,0.56,0.208,0.26
embarrassed,0.56,0.246,0.184
tingle,0.56,0.264,0.46
turnoff,0.56,0.327,0.312
scuff,0.56,0.376,0.165
jaded,0.56,0.4,0.255
gash,0.56,0.406,0.429
calorimeter,0.56,0.414,0.406
froggy,0.56,0.425,0.5
ways,0.56,0.425,0.688
hoot,0.56,0.43,0.449
tango,0.56,0.43,0.622
unholy,0.56,0.445,0.327
recurring,0.56,0.445,0.37
plow,0.56,0.456,0.531
entreat,0.56,0.462,0.304
orangutan,0.56,0.471,0.43
movie,0.56,0.471,0.792
hobby,0.56,0.471,0.827
transportation,0.56,0.472,0.667
difference,0.56,0.483,0.474
shutup,0.56,0.491,0.333
shindig,0.56,0.491,0.552
quintet,0.56,0.5,0.56
chemical,0.56,0.508,0.337
chopper,0.56,0.509,0.594
legwork,0.56,0.509,0.622
verbiage,0.56,0.535,0.429
crunchy,0.56,0.539,0.625
sanguine,0.56,0.545,0.52
pathology,0.56,0.558,0.271
hypnotic,0.56,0.569,0.571
feminist,0.56,0.585,0.51
sighting,0.56,0.627,0.582
communicative,0.56,0.637,0.847
bestow,0.56,0.642,0.656
connection,0.56,0.655,0.729
summon,0.56,0.664,0.521
spectator,0.56,0.667,0.694
rectification,0.56,0.695,0.449
dapper,0.56,0.698,0.77
irrevocable,0.56,0.712,0.296
homage,0.56,0.737,0.833
gorgeous,0.56,0.741,0.92
workings,0.56,0.745,0.704
goddess,0.56,0.888,0.865
competent,0.56,0.904,0.865
majority,0.56,0.93,0.684
defect,0.561,0.185,0.135
marred,0.561,0.233,0.181
erroneous,0.561,0.245,0.057
dissatisfied,0.561,0.291,0.042
fop,0.561,0.328,0.281
imitate,0.561,0.336,0.469
pedometer,0.561,0.405,0.469
variation,0.561,0.406,0.635
smithereens,0.561,0.409,0.281
nitrous,0.561,0.411,0.435
druggist,0.561,0.417,0.24
fallacy,0.561,0.43,0.112
ghoul,0.561,0.43,0.26
potluck,0.561,0.433,0.621
sarcophagus,0.561,0.435,0.271
gymnasium,0.561,0.474,0.667
secession,0.561,0.509,0.323
occur,0.561,0.51,0.451
ruffle,0.561,0.518,0.443
blare,0.561,0.519,0.439
differentiation,0.561,0.535,0.367
transition,0.561,0.558,0.605
grasping,0.561,0.561,0.327
overpass,0.561,0.565,0.562
excise,0.561,0.577,0.448
intuitively,0.561,0.648,0.67
lumbering,0.561,0.655,0.354
unforgettable,0.561,0.66,0.833
openness,0.561,0.667,0.837
devotion,0.561,0.673,0.802
rife,0.561,0.692,0.57
constantly,0.561,0.7,0.663
fusion,0.561,0.741,0.635
depth,0.561,0.759,0.708
willing,0.561,0.783,0.833
magnify,0.561,0.839,0.729
producer,0.561,0.917,0.559
unsafe,0.562,0.147,0.115
sissy,0.562,0.232,0.333
belch,0.562,0.24,0.194
blotched,0.562,0.264,0.133
deviate,0.562,0.269,0.173
chickenpox,0.562,0.357,0.173
cock,0.562,0.392,0.418
chipmunk,0.562,0.409,0.573
cuddling,0.562,0.433,0.917
cacophony,0.562,0.44,0.408
boyish,0.562,0.462,0.698
riddance,0.562,0.472,0.323
expo,0.562,0.5,0.61
outlying,0.562,0.503,0.46
gasoline,0.562,0.519,0.417
prismatic,0.562,0.54,0.429
privately,0.562,0.541,0.458
believed,0.562,0.547,0.5
revere,0.562,0.608,0.75
godsend,0.562,0.613,0.865
receiving,0.562,0.623,0.719
shimmer,0.562,0.656,0.745
audit,0.562,0.735,0.375
insider,0.562,0.75,0.625
noticeable,0.562,0.75,0.89
progression,0.562,0.8,0.74
priority,0.562,0.864,0.878
specialist,0.562,0.877,0.76
maxim,0.562,0.887,0.875
sinus,0.563,0.34,0.531
criticism,0.563,0.505,0.115
readjustment,0.563,0.51,0.56
music,0.563,0.605,0.833
ruined,0.564,0.194,0.135
blindfolded,0.564,0.209,0.208
meth,0.564,0.34,0.354
sith,0.564,0.373,0.439
embargo,0.564,0.443,0.229
haul,0.564,0.453,0.551
eel,0.564,0.487,0.292
fondling,0.564,0.5,0.794
filly,0.564,0.519,0.479
freelancer,0.564,0.553,0.614
duplication,0.564,0.577,0.48
enact,0.564,0.598,0.68
economical,0.564,0.673,0.667
preside,0.564,0.75,0.542
billion,0.564,0.782,0.719
projecting,0.564,0.786,0.635
headmaster,0.564,0.865,0.604
hangover,0.565,0.267,0.188
lure,0.565,0.3,0.439
dislocation,0.565,0.373,0.229
frivolous,0.565,0.377,0.271
mouthful,0.565,0.389,0.609
slammer,0.565,0.391,0.417
scrounge,0.565,0.397,0.21
irregularly,0.565,0.397,0.292
rub,0.565,0.4,0.521
bouncy,0.565,0.429,0.562
intermittent,0.565,0.436,0.337
stomp,0.565,0.438,0.365
sprout,0.565,0.443,0.582
bending,0.565,0.455,0.448
reaper,0.565,0.464,0.34
autograph,0.565,0.473,0.735
banshee,0.565,0.481,0.408
vehicle,0.565,0.5,0.641
contusion,0.565,0.509,0.167
vending,0.565,0.549,0.417
fuse,0.565,0.574,0.373
raptors,0.565,0.591,0.28
circumstance,0.565,0.596,0.52
penal,0.565,0.61,0.208
hotline,0.565,0.663,0.592
motorcar,0.565,0.682,0.694
correspondent,0.565,0.712,0.573
determinable,0.565,0.723,0.625
large,0.565,0.736,0.704
liberal,0.565,0.755,0.565
multiplication,0.565,0.762,0.646
visionary,0.565,0.791,0.823
inheritance,0.565,0.798,0.9
honorary,0.565,0.811,0.885
optimism,0.565,0.814,0.949
official,0.565,0.833,0.646
vitality,0.565,0.869,0.923
incompetent,0.566,0.239,0.133
vanished,0.566,0.255,0.208
fearing,0.566,0.256,0.125
purge,0.566,0.327,0.125
reptile,0.566,0.365,0.35
bong,0.566,0.375,0.333
racy,0.566,0.39,0.427
diddle,0.566,0.393,0.429
ruling,0.566,0.41,0.177
chili,0.566,0.433,0.592
suburb,0.566,0.441,0.354
roadie,0.566,0.455,0.5
discern,0.566,0.518,0.459
holidayseason,0.566,0.518,0.875
catamaran,0.566,0.526,0.571
hadenough,0.566,0.529,0.323
countless,0.566,0.534,0.52
partisanship,0.566,0.551,0.438
precede,0.566,0.552,0.615
cowgirl,0.566,0.554,0.541
luster,0.566,0.558,0.833
relationship,0.566,0.589,0.867
depicting,0.566,0.602,0.49
thelife,0.566,0.629,0.688
boardroom,0.566,0.661,0.555
gynecologist,0.566,0.682,0.552
enlightened,0.566,0.7,0.956
illuminator,0.566,0.718,0.77
superlative,0.566,0.737,0.714
irrepressible,0.566,0.745,0.512
wealthy,0.566,0.862,0.927
idiot,0.567,0.113,0.086
guilt,0.567,0.206,0.208
loss,0.567,0.211,0.062
shamed,0.567,0.218,0.135
immaturity,0.567,0.221,0.146
forsake,0.567,0.223,0.102
foregone,0.567,0.235,0.271
misinformed,0.567,0.25,0.156
rat,0.567,0.255,0.271
fearfully,0.567,0.271,0.112
regretting,0.567,0.273,0.255
stinker,0.567,0.275,0.163
vagrancy,0.567,0.277,0.219
pox,0.567,0.309,0.235
defeatist,0.567,0.315,0.163
imperfection,0.567,0.321,0.19
cramped,0.567,0.36,0.24
hiding,0.567,0.364,0.25
jellyfish,0.567,0.377,0.531
unspeakable,0.567,0.393,0.327
lees,0.567,0.406,0.36
dialysis,0.567,0.407,0.194
schnapps,0.567,0.417,0.583
shyster,0.567,0.424,0.292
iniquity,0.567,0.425,0.219
pricey,0.567,0.43,0.34
entourage,0.567,0.467,0.491
jailbird,0.567,0.473,0.24
fermentation,0.567,0.473,0.42
chardonnay,0.567,0.492,0.677
somethingigetalot,0.567,0.509,0.573
baseball bat,0.567,0.509,0.667
decanter,0.567,0.51,0.438
plot,0.567,0.51,0.469
secrete,0.567,0.518,0.427
prolong,0.567,0.535,0.573
expletive,0.567,0.536,0.357
detection,0.567,0.538,0.708
roadrage,0.567,0.565,0.458
pulsation,0.567,0.585,0.448
intending,0.567,0.597,0.51
birdman,0.567,0.604,0.49
inaugural,0.567,0.608,0.684
viva,0.567,0.644,0.84
fruition,0.567,0.664,0.776
steamroller,0.567,0.667,0.396
oligarchy,0.567,0.741,0.327
pronouncement,0.567,0.75,0.662
lifelike,0.567,0.765,0.776
authorization,0.567,0.817,0.521
reign,0.567,0.873,0.806
perfecto,0.567,0.889,0.802
chairman,0.567,0.933,0.656
burger,0.568,0.398,0.688
generator,0.568,0.864,0.704
vomit,0.569,0.188,0.073
deformity,0.569,0.241,0.16
incorrect,0.569,0.255,0.14
imbecile,0.569,0.26,0.082
caries,0.569,0.283,0.115
sticky,0.569,0.292,0.385
reprehensible,0.569,0.351,0.316
pertussis,0.569,0.386,0.279
schism,0.569,0.386,0.28
blistering,0.569,0.39,0.344
diatribe,0.569,0.409,0.354
postponement,0.569,0.414,0.448
canine,0.569,0.425,0.573
spider,0.569,0.43,0.229
disperse,0.569,0.434,0.375
rubbing,0.569,0.44,0.406
subduction,0.569,0.445,0.35
wanker,0.569,0.446,0.29
changing,0.569,0.461,0.571
inflate,0.569,0.462,0.305
roadside,0.569,0.472,0.5
bittersweet,0.569,0.474,0.469
talon,0.569,0.475,0.344
mobile,0.569,0.481,0.615
propeller,0.569,0.482,0.479
welding,0.569,0.491,0.51
exchange,0.569,0.491,0.74
averse,0.569,0.492,0.253
auto,0.569,0.5,0.571
rebate,0.569,0.51,0.667
prenuptial,0.569,0.526,0.633
boa,0.569,0.542,0.255
speakerphone,0.569,0.56,0.531
virology,0.569,0.562,0.418
mechanical,0.569,0.564,0.479
streetcar,0.569,0.566,0.39
responsive,0.569,0.573,0.816
pacemaker,0.569,0.582,0.448
witness,0.569,0.593,0.562
jewelry,0.569,0.597,0.823
duress,0.569,0.612,0.302
meeting,0.569,0.613,0.75
rhetorical,0.569,0.635,0.417
satisfactory,0.569,0.702,0.959
musketeer,0.569,0.705,0.694
inquest,0.569,0.721,0.458
business,0.569,0.755,0.688
begin,0.569,0.763,0.677
primordial,0.569,0.771,0.625
lawyer,0.569,0.784,0.521
rugged,0.569,0.793,0.561
unsurpassed,0.569,0.798,0.694
hardy,0.569,0.81,0.571
reformer,0.569,0.905,0.562
negligence,0.57,0.251,0.092
stench,0.57,0.298,0.104
supplication,0.57,0.309,0.469
sneezing,0.57,0.345,0.434
hashish,0.57,0.358,0.37
bulimic,0.57,0.373,0.092
parkinsons,0.57,0.373,0.104
pour,0.57,0.375,0.448
distortion,0.57,0.38,0.299
concealment,0.57,0.39,0.302
trumpet,0.57,0.393,0.573
scifi,0.57,0.394,0.592
perish,0.57,0.415,0.296
freshman,0.57,0.441,0.677
midwife,0.57,0.453,0.531
pubescent,0.57,0.455,0.55
midwifery,0.57,0.459,0.51
warren,0.57,0.464,0.417
bear,0.57,0.475,0.448
serenade,0.57,0.491,0.875
grin,0.57,0.491,0.885
cellblock,0.57,0.5,0.186
covert,0.57,0.508,0.5
pubic,0.57,0.509,0.406
bankroll,0.57,0.509,0.469
seasoned,0.57,0.509,0.812
disclose,0.57,0.545,0.49
commendable,0.57,0.555,0.786
empathic,0.57,0.558,0.76
dentistry,0.57,0.569,0.429
revolving,0.57,0.58,0.602
inoculation,0.57,0.598,0.333
married,0.57,0.602,0.674
reconciliation,0.57,0.604,0.896
rite,0.57,0.606,0.378
communism,0.57,0.623,0.264
feminism,0.57,0.636,0.541
unveiling,0.57,0.675,0.569
operational,0.57,0.679,0.562
extend,0.57,0.689,0.646
dressy,0.57,0.696,0.8
screening,0.57,0.709,0.562
assemble,0.57,0.75,0.542
charmed,0.57,0.769,0.938
bionic,0.57,0.788,0.571
barrister,0.57,0.792,0.469
satisfactorily,0.57,0.802,0.765
superposition,0.57,0.806,0.48
constructive,0.57,0.812,0.86
legion,0.57,0.852,0.469
compelling,0.57,0.87,0.698
glorified,0.57,0.886,0.865
superintendent,0.57,0.942,0.592
forlorn,0.571,0.217,0.316
impairment,0.571,0.22,0.17
suburbs,0.571,0.286,0.51
bewilder,0.571,0.289,0.306
bury,0.571,0.346,0.077
depreciation,0.571,0.386,0.143
pompous,0.571,0.409,0.5
childloss,0.571,0.421,0.24
tipper,0.571,0.431,0.427
treat,0.571,0.436,0.573
hunky,0.571,0.438,0.469
infield,0.571,0.438,0.51
gametime,0.571,0.442,0.735
petrify,0.571,0.447,0.177
venous,0.571,0.453,0.406
nintendo,0.571,0.464,0.802
circumvention,0.571,0.473,0.531
predisposed,0.571,0.483,0.531
clubhouse,0.571,0.493,0.694
diverting,0.571,0.537,0.396
inviting,0.571,0.538,0.938
disclaimer,0.571,0.542,0.367
handle,0.571,0.558,0.698
greatday,0.571,0.574,0.823
newsreel,0.571,0.577,0.625
chronicle,0.571,0.586,0.427
classic rock,0.571,0.588,0.729
banquet,0.571,0.6,0.765
metamorphosis,0.571,0.613,0.541
idolatry,0.571,0.625,0.365
cinematography,0.571,0.625,0.781
designation,0.571,0.675,0.612
outpost,0.571,0.675,0.635
heiress,0.571,0.676,0.827
greatful,0.571,0.676,0.923
demonstrating,0.571,0.693,0.698
traveler,0.571,0.7,0.837
auditor,0.571,0.726,0.582
capability,0.571,0.73,0.833
enforcement,0.571,0.736,0.594
distinction,0.571,0.75,0.584
galaxy,0.571,0.75,0.75
unmistakable,0.571,0.765,0.602
obligatory,0.571,0.78,0.337
royalty,0.571,0.833,0.832
ubiquitous,0.571,0.884,0.635
divine,0.571,0.885,0.918
leukemia,0.572,0.351,0.094
girl,0.572,0.443,0.74
crown,0.572,0.737,0.708
realist,0.572,0.809,0.72
cuckold,0.573,0.23,0.21
confetti,0.573,0.25,0.781
downhill,0.573,0.279,0.292
borrow,0.573,0.282,0.398
ducking,0.573,0.294,0.344
undue,0.573,0.318,0.156
sake,0.573,0.407,0.49
wayward,0.573,0.409,0.344
droll,0.573,0.422,0.459
jugular,0.573,0.426,0.271
running shoes,0.573,0.491,0.653
engulf,0.573,0.5,0.398
distilled,0.573,0.5,0.427
match,0.573,0.5,0.599
bumper,0.573,0.518,0.385
collectively,0.573,0.533,0.817
gutsy,0.573,0.536,0.635
mademyday,0.573,0.537,0.694
heater,0.573,0.538,0.5
pheromone,0.573,0.561,0.561
boatman,0.573,0.562,0.592
intimately,0.573,0.59,0.806
flourish,0.573,0.601,0.939
catabolism,0.573,0.605,0.265
encampment,0.573,0.605,0.677
broadsword,0.573,0.615,0.469
streamline,0.573,0.618,0.656
contentious,0.573,0.637,0.422
mythological,0.573,0.658,0.76
metaphysical,0.573,0.686,0.63
reactionary,0.573,0.69,0.406
intuitive,0.573,0.69,0.771
tribute,0.573,0.7,0.684
salient,0.573,0.702,0.6
remarkable,0.573,0.72,0.88
unbreakable,0.573,0.759,0.653
possessor,0.573,0.773,0.48
implement,0.573,0.792,0.72
target,0.573,0.798,0.633
promoter,0.573,0.817,0.646
unlicensed,0.574,0.196,0.306
need,0.574,0.2,0.51
carsick,0.574,0.255,0.224
wacko,0.574,0.33,0.271
dilatation,0.574,0.368,0.385
fest,0.574,0.402,0.704
flashing,0.574,0.438,0.604
coin,0.574,0.445,0.677
simulation,0.574,0.567,0.552
elucidation,0.574,0.586,0.65
flame,0.574,0.615,0.448
limitless,0.574,0.655,0.688
wrangler,0.574,0.676,0.417
imprint,0.574,0.685,0.615
galore,0.574,0.729,0.823
university,0.574,0.741,0.735
failure,0.575,0.139,0.167
gross,0.575,0.181,0.115
ska,0.575,0.245,0.458
inequality,0.575,0.259,0.122
yaay,0.575,0.327,0.604
yay,0.575,0.345,0.694
deplore,0.575,0.373,0.135
botulism,0.575,0.386,0.292
flattery,0.575,0.404,0.47
segregated,0.575,0.411,0.164
curvilinear,0.575,0.411,0.48
petition,0.575,0.415,0.498
quandary,0.575,0.422,0.208
gangway,0.575,0.45,0.49
rap,0.575,0.464,0.604
snowmageddon,0.575,0.472,0.375
recant,0.575,0.482,0.333
repeatedly,0.575,0.5,0.479
final,0.575,0.508,0.276
oedipal,0.575,0.509,0.312
circulatory,0.575,0.545,0.592
disclosed,0.575,0.546,0.271
transponder,0.575,0.565,0.564
dissertation,0.575,0.575,0.312
crescendo,0.575,0.594,0.76
happyheart,0.575,0.605,0.949
change,0.575,0.606,0.625
butcher,0.575,0.608,0.5
chemist,0.575,0.61,0.408
lifeisgood,0.575,0.611,0.812
conductivity,0.575,0.642,0.583
instinctive,0.575,0.694,0.752
beautification,0.575,0.725,0.885
expound,0.575,0.74,0.438
examiner,0.575,0.812,0.406
deft,0.575,0.849,0.719
creation,0.575,0.868,0.927
brilliant,0.575,0.923,0.939
extinguish,0.576,0.482,0.24
ego,0.576,0.593,0.328
punitive,0.576,0.605,0.281
retrieve,0.576,0.705,0.74
qualifications,0.576,0.75,0.776
malfunction,0.577,0.229,0.125
unrest,0.577,0.231,0.102
disinformation,0.577,0.26,0.23
rodent,0.577,0.279,0.323
stilts,0.577,0.3,0.439
dispossessed,0.577,0.331,0.354
burial,0.577,0.333,0.203
ooze,0.577,0.333,0.344
brokenheart,0.577,0.343,0.115
tetanus,0.577,0.368,0.133
henhouse,0.577,0.414,0.5
video,0.577,0.427,0.646
bigmouth,0.577,0.43,0.417
sopissed,0.577,0.433,0.276
virginal,0.577,0.464,0.673
tavern,0.577,0.475,0.516
slam,0.577,0.48,0.459
grapple,0.577,0.482,0.49
refit,0.577,0.506,0.5
clientele,0.577,0.508,0.625
gear,0.577,0.509,0.51
immerse,0.577,0.509,0.51
reboot,0.577,0.519,0.673
onelove,0.577,0.541,0.816
simultaneous,0.577,0.554,0.691
mandamus,0.577,0.556,0.439
hermeneutics,0.577,0.562,0.406
leeway,0.577,0.569,0.562
transaction,0.577,0.579,0.65
ineffable,0.577,0.585,0.551
drones,0.577,0.588,0.398
quarantine,0.577,0.589,0.16
retrial,0.577,0.593,0.5
lesson,0.577,0.593,0.704
ratification,0.577,0.609,0.653
complexed,0.577,0.612,0.312
enlargement,0.577,0.616,0.677
intercede,0.577,0.63,0.582
swear,0.577,0.658,0.601
fundraiser,0.577,0.667,0.61
incomparable,0.577,0.67,0.625
emcee,0.577,0.691,0.694
skipper,0.577,0.692,0.44
litigant,0.577,0.696,0.219
buck,0.577,0.72,0.677
autocratic,0.577,0.727,0.542
freelance,0.577,0.736,0.833
qualifying,0.577,0.789,0.788
invention,0.577,0.811,0.714
capitalist,0.577,0.821,0.352
impenetrable,0.577,0.839,0.531
organizer,0.577,0.846,0.604
spaceman,0.577,0.848,0.688
fail,0.578,0.154,0.177
unguarded,0.578,0.205,0.156
whoo,0.578,0.311,0.531
cyst,0.578,0.312,0.173
slight disgust,0.578,0.318,0.156
renunciation,0.578,0.336,0.26
entangled,0.578,0.357,0.319
degeneration,0.578,0.371,0.245
effects,0.578,0.379,0.47
scavenger,0.578,0.408,0.177
febrile,0.578,0.414,0.429
curtailment,0.578,0.431,0.23
notamorningperson,0.578,0.44,0.469
sag,0.578,0.445,0.153
matinee,0.578,0.447,0.694
clobber,0.578,0.464,0.396
foal,0.578,0.482,0.542
roughness,0.578,0.49,0.214
stretch,0.578,0.5,0.604
distinct,0.578,0.509,0.542
quotes,0.578,0.52,0.625
nurse,0.578,0.521,0.635
pagan,0.578,0.542,0.292
informer,0.578,0.58,0.521
harem,0.578,0.582,0.521
wingman,0.578,0.582,0.573
snapshot,0.578,0.588,0.573
coven,0.578,0.591,0.458
upland,0.578,0.607,0.719
yield,0.578,0.618,0.719
vaccination,0.578,0.621,0.53
exemption,0.578,0.627,0.531
testimony,0.578,0.643,0.615
endowment,0.578,0.647,0.685
sessions,0.578,0.65,0.646
spontaneous,0.578,0.655,0.78
recap,0.578,0.667,0.602
overlapping,0.578,0.684,0.595
heavyweight,0.578,0.713,0.429
bureaucracy,0.578,0.74,0.38
benefactor,0.578,0.755,0.833
enhance,0.578,0.814,0.802
supervision,0.578,0.825,0.459
sweat,0.579,0.297,0.388
chasm,0.579,0.5,0.265
clerk,0.579,0.509,0.5
scintillation,0.579,0.573,0.576
duty,0.579,0.651,0.583
beneficial,0.579,0.703,0.82
sheik,0.579,0.708,0.521
liberty,0.579,0.836,0.938
unsure,0.58,0.217,0.143
woefully,0.58,0.269,0.204
confuse,0.58,0.27,0.1
defective,0.58,0.274,0.122
potpourri,0.58,0.295,0.646
fruitless,0.58,0.311,0.26
chastened,0.58,0.345,0.156
chameleon,0.58,0.345,0.49
newborn,0.58,0.372,0.918
sprain,0.58,0.384,0.063
oscillate,0.58,0.397,0.449
derogatory,0.58,0.404,0.122
sulk,0.58,0.406,0.25
meringue,0.58,0.411,0.625
shackle,0.58,0.414,0.276
mescaline,0.58,0.415,0.49
lien,0.58,0.441,0.396
sonorous,0.58,0.442,0.646
copycat,0.58,0.443,0.449
unavoidable,0.58,0.445,0.35
sander,0.58,0.445,0.438
thoughtless,0.58,0.452,0.194
migrate,0.58,0.454,0.415
debriefing,0.58,0.456,0.427
search,0.58,0.462,0.635
lastday,0.58,0.463,0.309
mooted,0.58,0.463,0.388
burnished,0.58,0.464,0.52
glee,0.58,0.464,0.698
napalm,0.58,0.471,0.265
infamous,0.58,0.472,0.146
psychosomatic,0.58,0.473,0.25
roundup,0.58,0.474,0.52
uranium,0.58,0.49,0.375
fiddler,0.58,0.5,0.615
freshstart,0.58,0.5,0.765
secret,0.58,0.509,0.479
nunchucks,0.58,0.526,0.337
pitchfork,0.58,0.529,0.312
soviet,0.58,0.536,0.347
recursion,0.58,0.543,0.312
crewman,0.58,0.548,0.602
cruising,0.58,0.56,0.886
imbedded,0.58,0.562,0.406
attempted,0.58,0.567,0.594
relics,0.58,0.579,0.719
divers,0.58,0.602,0.583
news,0.58,0.61,0.633
tractor,0.58,0.619,0.449
warms,0.58,0.632,0.594
submission,0.58,0.633,0.531
quartermaster,0.58,0.661,0.551
falcon,0.58,0.678,0.557
participate,0.58,0.684,0.755
grouping,0.58,0.698,0.745
encourage,0.58,0.704,0.896
fidelity,0.58,0.709,0.765
joyous,0.58,0.728,0.958
hardness,0.58,0.745,0.417
stellar,0.58,0.769,0.796
jurisdiction,0.58,0.82,0.48
optimistic,0.58,0.821,0.979
irreplaceable,0.58,0.833,0.479
inspector,0.58,0.852,0.418
importance,0.58,0.864,0.75
legislator,0.58,0.877,0.49
director,0.58,0.912,0.688
transmit,0.581,0.673,0.836
politic,0.581,0.798,0.365
defeated,0.582,0.145,0.104
horseshit,0.582,0.179,0.153
dizzy,0.582,0.193,0.199
unprotected,0.582,0.197,0.15
crappy,0.582,0.208,0.039
ruination,0.582,0.209,0.184
headless,0.582,0.235,0.136
puss,0.582,0.236,0.306
disloyal,0.582,0.245,0.062
asshole,0.582,0.263,0.133
rumor,0.582,0.282,0.255
differences,0.582,0.342,0.365
winding,0.582,0.361,0.398
kooky,0.582,0.366,0.418
chimera,0.582,0.372,0.292
jinx,0.582,0.373,0.337
lastminute,0.582,0.385,0.418
unbelief,0.582,0.407,0.265
dissident,0.582,0.413,0.35
jackal,0.582,0.436,0.333
codeine,0.582,0.436,0.375
getup,0.582,0.455,0.541
wishmeluck,0.582,0.465,0.729
spiffy,0.582,0.47,0.615
wrong,0.582,0.48,0.042
juncture,0.582,0.491,0.365
frowning,0.582,0.5,0.194
playbook,0.582,0.5,0.673
jigsaw,0.582,0.519,0.594
undercurrent,0.582,0.52,0.357
secretion,0.582,0.529,0.354
inexcusable,0.582,0.546,0.271
thesis,0.582,0.552,0.583
moped,0.582,0.554,0.582
lovelovelove,0.582,0.554,0.948
foreclose,0.582,0.56,0.22
obstetrics,0.582,0.564,0.53
commute,0.582,0.565,0.622
cyclist,0.582,0.576,0.684
saturation,0.582,0.583,0.255
aspiring,0.582,0.604,0.844
notorious,0.582,0.609,0.366
loudness,0.582,0.62,0.35
spousal,0.582,0.632,0.656
practice,0.582,0.639,0.684
hydrodynamics,0.582,0.664,0.552
declaratory,0.582,0.673,0.635
hyped,0.582,0.679,0.708
inform,0.582,0.679,0.723
deserved,0.582,0.689,0.781
sportsmanship,0.582,0.694,0.89
stiffen,0.582,0.719,0.36
proctologist,0.582,0.722,0.531
transformer,0.582,0.723,0.582
legislate,0.582,0.736,0.571
inaugurate,0.582,0.8,0.781
value,0.582,0.802,0.875
pundit,0.582,0.833,0.644
fiscal,0.582,0.845,0.5
leader,0.582,0.926,0.833
mourn,0.583,0.15,0.056
grubby,0.583,0.176,0.156
smallpox,0.583,0.222,0.156
degrading,0.583,0.232,0.031
negligent,0.583,0.259,0.167
negligently,0.583,0.266,0.056
cretin,0.583,0.312,0.265
dumps,0.583,0.365,0.302
groupie,0.583,0.393,0.521
dip,0.583,0.397,0.516
cholesterol,0.583,0.398,0.198
distracting,0.583,0.4,0.445
fateful,0.583,0.402,0.29
highway,0.583,0.425,0.64
contrition,0.583,0.463,0.347
emery,0.583,0.472,0.469
pluck,0.583,0.474,0.375
billet,0.583,0.5,0.479
yahoo,0.583,0.522,0.643
ritualistic,0.583,0.54,0.45
riddle,0.583,0.543,0.521
standup,0.583,0.55,0.633
shipyard,0.583,0.595,0.398
gills,0.583,0.609,0.479
stratosphere,0.583,0.636,0.604
become,0.583,0.643,0.641
wish,0.583,0.647,0.771
spread,0.583,0.651,0.57
mechanism,0.583,0.664,0.573
burden,0.583,0.697,0.367
infinite,0.583,0.735,0.724
install,0.583,0.736,0.63
encouraging,0.583,0.755,0.823
reinforce,0.583,0.76,0.604
hardworking,0.583,0.792,0.719
polity,0.583,0.802,0.268
persevere,0.583,0.937,0.802
mite,0.584,0.271,0.29
horseradish,0.584,0.476,0.321
nepotism,0.584,0.517,0.349
modify,0.584,0.625,0.458
discerning,0.584,0.78,0.542
mistake,0.585,0.102,0.208
forked,0.585,0.365,0.333
sickle,0.585,0.37,0.427
snuggling,0.585,0.373,0.683
noxious,0.585,0.379,0.177
inaccessible,0.585,0.446,0.083
folklore,0.585,0.449,0.755
camouflage,0.585,0.45,0.438
lending,0.585,0.462,0.51
transpose,0.585,0.467,0.44
fasten,0.585,0.529,0.458
tribune,0.585,0.556,0.61
plantation,0.585,0.575,0.573
working,0.585,0.576,0.74
sharp,0.585,0.585,0.459
lock,0.585,0.6,0.271
dig,0.585,0.637,0.367
traction,0.585,0.648,0.429
buddy,0.585,0.655,0.884
welcomed,0.585,0.7,0.927
invert,0.585,0.706,0.51
negotiable,0.585,0.731,0.688
commence,0.585,0.741,0.76
versatility,0.585,0.75,0.878
resistant,0.585,0.815,0.592
impersonator,0.586,0.406,0.469
exhumation,0.586,0.473,0.177
moonwalk,0.586,0.525,0.615
contractile,0.586,0.569,0.48
boast,0.586,0.569,0.52
culmination,0.586,0.695,0.656
spawn,0.586,0.709,0.542
prophetic,0.586,0.796,0.688
unstable,0.587,0.15,0.167
moron,0.587,0.183,0.133
queasy,0.587,0.225,0.25
diversionary,0.587,0.3,0.551
impotent,0.587,0.333,0.146
indiscreet,0.587,0.342,0.177
broadcast,0.587,0.355,0.615
yayy,0.587,0.355,0.64
douchebags,0.587,0.366,0.327
scooter,0.587,0.371,0.51
fallacious,0.587,0.39,0.271
mimic,0.587,0.391,0.557
bloomers,0.587,0.395,0.521
babysit,0.587,0.398,0.719
inhumane,0.587,0.402,0.104
endocarditis,0.587,0.412,0.235
gay,0.587,0.429,0.388
unnatural,0.587,0.434,0.153
pissesmeoff,0.587,0.441,0.18
prickly,0.587,0.456,0.333
multiple sclerosis,0.587,0.483,0.188
dildo,0.587,0.491,0.536
irony,0.587,0.508,0.39
tirade,0.587,0.532,0.378
colt,0.587,0.543,0.561
capable,0.587,0.547,0.765
precautionary,0.587,0.548,0.449
scrutinize,0.587,0.573,0.458
volition,0.587,0.578,0.48
impound,0.587,0.583,0.23
elixir,0.587,0.604,0.708
insists,0.587,0.61,0.49
myfavorite,0.587,0.615,0.812
kudos,0.587,0.642,0.925
interworking,0.587,0.691,0.552
flagship,0.587,0.703,0.592
fabrication,0.587,0.705,0.573
developing,0.587,0.714,0.833
recognition,0.587,0.726,0.833
spirited,0.587,0.734,0.854
reorganization,0.587,0.754,0.622
momentous,0.587,0.76,0.792
chiefly,0.587,0.764,0.6
prosecute,0.587,0.769,0.479
booty,0.587,0.784,0.663
victor,0.587,0.796,0.802
engagement,0.587,0.807,0.906
honor,0.587,0.857,0.896
excellent,0.587,0.87,0.97
courageous,0.587,0.879,0.918
intelligence,0.587,0.885,0.833
ruin,0.588,0.192,0.125
ashamed,0.588,0.228,0.156
unannounced,0.588,0.291,0.24
hypochondriac,0.588,0.333,0.194
chimp,0.588,0.345,0.394
forfeiture,0.588,0.368,0.184
buzzing,0.588,0.37,0.43
twats,0.588,0.383,0.406
bugle,0.588,0.391,0.479
bosom,0.588,0.404,0.612
mummy,0.588,0.415,0.4
socialanxiety,0.588,0.426,0.27
punishable,0.588,0.433,0.198
happytweet,0.588,0.437,0.847
breakers,0.588,0.439,0.469
diversify,0.588,0.464,0.656
whatmakesmesmile,0.588,0.482,0.765
manned,0.588,0.484,0.551
unconstitutional,0.588,0.491,0.23
permutation,0.588,0.5,0.385
chipper,0.588,0.5,0.418
sailor,0.588,0.5,0.5
christmastime,0.588,0.515,0.837
relight,0.588,0.519,0.56
infrared,0.588,0.526,0.469
illumination,0.588,0.537,0.76
cougar,0.588,0.538,0.438
iridescent,0.588,0.539,0.602
crusader,0.588,0.548,0.439
horseback,0.588,0.566,0.688
nuptials,0.588,0.571,0.771
learning,0.588,0.574,0.833
manifestly,0.588,0.577,0.469
extremity,0.588,0.583,0.408
gaze,0.588,0.586,0.633
pay,0.588,0.592,0.514
canons,0.588,0.593,0.385
biceps,0.588,0.602,0.592
jewel,0.588,0.625,0.827
carrier,0.588,0.638,0.533
motive,0.588,0.663,0.667
heave,0.588,0.664,0.716
undisputed,0.588,0.673,0.646
composer,0.588,0.691,0.822
dignify,0.588,0.735,0.854
tough,0.588,0.742,0.344
exponential,0.588,0.763,0.704
rejuvenate,0.588,0.767,0.776
growth,0.588,0.776,0.917
perpetuate,0.588,0.788,0.397
create,0.588,0.789,0.786
banker,0.588,0.792,0.586
big,0.588,0.812,0.802
glittering,0.588,0.818,0.86
dynasty,0.588,0.936,0.725
leper,0.589,0.206,0.075
funk,0.589,0.39,0.466
deviant,0.589,0.398,0.094
quadrangle,0.589,0.573,0.458
corridor,0.589,0.592,0.604
happyplace,0.589,0.645,0.938
gainful,0.589,0.673,0.73
enigmatic,0.589,0.679,0.469
striker,0.589,0.696,0.5
expertise,0.589,0.925,0.792
demoralized,0.59,0.149,0.082
impolite,0.59,0.282,0.167
rotten,0.59,0.327,0.104
stupor,0.59,0.33,0.323
disagree,0.59,0.345,0.133
dumbasses,0.59,0.363,0.316
broke,0.59,0.37,0.245
dilemma,0.59,0.43,0.153
quotation,0.59,0.461,0.796
trawl,0.59,0.464,0.255
surrogate,0.59,0.472,0.406
calling,0.59,0.483,0.646
brandy,0.59,0.487,0.6
contraption,0.59,0.491,0.448
restrained,0.59,0.509,0.354
boiler,0.59,0.509,0.561
gynecology,0.59,0.519,0.408
llama,0.59,0.519,0.49
ilovechristmas,0.59,0.525,0.885
exhibition,0.59,0.531,0.698
retractor,0.59,0.557,0.354
recursive,0.59,0.561,0.459
lynx,0.59,0.567,0.51
restriction,0.59,0.569,0.13
speaking,0.59,0.575,0.753
transit,0.59,0.588,0.439
handcuff,0.59,0.593,0.31
electrician,0.59,0.62,0.449
traverse,0.59,0.629,0.571
flash,0.59,0.657,0.571
oppressive,0.59,0.667,0.276
multiplex,0.59,0.667,0.61
favorite,0.59,0.691,0.885
declaration,0.59,0.714,0.551
reorganize,0.59,0.722,0.667
monopolist,0.59,0.725,0.33
sparkly,0.59,0.726,0.885
possess,0.59,0.727,0.67
premium,0.59,0.769,0.786
renovation,0.59,0.779,0.816
prominence,0.59,0.796,0.706
paternity,0.59,0.806,0.704
law,0.59,0.815,0.74
ingenuity,0.59,0.868,0.708
scumbag,0.591,0.278,0.24
deprive,0.591,0.34,0.271
impropriety,0.591,0.389,0.133
fluctuating,0.591,0.395,0.292
soulless,0.591,0.4,0.125
fandango,0.591,0.429,0.49
speculative,0.591,0.464,0.276
tall,0.591,0.538,0.725
tillage,0.591,0.54,0.552
shuttle,0.591,0.547,0.531
tracing,0.591,0.565,0.418
empathize,0.591,0.66,0.802
glorify,0.591,0.661,0.94
fecundity,0.591,0.683,0.688
bulky,0.591,0.75,0.427
charisma,0.591,0.759,0.938
virtuoso,0.591,0.863,0.929
phony,0.592,0.202,0.115
unsanitary,0.592,0.269,0.063
malnutrition,0.592,0.277,0.024
starvation,0.592,0.284,0.24
tardy,0.592,0.293,0.204
unhook,0.592,0.31,0.375
filth,0.592,0.319,0.194
fanciful,0.592,0.342,0.677
imitation,0.592,0.343,0.406
dishonesty,0.592,0.348,0.094
curling,0.592,0.4,0.583
separation,0.592,0.409,0.198
snappy,0.592,0.418,0.573
yaw,0.592,0.491,0.586
railroad,0.592,0.5,0.591
unutterable,0.592,0.538,0.406
repurchase,0.592,0.557,0.531
polymorphism,0.592,0.558,0.429
overstock,0.592,0.589,0.344
gravitation,0.592,0.6,0.698
lovee,0.592,0.611,0.949
navigator,0.592,0.623,0.583
hearts,0.592,0.634,0.948
ranking,0.592,0.68,0.54
loveee,0.592,0.693,0.927
objection,0.592,0.709,0.347
extendable,0.592,0.722,0.66
beautify,0.592,0.736,0.898
investment,0.592,0.745,0.72
umpire,0.592,0.755,0.52
reenactment,0.592,0.768,0.771
investigation,0.592,0.82,0.531
treasure,0.592,0.821,0.927
coronation,0.592,0.836,0.792
creator,0.592,0.856,0.865
colonel,0.592,0.89,0.459
authority,0.592,0.934,0.592
varicella,0.593,0.314,0.184
narrowing,0.593,0.357,0.354
grouch,0.593,0.411,0.342
bloated,0.593,0.424,0.167
spinner,0.593,0.471,0.458
interrupting,0.593,0.509,0.146
suction,0.593,0.526,0.46
teenager,0.593,0.527,0.781
concatenation,0.593,0.539,0.48
gameday,0.593,0.544,0.729
greatfriends,0.593,0.57,0.908
brewing,0.593,0.609,0.74
possessing,0.593,0.612,0.461
induction,0.593,0.627,0.392
bourgeois,0.593,0.682,0.439
rise,0.593,0.745,0.667
distinguished,0.593,0.759,0.823
disciplinary,0.593,0.796,0.562
handler,0.593,0.861,0.439
foremost,0.593,0.907,0.735
queasiness,0.594,0.135,0.23
downer,0.594,0.226,0.12
ridiculous,0.594,0.245,0.159
tripping,0.594,0.293,0.276
randomly,0.594,0.302,0.41
crooked,0.594,0.305,0.146
badhabit,0.594,0.311,0.184
defection,0.594,0.33,0.146
gargle,0.594,0.336,0.41
ohshit,0.594,0.343,0.23
strep,0.594,0.353,0.365
spasm,0.594,0.366,0.194
sour,0.594,0.373,0.276
spoof,0.594,0.381,0.49
hussy,0.594,0.384,0.219
petpeeve,0.594,0.392,0.375
rickshaw,0.594,0.402,0.438
burp,0.594,0.432,0.219
disapprove,0.594,0.445,0.16
barbed,0.594,0.455,0.177
trepidation,0.594,0.464,0.582
concubine,0.594,0.476,0.388
hornet,0.594,0.5,0.398
unpunished,0.594,0.519,0.292
fullback,0.594,0.519,0.5
qualify,0.594,0.52,0.73
singing,0.594,0.528,0.885
ceasefire,0.594,0.567,0.542
opiate,0.594,0.598,0.281
ultrasound,0.594,0.6,0.573
cyberspace,0.594,0.611,0.677
employment,0.594,0.611,0.75
interpretation,0.594,0.62,0.677
elevated,0.594,0.62,0.704
relocate,0.594,0.64,0.5
miner,0.594,0.644,0.408
elicit,0.594,0.658,0.406
sideshow,0.594,0.658,0.458
repertoire,0.594,0.667,0.633
get,0.594,0.667,0.74
varsity,0.594,0.67,0.71
thermodynamics,0.594,0.678,0.51
eagle,0.594,0.679,0.604
panther,0.594,0.682,0.303
creditor,0.594,0.689,0.479
paramedics,0.594,0.712,0.479
emerge,0.594,0.731,0.602
attorney,0.594,0.754,0.6
production,0.594,0.781,0.694
prioritize,0.594,0.784,0.671
strategist,0.594,0.81,0.571
captivating,0.594,0.816,0.895
crowning,0.594,0.831,0.773
prestige,0.594,0.907,0.918
monumental,0.594,0.955,0.656
disqualify,0.595,0.267,0.208
junky,0.595,0.343,0.385
cloaking,0.595,0.389,0.521
footloose,0.595,0.447,0.549
pang,0.595,0.455,0.146
unwed,0.595,0.459,0.541
fluorescent,0.595,0.5,0.602
plead,0.596,0.195,0.177
perished,0.596,0.225,0.135
decompose,0.596,0.241,0.194
thong,0.596,0.269,0.467
unbalanced,0.596,0.343,0.302
splatter,0.596,0.352,0.312
plague,0.596,0.355,0.083
hepatitis,0.596,0.358,0.055
ulcer,0.596,0.377,0.286
unjustifiable,0.596,0.394,0.115
blinding,0.596,0.406,0.304
skedaddle,0.596,0.422,0.427
evasive,0.596,0.425,0.117
screwy,0.596,0.45,0.344
demise,0.596,0.456,0.104
forking,0.596,0.49,0.327
restrictive,0.596,0.5,0.215
sable,0.596,0.5,0.449
freebie,0.596,0.5,0.796
beware,0.596,0.518,0.151
presumption,0.596,0.518,0.375
halting,0.596,0.519,0.255
roadtrip,0.596,0.519,0.677
epiphany,0.596,0.526,0.625
switchblade,0.596,0.528,0.357
laughing,0.596,0.534,0.906
voltmeter,0.596,0.545,0.599
playtime,0.596,0.566,0.76
premiere,0.596,0.573,0.776
smirk,0.596,0.583,0.792
docking,0.596,0.587,0.354
vocalist,0.596,0.596,0.688
godisgreat,0.596,0.6,0.712
lithe,0.596,0.602,0.656
presumptuous,0.596,0.616,0.265
voyager,0.596,0.627,0.684
mobility,0.596,0.654,0.7
sprawl,0.596,0.672,0.6
transatlantic,0.596,0.706,0.724
distribute,0.596,0.709,0.643
obligation,0.596,0.718,0.222
thebest,0.596,0.719,0.76
sway,0.596,0.721,0.69
materialize,0.596,0.728,0.688
journeyman,0.596,0.741,0.765
overlay,0.596,0.749,0.564
work,0.596,0.75,0.719
bountiful,0.596,0.759,0.854
wits,0.596,0.765,0.76
vindicate,0.596,0.767,0.656
stallion,0.596,0.779,0.628
authorize,0.596,0.821,0.772
predominant,0.596,0.827,0.68
engaged,0.596,0.849,0.837
promote,0.596,0.853,0.83
deserving,0.596,0.858,0.802
tycoon,0.596,0.867,0.682
grimy,0.597,0.283,0.112
brokenhearted,0.598,0.227,0.13
noncompliance,0.598,0.259,0.112
roach,0.598,0.259,0.146
incontinence,0.598,0.272,0.15
blindly,0.598,0.278,0.439
clown,0.598,0.3,0.65
snitch,0.598,0.333,0.3
debt,0.598,0.336,0.204
uneasy,0.598,0.349,0.115
splitting,0.598,0.375,0.188
crippling,0.598,0.391,0.156
intimate,0.598,0.393,0.724
clutter,0.598,0.4,0.135
lobotomy,0.598,0.402,0.296
mysticism,0.598,0.423,0.594
insecticide,0.598,0.43,0.188
whopper,0.598,0.432,0.448
fangs,0.598,0.434,0.286
somuchtodo,0.598,0.441,0.51
unravel,0.598,0.455,0.378
showoff,0.598,0.463,0.344
train set,0.598,0.464,0.604
contradict,0.598,0.482,0.16
biter,0.598,0.5,0.26
premarital,0.598,0.5,0.49
intubation,0.598,0.526,0.276
hydra,0.598,0.534,0.406
overheated,0.598,0.547,0.25
levitate,0.598,0.551,0.561
mining,0.598,0.554,0.633
squeezing,0.598,0.557,0.26
crossbow,0.598,0.56,0.344
confluence,0.598,0.565,0.677
stocks,0.598,0.586,0.573
reroute,0.598,0.598,0.54
polling,0.598,0.602,0.448
fragrant,0.598,0.613,0.615
participant,0.598,0.613,0.712
smile,0.598,0.618,0.906
defray,0.598,0.653,0.375
harden,0.598,0.677,0.276
worker,0.598,0.684,0.719
ringing,0.598,0.693,0.724
machinist,0.598,0.721,0.49
demonstrator,0.598,0.733,0.52
crew,0.598,0.735,0.604
inquirer,0.598,0.776,0.573
surgeon,0.598,0.793,0.5
business man,0.598,0.933,0.53
deal,0.599,0.543,0.719
attention,0.599,0.774,0.74
relevance,0.599,0.791,0.71
idiots,0.6,0.144,0.143
malaise,0.6,0.161,0.15
fiasco,0.6,0.2,0.167
slag,0.6,0.254,0.266
decomposition,0.6,0.263,0.133
buttock,0.6,0.288,0.429
herpes,0.6,0.309,0.11
criticized,0.6,0.311,0.24
spite,0.6,0.317,0.08
baffled,0.6,0.339,0.151
obligor,0.6,0.36,0.302
parasitic,0.6,0.364,0.037
kayak,0.6,0.364,0.592
pernicious,0.6,0.382,0.229
boob,0.6,0.392,0.694
hematoma,0.6,0.398,0.146
uncivilized,0.6,0.4,0.133
impediment,0.6,0.409,0.163
truncate,0.6,0.412,0.323
scowl,0.6,0.413,0.302
bday,0.6,0.415,0.729
indignant,0.6,0.423,0.26
swarming,0.6,0.435,0.375
voodoo,0.6,0.453,0.188
champagne,0.6,0.454,0.76
meddling,0.6,0.461,0.245
monsoon,0.6,0.481,0.358
curious,0.6,0.483,0.635
wishing,0.6,0.491,0.755
mystified,0.6,0.509,0.344
canteen,0.6,0.514,0.688
ventriloquist,0.6,0.526,0.552
pretense,0.6,0.54,0.323
unaccountable,0.6,0.543,0.18
exception,0.6,0.544,0.469
uppercut,0.6,0.55,0.41
carnage,0.6,0.558,0.406
payout,0.6,0.575,0.646
dentists,0.6,0.582,0.364
truelove,0.6,0.587,0.86
locomotion,0.6,0.595,0.47
claw,0.6,0.598,0.26
flak,0.6,0.6,0.39
kickoff,0.6,0.629,0.583
superstore,0.6,0.64,0.719
beauty,0.6,0.644,0.842
spouse,0.6,0.645,0.75
trumpeter,0.6,0.676,0.673
concurring,0.6,0.681,0.573
outweigh,0.6,0.682,0.486
handsome,0.6,0.682,0.89
investigative,0.6,0.704,0.562
unbounded,0.6,0.736,0.646
hereditary,0.6,0.737,0.531
psychoanalyst,0.6,0.738,0.343
robotics,0.6,0.763,0.592
territorial,0.6,0.766,0.405
harshness,0.6,0.779,0.323
inspiration,0.6,0.779,0.938
booster,0.6,0.8,0.755
judgment,0.6,0.816,0.396
transcendent,0.6,0.824,0.667
flashy,0.6,0.827,0.704
sergeant,0.6,0.833,0.408
prosperity,0.6,0.86,0.917
industrial,0.6,0.875,0.469
genie,0.6,0.908,0.76
macarena,0.601,0.368,0.802
haggle,0.601,0.461,0.48
fishy,0.601,0.471,0.224
spear,0.601,0.5,0.51
grounded,0.601,0.509,0.531
astronaut,0.601,0.761,0.792
capitalize,0.601,0.885,0.771
crackpot,0.602,0.245,0.26
obnoxious,0.602,0.256,0.088
plaything,0.602,0.277,0.708
rabble,0.602,0.292,0.184
feigned,0.602,0.333,0.173
needles,0.602,0.348,0.25
malformation,0.602,0.357,0.083
chirp,0.602,0.365,0.469
cirrhosis,0.602,0.37,0.079
errant,0.602,0.375,0.205
chick,0.602,0.387,0.771
sham,0.602,0.395,0.354
bark,0.602,0.395,0.36
ragtime,0.602,0.398,0.469
darkness,0.602,0.418,0.102
frown,0.602,0.433,0.214
flighty,0.602,0.436,0.219
truncated,0.602,0.439,0.316
jumbled,0.602,0.445,0.292
cleavage,0.602,0.454,0.542
muchneeded,0.602,0.455,0.438
madden,0.602,0.457,0.329
downpour,0.602,0.481,0.328
porker,0.602,0.5,0.521
fond,0.602,0.518,0.885
tattoo,0.602,0.525,0.49
gradschool,0.602,0.528,0.616
psychobabble,0.602,0.543,0.363
incisive,0.602,0.545,0.38
plethora,0.602,0.547,0.646
intracranial,0.602,0.553,0.281
speculate,0.602,0.553,0.398
hedge,0.602,0.569,0.604
libido,0.602,0.571,0.77
drill,0.602,0.573,0.25
sale,0.602,0.573,0.647
christmasspirit,0.602,0.575,0.867
judgmental,0.602,0.579,0.33
pathological,0.602,0.58,0.22
blade,0.602,0.594,0.378
tryouts,0.602,0.594,0.49
feel,0.602,0.596,0.802
broaden,0.602,0.61,0.678
enthralled,0.602,0.615,0.745
lockup,0.602,0.617,0.24
firewall,0.602,0.629,0.485
scour,0.602,0.632,0.388
commemorate,0.602,0.636,0.812
instinct,0.602,0.642,0.771
robotic,0.602,0.657,0.417
effectuate,0.602,0.679,0.51
untouchable,0.602,0.683,0.49
atonement,0.602,0.683,0.55
rising,0.602,0.696,0.75
trading,0.602,0.705,0.635
special,0.602,0.73,0.844
voting,0.602,0.768,0.615
regroup,0.602,0.797,0.633
sentinel,0.602,0.845,0.531
majesty,0.602,0.955,0.823
superiority,0.602,0.959,0.582
burned,0.603,0.347,0.163
tasting,0.603,0.6,0.781
inspect,0.603,0.793,0.479
sleeplessness,0.604,0.202,0.104
rumored,0.604,0.318,0.427
repentance,0.604,0.324,0.417
denied,0.604,0.333,0.188
ringer,0.604,0.347,0.573
dispersion,0.604,0.35,0.27
shun,0.604,0.389,0.418
stumped,0.604,0.392,0.344
entrapment,0.604,0.441,0.177
slander,0.604,0.454,0.184
impudent,0.604,0.462,0.302
vulture,0.604,0.472,0.316
necessitate,0.604,0.516,0.578
heliport,0.604,0.527,0.594
warned,0.604,0.547,0.302
boyfriend,0.604,0.547,0.781
talker,0.604,0.552,0.5
presentation,0.604,0.553,0.792
tug,0.604,0.558,0.32
liking,0.604,0.589,0.963
summons,0.604,0.598,0.552
imposition,0.604,0.618,0.357
relation,0.604,0.625,0.857
tame,0.604,0.642,0.56
elevator,0.604,0.676,0.562
carat,0.604,0.676,0.823
critic,0.604,0.686,0.264
hostess,0.604,0.688,0.792
prognostic,0.604,0.704,0.646
reconnaissance,0.604,0.712,0.729
robust,0.604,0.719,0.667
captivate,0.604,0.723,0.698
implantation,0.604,0.741,0.396
shiny,0.604,0.787,0.885
preaching,0.604,0.795,0.646
vitals,0.604,0.798,0.704
efficient,0.604,0.83,0.959
reproductive,0.604,0.856,0.77
judge,0.604,0.857,0.51
gubernatorial,0.604,0.897,0.552
deceptive,0.605,0.294,0.027
rival,0.605,0.574,0.286
practiced,0.605,0.58,0.612
couple,0.605,0.607,0.806
conversion,0.605,0.736,0.48
emphasize,0.605,0.769,0.51
nitwit,0.606,0.139,0.146
shitload,0.606,0.161,0.02
woe,0.606,0.204,0.34
knockoff,0.606,0.24,0.35
spotty,0.606,0.241,0.281
syphilis,0.606,0.245,0.071
debacle,0.606,0.266,0.156
complaint,0.606,0.281,0.143
relinquish,0.606,0.286,0.265
zigzag,0.606,0.288,0.417
crouch,0.606,0.312,0.281
rolling,0.606,0.321,0.51
dent,0.606,0.325,0.306
ingrate,0.606,0.327,0.235
liar,0.606,0.339,0.042
drag,0.606,0.348,0.388
misled,0.606,0.353,0.177
dangit,0.606,0.358,0.396
hateeee,0.606,0.368,0.219
reluctance,0.606,0.373,0.24
sing,0.606,0.42,0.858
mortuary,0.606,0.427,0.133
chiseler,0.606,0.464,0.429
needtoknow,0.606,0.474,0.427
sectarian,0.606,0.517,0.26
averseness,0.606,0.528,0.296
overthinker,0.606,0.552,0.43
planes,0.606,0.575,0.667
lustrous,0.606,0.598,0.771
smiles,0.606,0.607,0.892
trident,0.606,0.609,0.403
mock,0.606,0.618,0.36
glamour,0.606,0.623,0.823
debut,0.606,0.629,0.806
forthwith,0.606,0.65,0.688
elitist,0.606,0.656,0.5
induce,0.606,0.684,0.257
enlarge,0.606,0.688,0.735
flying,0.606,0.696,0.877
release,0.606,0.741,0.74
tightness,0.606,0.759,0.344
diamond,0.606,0.769,0.91
gratifying,0.606,0.776,0.857
lifeguard,0.606,0.786,0.87
progressive,0.606,0.81,0.755
satisfying,0.606,0.814,0.89
unflinching,0.606,0.882,0.667
throne,0.606,0.887,0.724
refugee,0.607,0.327,0.379
perforated,0.607,0.344,0.219
turbidity,0.607,0.393,0.184
gangland,0.607,0.405,0.402
peekaboo,0.607,0.412,0.592
wracking,0.607,0.454,0.244
intrusive,0.607,0.538,0.461
indemnity,0.607,0.692,0.47
presenter,0.607,0.735,0.673
regenerate,0.607,0.767,0.782
eminently,0.607,0.773,0.694
jury,0.607,0.789,0.479
miracle,0.607,0.806,0.917
talent,0.607,0.811,0.959
smart,0.607,0.923,0.906
swelling,0.608,0.25,0.323
pedantic,0.608,0.253,0.229
bastarding,0.608,0.269,0.104
dickhead,0.608,0.284,0.115
salmonella,0.608,0.312,0.167
degradation,0.608,0.315,0.16
resentful,0.608,0.324,0.12
pneumonia,0.608,0.324,0.208
beg,0.608,0.328,0.292
imissyou,0.608,0.344,0.48
interment,0.608,0.346,0.235
inexpressible,0.608,0.364,0.198
scornful,0.608,0.368,0.173
disposal,0.608,0.396,0.135
subversion,0.608,0.415,0.347
swallow,0.608,0.436,0.466
dungeon,0.608,0.44,0.276
blockage,0.608,0.444,0.25
maze,0.608,0.444,0.438
nicotine,0.608,0.447,0.235
stake,0.608,0.46,0.406
bubbly,0.608,0.462,0.698
hatchet,0.608,0.5,0.333
dart,0.608,0.5,0.417
eatingdisorders,0.608,0.508,0.365
prowler,0.608,0.509,0.375
streak,0.608,0.511,0.44
gore,0.608,0.518,0.26
resonator,0.608,0.519,0.469
push,0.608,0.524,0.417
complex,0.608,0.55,0.388
intercourse,0.608,0.557,0.551
oestrogen,0.608,0.561,0.521
counterpart,0.608,0.577,0.448
expenditure,0.608,0.603,0.25
sell,0.608,0.605,0.618
motorbike,0.608,0.616,0.552
height,0.608,0.648,0.677
liabilities,0.608,0.694,0.429
glisten,0.608,0.694,0.765
sponsorship,0.608,0.696,0.854
flattered,0.608,0.708,0.865
living,0.608,0.727,0.865
youth,0.608,0.736,0.938
disseminate,0.608,0.75,0.562
transcendence,0.608,0.754,0.656
notables,0.608,0.755,0.594
relevant,0.608,0.764,0.719
scorer,0.608,0.764,0.73
statement,0.608,0.825,0.688
money,0.608,0.827,0.844
fortitude,0.608,0.897,0.823
distract,0.609,0.336,0.241
hotyoga,0.609,0.446,0.683
trucker,0.609,0.5,0.494
hastily,0.609,0.609,0.271
propagate,0.609,0.63,0.561
indigestion,0.61,0.182,0.204
uncomfortable,0.61,0.214,0.188
heartbreak,0.61,0.245,0.208
untidy,0.61,0.254,0.106
grudgingly,0.61,0.292,0.156
unwise,0.61,0.304,0.141
queer,0.61,0.304,0.286
joke,0.61,0.316,0.704
refusal,0.61,0.321,0.052
precocious,0.61,0.324,0.398
fry,0.61,0.324,0.52
yaaay,0.61,0.33,0.65
corrosion,0.61,0.348,0.156
contamination,0.61,0.375,0.125
inconvenient,0.61,0.375,0.224
horned,0.61,0.375,0.316
subjugation,0.61,0.377,0.28
trap,0.61,0.391,0.104
barman,0.61,0.4,0.594
cupping,0.61,0.402,0.49
incidental,0.61,0.404,0.281
mitzvah,0.61,0.409,0.422
deprivation,0.61,0.413,0.194
scratchy,0.61,0.436,0.235
yuppie,0.61,0.445,0.677
blush,0.61,0.445,0.698
curt,0.61,0.452,0.245
itch,0.61,0.465,0.319
debatable,0.61,0.474,0.181
divorcee,0.61,0.481,0.153
snore,0.61,0.481,0.245
razor,0.61,0.481,0.26
spinning,0.61,0.481,0.594
shift,0.61,0.491,0.479
probationary,0.61,0.5,0.333
quiz,0.61,0.527,0.462
funny,0.61,0.566,0.918
reimbursement,0.61,0.567,0.653
endure,0.61,0.574,0.32
lovelife,0.61,0.592,0.837
submitting,0.61,0.611,0.667
audience,0.61,0.613,0.698
relish,0.61,0.632,0.854
resonate,0.61,0.644,0.582
revocation,0.61,0.673,0.26
overlaid,0.61,0.676,0.62
contentment,0.61,0.782,0.875
lucky,0.61,0.793,0.96
marshal,0.61,0.819,0.469
explanation,0.61,0.825,0.615
predominate,0.61,0.857,0.673
cheapened,0.611,0.282,0.471
insomnia,0.611,0.373,0.198
makeshift,0.611,0.389,0.479
ihatespiders,0.611,0.42,0.245
contaminate,0.611,0.426,0.14
gruff,0.611,0.472,0.323
parlay,0.611,0.483,0.469
flaunt,0.611,0.525,0.438
reload,0.611,0.571,0.562
brightens,0.611,0.613,0.771
convocation,0.611,0.663,0.538
predisposition,0.611,0.716,0.656
operation,0.611,0.755,0.475
scout,0.611,0.763,0.656
exigent,0.611,0.792,0.385
forecaster,0.611,0.846,0.635
persistence,0.611,0.873,0.684
unpleasant,0.612,0.185,0.122
constipation,0.612,0.231,0.079
incoherent,0.612,0.25,0.122
cried,0.612,0.254,0.167
disconcerted,0.612,0.288,0.1
worldly,0.612,0.295,0.438
steep,0.612,0.321,0.312
swerve,0.612,0.357,0.276
puffing,0.612,0.375,0.396
cantina,0.612,0.38,0.646
liqueur,0.612,0.389,0.67
boner,0.612,0.393,0.344
meningitis,0.612,0.407,0.104
heat,0.612,0.433,0.534
firstworldprobs,0.612,0.483,0.458
tribulation,0.612,0.484,0.448
backfire,0.612,0.491,0.265
ingestion,0.612,0.512,0.429
viral,0.612,0.518,0.24
repress,0.612,0.536,0.208
carburetor,0.612,0.555,0.469
heterosexual,0.612,0.557,0.561
translocation,0.612,0.564,0.367
tackled,0.612,0.569,0.438
incorporate,0.612,0.571,0.745
incandescent,0.612,0.621,0.354
loving,0.612,0.636,0.948
enforcer,0.612,0.639,0.398
enjoyment,0.612,0.716,0.93
informant,0.612,0.719,0.604
frankness,0.612,0.745,0.571
contented,0.612,0.746,0.857
foreman,0.612,0.75,0.458
deluxe,0.612,0.755,0.792
construction,0.612,0.759,0.848
enactment,0.612,0.769,0.667
plenty,0.612,0.824,0.827
splendor,0.612,0.85,0.927
engaging,0.612,0.862,0.948
lieutenant,0.612,0.92,0.594
creeping,0.613,0.282,0.292
oomph,0.613,0.315,0.449
bobsled,0.613,0.325,0.667
jumble,0.613,0.331,0.357
disfigured,0.613,0.336,0.153
canthandleit,0.613,0.354,0.354
yayyyy,0.613,0.363,0.677
heartburn,0.613,0.398,0.143
prejudice,0.613,0.407,0.11
spiked,0.613,0.407,0.281
simmering,0.613,0.412,0.382
inhalation,0.613,0.464,0.51
trio,0.613,0.473,0.521
coronary,0.613,0.509,0.567
newbeginnings,0.613,0.524,0.802
boating,0.613,0.557,0.638
diverging,0.613,0.573,0.417
excavate,0.613,0.635,0.583
carnivorous,0.613,0.651,0.224
beloved,0.613,0.708,0.969
assets,0.613,0.765,0.667
illuminating,0.613,0.773,0.949
magnitude,0.613,0.774,0.608
manufacturing,0.613,0.804,0.653
augmentation,0.613,0.85,0.714
experienced,0.613,0.914,0.771
inexperience,0.614,0.151,0.208
yousuck,0.614,0.35,0.225
convoluted,0.614,0.433,0.323
unabashed,0.614,0.488,0.292
radiography,0.614,0.543,0.469
volunteering,0.614,0.603,0.844
narcissist,0.614,0.629,0.173
beautiful,0.614,0.648,0.875
liberation,0.614,0.857,0.745
skilled,0.614,0.929,0.886
weepy,0.615,0.116,0.068
muddled,0.615,0.263,0.25
stripped,0.615,0.278,0.255
rummage,0.615,0.289,0.243
blighted,0.615,0.296,0.146
melt,0.615,0.312,0.448
disguised,0.615,0.326,0.5
tingling,0.615,0.34,0.427
burlesque,0.615,0.343,0.327
messedup,0.615,0.358,0.333
trapped,0.615,0.38,0.135
freaky,0.615,0.384,0.19
scrape,0.615,0.384,0.365
dissociative,0.615,0.397,0.281
stuffy,0.615,0.406,0.323
vixen,0.615,0.414,0.367
hellhole,0.615,0.421,0.2
forceps,0.615,0.436,0.354
picket,0.615,0.451,0.365
hooter,0.615,0.455,0.47
loudmouth,0.615,0.456,0.337
deadline,0.615,0.46,0.214
chronic,0.615,0.464,0.255
elusive,0.615,0.466,0.229
voyeur,0.615,0.466,0.479
caller,0.615,0.472,0.646
womanly,0.615,0.473,0.909
whisky,0.615,0.49,0.64
valentine,0.615,0.51,0.888
diffusion,0.615,0.517,0.356
circuitry,0.615,0.536,0.596
satirical,0.615,0.538,0.323
grinder,0.615,0.561,0.459
orthodontist,0.615,0.564,0.469
outnumber,0.615,0.577,0.347
radar,0.615,0.579,0.521
subsidize,0.615,0.589,0.604
conference,0.615,0.606,0.688
railway,0.615,0.623,0.613
overlap,0.615,0.627,0.594
machinery,0.615,0.629,0.458
opulence,0.615,0.648,0.62
publishing,0.615,0.66,0.708
dealer,0.615,0.683,0.799
divergence,0.615,0.687,0.429
disclosure,0.615,0.71,0.5
vigilance,0.615,0.724,0.49
negotiation,0.615,0.728,0.49
reparation,0.615,0.732,0.531
predictor,0.615,0.738,0.646
multiplier,0.615,0.741,0.643
shopper,0.615,0.741,0.646
intentional,0.615,0.75,0.65
commemoration,0.615,0.754,0.719
grow,0.615,0.755,0.914
initiative,0.615,0.768,0.833
midshipman,0.615,0.785,0.469
oath,0.615,0.824,0.543
life,0.615,0.824,0.918
magnification,0.615,0.88,0.89
paramount,0.615,0.902,0.771
commander,0.615,0.906,0.531
huffy,0.616,0.375,0.42
psychiatric,0.616,0.525,0.21
billiard,0.616,0.543,0.719
fashion,0.616,0.589,0.827
hyper,0.616,0.64,0.542
humorous,0.616,0.665,0.906
congratulatory,0.616,0.689,0.959
producing,0.616,0.7,0.632
skillful,0.616,0.908,0.802
pissoff,0.617,0.4,0.255
fluctuate,0.617,0.48,0.285
camp,0.617,0.594,0.622
humbled,0.618,0.198,0.28
disagreement,0.618,0.236,0.104
sickening,0.618,0.259,0.074
wrecked,0.618,0.28,0.078
misunderstanding,0.618,0.284,0.112
dilapidated,0.618,0.286,0.229
giggle,0.618,0.36,0.719
murky,0.618,0.37,0.143
pelvis,0.618,0.38,0.378
club,0.618,0.393,0.646
rectal,0.618,0.41,0.344
split,0.618,0.41,0.344
dissension,0.618,0.414,0.25
cantilever,0.618,0.421,0.357
unconscionable,0.618,0.429,0.208
ricochet,0.618,0.43,0.287
giveaway,0.618,0.437,0.865
swoop,0.618,0.446,0.479
clog,0.618,0.454,0.104
contravene,0.618,0.472,0.357
replication,0.618,0.51,0.342
misrepresentation,0.618,0.518,0.323
restraint,0.618,0.52,0.167
impersonation,0.618,0.528,0.375
corrosive,0.618,0.57,0.14
clench,0.618,0.58,0.438
favoriteholiday,0.618,0.582,0.867
forewarned,0.618,0.606,0.48
python,0.618,0.618,0.219
curfew,0.618,0.623,0.219
fruitful,0.618,0.637,0.73
interdependence,0.618,0.639,0.608
manifested,0.618,0.667,0.58
foray,0.618,0.676,0.418
persuade,0.618,0.709,0.62
reconstruct,0.618,0.718,0.74
incentive,0.618,0.718,0.812
oversight,0.618,0.723,0.385
workman,0.618,0.726,0.729
reborn,0.618,0.737,0.802
punchy,0.618,0.745,0.52
hardened,0.618,0.764,0.406
summit,0.618,0.764,0.625
transformation,0.618,0.77,0.796
expansion,0.618,0.787,0.776
pioneer,0.618,0.802,0.796
toughness,0.618,0.837,0.552
meritorious,0.618,0.855,0.781
remarkably,0.618,0.868,0.688
gaining,0.618,0.883,0.837
experience,0.618,0.905,0.827
batty,0.619,0.274,0.375
effeminate,0.619,0.291,0.337
barroom,0.619,0.47,0.686
assert,0.619,0.809,0.75
celebrity,0.619,0.855,0.76
idiotic,0.62,0.17,0.104
dishonor,0.62,0.185,0.104
poorly,0.62,0.196,0.077
lightheaded,0.62,0.255,0.347
nasty,0.62,0.264,0.115
unsympathetic,0.62,0.281,0.163
hypothermia,0.62,0.301,0.184
tear,0.62,0.327,0.404
wobble,0.62,0.35,0.375
sourpuss,0.62,0.382,0.188
twofaced,0.62,0.384,0.387
putrid,0.62,0.385,0.146
bizarre,0.62,0.392,0.379
emetophobia,0.62,0.403,0.243
scatter,0.62,0.404,0.229
wasp,0.62,0.406,0.39
tether,0.62,0.407,0.323
selfharm,0.62,0.407,0.35
disembodied,0.62,0.412,0.167
cremation,0.62,0.42,0.084
repellant,0.62,0.426,0.292
playground,0.62,0.435,0.888
repel,0.62,0.441,0.224
roadhouse,0.62,0.458,0.5
stagger,0.62,0.458,0.531
landed,0.62,0.48,0.709
espresso,0.62,0.508,0.677
cliff,0.62,0.509,0.361
consume,0.62,0.509,0.427
cast,0.62,0.517,0.558
parole,0.62,0.526,0.388
rerun,0.62,0.529,0.333
shoveling,0.62,0.537,0.265
severance,0.62,0.541,0.396
manpower,0.62,0.543,0.531
fundraising,0.62,0.544,0.76
hormonal,0.62,0.551,0.5
saber,0.62,0.553,0.551
yoke,0.62,0.582,0.281
lance,0.62,0.587,0.406
cling,0.62,0.588,0.417
complexity,0.62,0.595,0.479
boasting,0.62,0.602,0.417
autographed,0.62,0.625,0.781
dentist,0.62,0.642,0.479
invocation,0.62,0.673,0.43
incalculable,0.62,0.679,0.449
prospectively,0.62,0.679,0.76
bonus,0.62,0.682,0.857
electrical,0.62,0.688,0.531
outgrowth,0.62,0.688,0.771
involvement,0.62,0.696,0.76
overtake,0.62,0.718,0.573
glowing,0.62,0.737,0.94
liberating,0.62,0.745,0.915
ascend,0.62,0.812,0.83
eminent,0.62,0.83,0.74
recompense,0.62,0.853,0.844
excellence,0.62,0.907,0.958
hierarchical,0.62,0.939,0.521
weep,0.621,0.164,0.053
cowardice,0.621,0.167,0.133
eagerness,0.621,0.443,0.406
trapping,0.621,0.491,0.333
uhoh,0.622,0.284,0.32
necrosis,0.622,0.385,0.115
immoral,0.622,0.385,0.143
hitchhike,0.622,0.385,0.396
obliteration,0.622,0.397,0.177
divert,0.622,0.407,0.344
pissingmeoff,0.622,0.423,0.208
goodies,0.622,0.424,0.95
mambo,0.622,0.445,0.808
graver,0.622,0.453,0.102
humbug,0.622,0.456,0.219
roadster,0.622,0.473,0.531
insidious,0.622,0.48,0.146
wreak,0.622,0.498,0.375
rehearse,0.622,0.5,0.588
brewery,0.622,0.51,0.71
flanking,0.622,0.519,0.49
centrifuge,0.622,0.527,0.495
reckoning,0.622,0.532,0.418
liquefaction,0.622,0.535,0.449
outbid,0.622,0.54,0.594
expectancy,0.622,0.558,0.581
hummer,0.622,0.589,0.51
tumultuous,0.622,0.59,0.208
feller,0.622,0.617,0.406
stipulation,0.622,0.654,0.469
publicity,0.622,0.679,0.59
convention,0.622,0.704,0.622
ringmaster,0.622,0.732,0.63
reproduce,0.622,0.76,0.823
heighten,0.622,0.765,0.755
reinvestment,0.622,0.782,0.582
president,0.622,0.973,0.677
leech,0.623,0.268,0.25
cumbersome,0.623,0.292,0.259
regret,0.623,0.331,0.23
hearsay,0.623,0.333,0.288
lesion,0.623,0.361,0.24
divided,0.623,0.391,0.271
sound,0.623,0.398,0.765
depreciate,0.623,0.445,0.27
mermaid,0.623,0.452,0.765
gobble,0.623,0.455,0.39
thumper,0.623,0.457,0.354
spitfire,0.623,0.566,0.233
grasp,0.623,0.57,0.56
magma,0.623,0.609,0.323
surround,0.623,0.627,0.542
assessment,0.623,0.658,0.75
brightness,0.623,0.66,0.938
declare,0.623,0.668,0.677
unlimited,0.623,0.679,0.75
express,0.623,0.691,0.76
eulogistic,0.623,0.694,0.74
hyperspace,0.623,0.755,0.51
examine,0.623,0.786,0.615
temper,0.623,0.818,0.633
masterpiece,0.623,0.847,0.926
spiral,0.624,0.361,0.49
chic,0.624,0.38,0.87
befriend,0.624,0.471,0.93
recalcitrant,0.624,0.58,0.357
exhortation,0.624,0.58,0.531
livelife,0.624,0.664,0.792
safeguard,0.624,0.7,0.786
dislocated,0.625,0.2,0.125
petrified,0.625,0.232,0.221
rout,0.625,0.233,0.163
scratch,0.625,0.27,0.276
unjust,0.625,0.278,0.115
impossibility,0.625,0.306,0.17
worstfeeling,0.625,0.308,0.092
misunderstood,0.625,0.309,0.177
conceit,0.625,0.309,0.354
garish,0.625,0.311,0.306
prejudiced,0.625,0.345,0.235
jamboree,0.625,0.351,0.602
bifurcation,0.625,0.352,0.385
chopping,0.625,0.362,0.56
distaste,0.625,0.37,0.184
bad,0.625,0.373,0.125
falsehood,0.625,0.384,0.031
crack,0.625,0.4,0.302
digress,0.625,0.411,0.271
hypertrophy,0.625,0.413,0.312
detach,0.625,0.45,0.357
disapproving,0.625,0.452,0.245
cussed,0.625,0.454,0.156
kidding,0.625,0.457,0.622
extraneous,0.625,0.478,0.276
confiscate,0.625,0.482,0.25
boomerang,0.625,0.5,0.531
stinger,0.625,0.508,0.279
showboat,0.625,0.509,0.618
torrid,0.625,0.517,0.281
weekend,0.625,0.519,0.844
custodian,0.625,0.528,0.594
automobile,0.625,0.534,0.753
scape,0.625,0.536,0.29
necromancer,0.625,0.536,0.333
trapeze,0.625,0.566,0.542
tipsy,0.625,0.57,0.51
leaded,0.625,0.595,0.439
mutation,0.625,0.611,0.365
excelsior,0.625,0.611,0.7
captor,0.625,0.612,0.347
disprove,0.625,0.613,0.375
creature,0.625,0.62,0.669
reappear,0.625,0.632,0.688
spatial,0.625,0.645,0.604
liquidation,0.625,0.649,0.417
interpret,0.625,0.673,0.646
transact,0.625,0.68,0.521
reach,0.625,0.69,0.719
judging,0.625,0.693,0.24
cowboy,0.625,0.695,0.594
ascendancy,0.625,0.7,0.724
temperament,0.625,0.703,0.42
versatile,0.625,0.714,0.906
stockholder,0.625,0.716,0.573
radiance,0.625,0.719,0.796
improves,0.625,0.727,0.929
transporter,0.625,0.75,0.615
valuables,0.625,0.759,0.79
nominee,0.625,0.765,0.662
oncoming,0.625,0.773,0.594
multiply,0.625,0.777,0.802
metropolis,0.625,0.779,0.656
huge,0.625,0.783,0.573
speedy,0.625,0.793,0.625
privilege,0.625,0.821,0.847
potential,0.625,0.84,0.806
mastermind,0.625,0.918,0.792
disparaging,0.626,0.411,0.102
fiancee,0.626,0.556,0.959
hitchhiker,0.626,0.603,0.594
kingpin,0.626,0.642,0.357
cough,0.627,0.241,0.255
cry,0.627,0.255,0.133
laughable,0.627,0.298,0.592
undignified,0.627,0.308,0.122
troll,0.627,0.327,0.378
delude,0.627,0.353,0.143
susceptibility,0.627,0.364,0.458
troubled,0.627,0.385,0.167
wriggle,0.627,0.404,0.469
bitter,0.627,0.411,0.218
hail,0.627,0.411,0.459
darkroom,0.627,0.423,0.188
cleaver,0.627,0.434,0.24
forensic,0.627,0.436,0.439
segregate,0.627,0.44,0.29
intervening,0.627,0.442,0.398
exhume,0.627,0.452,0.184
debutante,0.627,0.454,0.771
tumour,0.627,0.464,0.092
bugger,0.627,0.474,0.312
foreplay,0.627,0.474,0.724
fantasy,0.627,0.474,0.88
undercover,0.627,0.483,0.388
siren,0.627,0.5,0.57
flowering,0.627,0.5,0.906
eventuality,0.627,0.527,0.469
separatist,0.627,0.537,0.245
extradition,0.627,0.554,0.229
call,0.627,0.558,0.594
mortar,0.627,0.562,0.333
rider,0.627,0.574,0.635
subito,0.627,0.577,0.372
contravention,0.627,0.593,0.344
fumigation,0.627,0.604,0.327
transport,0.627,0.605,0.613
concurrence,0.627,0.613,0.764
sympathize,0.627,0.644,0.77
exposition,0.627,0.655,0.521
vivid,0.627,0.667,0.698
vigilante,0.627,0.72,0.418
inventive,0.627,0.721,0.78
insurmountable,0.627,0.737,0.62
protrude,0.627,0.753,0.704
inspire,0.627,0.759,0.918
reinvest,0.627,0.763,0.57
psychiatrist,0.627,0.765,0.489
prominent,0.627,0.779,0.676
dashing,0.627,0.799,0.612
discovery,0.627,0.814,0.823
whiz,0.627,0.82,0.896
ascent,0.627,0.833,0.755
prosperous,0.627,0.89,0.948
warden,0.627,0.898,0.615
rich,0.627,0.905,0.882
greatest,0.627,0.922,0.847
strengthening,0.627,0.945,0.913
boss,0.627,0.954,0.31
tram,0.628,0.492,0.667
collaboration,0.628,0.741,0.885
hydrocephalus,0.629,0.393,0.286
jailbreak,0.629,0.471,0.354
caveat,0.629,0.484,0.344
mistaken,0.63,0.212,0.131
unhappiness,0.63,0.222,0.083
jerk,0.63,0.238,0.194
illogical,0.63,0.251,0.208
ugly,0.63,0.254,0.167
waver,0.63,0.255,0.426
weeeee,0.63,0.283,0.562
desertion,0.63,0.289,0.122
disrepute,0.63,0.292,0.208
bewildered,0.63,0.3,0.23
falsified,0.63,0.306,0.042
spatter,0.63,0.315,0.292
inordinate,0.63,0.33,0.163
punk,0.63,0.358,0.429
stash,0.63,0.361,0.344
waiver,0.63,0.373,0.396
ruddy,0.63,0.395,0.49
crunch,0.63,0.406,0.292
scroll,0.63,0.409,0.375
cemetery,0.63,0.417,0.051
reluctant,0.63,0.432,0.292
morbidity,0.63,0.443,0.37
necessities,0.63,0.463,0.52
imprisonment,0.63,0.471,0.133
deejay,0.63,0.473,0.551
faker,0.63,0.48,0.245
ghetto,0.63,0.482,0.302
overrated,0.63,0.482,0.312
psychedelic,0.63,0.482,0.45
exile,0.63,0.483,0.184
heretical,0.63,0.487,0.229
softball,0.63,0.518,0.735
musical,0.63,0.53,0.908
contagion,0.63,0.535,0.208
yank,0.63,0.538,0.271
torch,0.63,0.545,0.531
proceed,0.63,0.565,0.729
hunch,0.63,0.567,0.561
bureaucratic,0.63,0.573,0.28
stark,0.63,0.577,0.33
wife,0.63,0.583,0.886
replicate,0.63,0.585,0.48
flight,0.63,0.587,0.646
dinosaur,0.63,0.596,0.448
coping,0.63,0.613,0.562
immediacy,0.63,0.627,0.635
jailer,0.63,0.632,0.194
payer,0.63,0.638,0.313
entail,0.63,0.645,0.484
decipher,0.63,0.652,0.417
paycheck,0.63,0.652,0.896
exclusive,0.63,0.653,0.792
pledged,0.63,0.658,0.719
selflove,0.63,0.661,0.854
betrothed,0.63,0.667,0.833
liberated,0.63,0.683,0.78
recruiter,0.63,0.69,0.662
inspection,0.63,0.718,0.459
detector,0.63,0.724,0.459
populous,0.63,0.725,0.52
operator,0.63,0.726,0.612
litigator,0.63,0.732,0.429
unquestionably,0.63,0.75,0.5
genial,0.63,0.769,0.867
attractive,0.63,0.769,0.906
inversion,0.63,0.772,0.602
parenthood,0.63,0.782,0.75
glamorous,0.63,0.791,0.918
unforgiving,0.63,0.793,0.406
perseverance,0.63,0.796,0.888
cardiologist,0.63,0.814,0.458
important,0.63,0.836,0.827
unwavering,0.63,0.858,0.74
freehold,0.63,0.882,0.635
horribly,0.631,0.454,0.05
gusty,0.631,0.455,0.687
electoral,0.631,0.602,0.49
racer,0.631,0.678,0.48
pinch,0.632,0.339,0.34
flatulence,0.632,0.343,0.21
welt,0.632,0.37,0.39
pelvic,0.632,0.373,0.32
evict,0.632,0.377,0.042
interruption,0.632,0.425,0.184
honky,0.632,0.425,0.458
dissection,0.632,0.462,0.276
outbreak,0.632,0.472,0.26
cynic,0.632,0.473,0.135
spunk,0.632,0.473,0.438
wildcat,0.632,0.481,0.458
vodka,0.632,0.491,0.51
frisky,0.632,0.525,0.7
incantation,0.632,0.548,0.439
shop,0.632,0.565,0.725
impersonate,0.632,0.591,0.51
repay,0.632,0.592,0.469
recreation,0.632,0.66,0.909
electromagnetic,0.632,0.683,0.531
dollar,0.632,0.694,0.755
demolish,0.632,0.7,0.125
liberate,0.632,0.708,0.76
astronomical,0.632,0.726,0.6
neurosurgery,0.632,0.73,0.49
vindication,0.632,0.764,0.531
fervent,0.632,0.773,0.646
vantage,0.632,0.788,0.74
trader,0.632,0.854,0.562
reigning,0.632,0.87,0.677
effective,0.632,0.891,0.844
shareholder,0.632,0.915,0.656
insect,0.633,0.242,0.276
exhaustion,0.633,0.269,0.366
bitterness,0.633,0.27,0.115
disappoint,0.633,0.288,0.15
miser,0.633,0.311,0.208
graffiti,0.633,0.353,0.582
sphincter,0.633,0.375,0.347
bounce,0.633,0.386,0.375
chimpanzee,0.633,0.387,0.5
expenses,0.633,0.396,0.24
repelling,0.633,0.429,0.184
rupture,0.633,0.43,0.125
grrrrr,0.633,0.444,0.281
masquerade,0.633,0.446,0.431
spill,0.633,0.456,0.408
humor,0.633,0.462,0.89
bowler,0.633,0.481,0.552
moods,0.633,0.491,0.578
gaming,0.633,0.491,0.896
strobe,0.633,0.537,0.49
refurbish,0.633,0.541,0.656
bookie,0.633,0.618,0.344
confidant,0.633,0.631,0.837
sorcerer,0.633,0.632,0.377
prospection,0.633,0.64,0.594
mending,0.633,0.657,0.5
resonant,0.633,0.663,0.542
mystique,0.633,0.667,0.668
exportation,0.633,0.673,0.76
sleuth,0.633,0.676,0.46
enchanted,0.633,0.687,0.917
exhibit,0.633,0.708,0.688
convey,0.633,0.708,0.719
mortgagee,0.633,0.723,0.418
notoriety,0.633,0.769,0.552
charge,0.633,0.785,0.51
prominently,0.633,0.831,0.771
industrialist,0.633,0.843,0.562
manly,0.633,0.846,0.698
prosper,0.633,0.857,0.935
mission,0.633,0.87,0.765
kink,0.634,0.321,0.337
punched,0.634,0.452,0.188
busybody,0.634,0.472,0.255
deviating,0.634,0.536,0.354
subpoena,0.634,0.555,0.281
unimaginable,0.634,0.589,0.573
green snake,0.634,0.614,0.229
gracious,0.634,0.637,0.918
messiah,0.634,0.8,0.781
pride,0.634,0.848,0.729
idiocy,0.635,0.137,0.112
messy,0.635,0.14,0.26
blunder,0.635,0.145,0.135
damaged,0.635,0.182,0.104
forfeit,0.635,0.245,0.083
enslavement,0.635,0.302,0.086
defraud,0.635,0.314,0.175
gonorrhea,0.635,0.322,0.106
grievance,0.635,0.364,0.092
dolor,0.635,0.375,0.167
inflection,0.635,0.377,0.385
contempt,0.635,0.396,0.206
undead,0.635,0.406,0.367
rawr,0.635,0.406,0.457
bees,0.635,0.412,0.562
insinuate,0.635,0.413,0.292
honk,0.635,0.415,0.549
measles,0.635,0.422,0.092
illegality,0.635,0.427,0.094
probation,0.635,0.44,0.206
dontmesswithme,0.635,0.44,0.312
inexplicable,0.635,0.443,0.224
ballroom,0.635,0.448,0.847
sever,0.635,0.451,0.156
patter,0.635,0.451,0.312
tort,0.635,0.455,0.229
scorching,0.635,0.464,0.406
lotto,0.635,0.475,0.76
attestation,0.635,0.5,0.234
interrupt,0.635,0.509,0.21
theater,0.635,0.516,0.76
depress,0.635,0.528,0.219
gravity,0.635,0.538,0.51
unearth,0.635,0.545,0.427
unattainable,0.635,0.571,0.22
influx,0.635,0.575,0.622
prediction,0.635,0.585,0.562
expressway,0.635,0.587,0.633
unfailing,0.635,0.594,0.625
exhaustive,0.635,0.604,0.388
yachting,0.635,0.609,0.624
gleaming,0.635,0.627,0.827
presume,0.635,0.635,0.448
percussion,0.635,0.642,0.622
auspicious,0.635,0.669,0.562
insistent,0.635,0.701,0.552
laborious,0.635,0.709,0.393
operative,0.635,0.718,0.541
quickness,0.635,0.74,0.774
mindfulness,0.635,0.745,0.729
authorship,0.635,0.773,0.667
patriotism,0.635,0.848,0.708
immortality,0.635,0.861,0.688
patriot,0.635,0.886,0.771
talented,0.635,0.938,0.939
inadmissible,0.636,0.389,0.188
dumbbitch,0.636,0.393,0.281
deceiving,0.636,0.426,0.099
treadmill,0.636,0.436,0.459
grudging,0.636,0.473,0.092
inimaginable,0.636,0.534,0.542
obstetrician,0.636,0.604,0.521
clout,0.636,0.704,0.584
pentagon,0.636,0.774,0.49
stronghold,0.636,0.954,0.708
disrespect,0.637,0.302,0.062
unsavory,0.637,0.353,0.071
disliking,0.637,0.366,0.163
disown,0.637,0.368,0.153
whimsical,0.637,0.371,0.449
lifesucks,0.637,0.377,0.167
indiscretion,0.637,0.39,0.265
detestation,0.637,0.412,0.177
rave,0.637,0.42,0.49
rejects,0.637,0.422,0.083
breech,0.637,0.422,0.5
untenable,0.637,0.425,0.143
circus,0.637,0.432,0.724
pub,0.637,0.446,0.592
crotch,0.637,0.447,0.521
selfish,0.637,0.495,0.061
condom,0.637,0.5,0.406
newsflash,0.637,0.518,0.604
datenight,0.637,0.518,0.708
reveal,0.637,0.526,0.493
helipad,0.637,0.573,0.78
warming,0.637,0.58,0.594
rejoicing,0.637,0.592,0.811
slinky,0.637,0.603,0.4
gloat,0.637,0.603,0.5
inquisitive,0.637,0.615,0.301
sorority,0.637,0.627,0.635
hight,0.637,0.645,0.667
satisfaction,0.637,0.673,0.939
nomination,0.637,0.696,0.663
increment,0.637,0.75,0.684
marvelous,0.637,0.778,0.948
rewarding,0.637,0.783,0.958
regimental,0.637,0.817,0.292
matrimony,0.637,0.843,0.85
wealth,0.637,0.858,0.857
highlight,0.637,0.882,0.844
undertow,0.639,0.231,0.327
fled,0.639,0.322,0.224
bikini,0.639,0.353,0.73
whimsy,0.639,0.455,0.729
satyr,0.639,0.5,0.28
spiny,0.639,0.528,0.167
narcissism,0.639,0.54,0.214
suitor,0.639,0.546,0.708
reverberation,0.639,0.551,0.39
unload,0.639,0.573,0.656
laugh,0.639,0.587,0.98
choreographer,0.639,0.625,0.646
blissful,0.639,0.676,0.885
limelight,0.639,0.694,0.667
labor,0.639,0.754,0.594
fortunate,0.639,0.836,0.927
commandeer,0.639,0.931,0.552
grievous,0.64,0.179,0.146
disappointing,0.64,0.2,0.073
unwell,0.64,0.221,0.143
nauseating,0.64,0.25,0.021
oppressed,0.64,0.259,0.119
greatly negative,0.64,0.282,0.051
scourge,0.64,0.302,0.214
blame,0.64,0.309,0.115
disrupt,0.64,0.349,0.265
charlatan,0.64,0.352,0.2
testy,0.64,0.357,0.135
misdemeanor,0.64,0.364,0.21
unexplored,0.64,0.388,0.401
leery,0.64,0.41,0.337
paganism,0.64,0.411,0.24
romp,0.64,0.417,0.61
superstition,0.64,0.418,0.177
blabbermouth,0.64,0.422,0.323
caprice,0.64,0.43,0.333
fanfare,0.64,0.437,0.656
skid,0.64,0.44,0.357
pinball,0.64,0.442,0.582
schadenfreude,0.64,0.463,0.354
grief,0.64,0.474,0.07
bruise,0.64,0.474,0.133
skirmish,0.64,0.474,0.29
roughneck,0.64,0.491,0.323
renegade,0.64,0.509,0.14
brazen,0.64,0.518,0.292
hilarious,0.64,0.537,0.75
ruse,0.64,0.546,0.531
christmasbreak,0.64,0.548,0.842
instantaneously,0.64,0.6,0.656
mirth,0.64,0.608,0.888
unconstrained,0.64,0.635,0.653
tumult,0.64,0.636,0.271
bargaining,0.64,0.642,0.622
bull,0.64,0.644,0.521
evaluate,0.64,0.649,0.663
defensive,0.64,0.678,0.542
immeasurably,0.64,0.68,0.51
refresh,0.64,0.689,0.719
utterance,0.64,0.704,0.542
highest,0.64,0.71,0.771
maneuvering,0.64,0.745,0.635
juror,0.64,0.75,0.582
vanguard,0.64,0.78,0.693
subdue,0.64,0.784,0.275
gain,0.64,0.822,0.917
innovative,0.64,0.83,0.88
regeneration,0.64,0.845,0.76
dishonorable,0.641,0.28,0.112
rattled,0.641,0.33,0.354
telethon,0.641,0.473,0.643
zany,0.641,0.586,0.5
intrusion,0.641,0.67,0.293
flop,0.642,0.196,0.081
stubbed,0.642,0.241,0.323
fricking,0.642,0.357,0.333
neigh,0.642,0.373,0.378
circumvent,0.642,0.383,0.316
inflammatory,0.642,0.404,0.177
wiretap,0.642,0.454,0.224
confession,0.642,0.46,0.469
tomahawk,0.642,0.504,0.51
flares,0.642,0.556,0.58
want,0.642,0.598,0.671
boundless,0.642,0.652,0.684
rhythmic,0.642,0.664,0.714
foxy,0.642,0.679,0.552
builder,0.642,0.701,0.66
mustang,0.642,0.708,0.635
delectable,0.642,0.718,0.781
sturdy,0.642,0.824,0.58
progress,0.642,0.877,0.88
disagreeable,0.643,0.178,0.042
disoriented,0.643,0.227,0.227
faggot,0.643,0.292,0.219
mousetrap,0.643,0.33,0.18
yo-yo,0.643,0.345,0.592
disagreeing,0.643,0.35,0.255
clamor,0.643,0.36,0.438
fucktard,0.643,0.364,0.214
incensed,0.643,0.392,0.338
discrepancy,0.643,0.417,0.26
mayday,0.643,0.423,0.344
starry,0.643,0.434,0.438
yielding,0.643,0.444,0.49
submerge,0.643,0.456,0.517
barbecue,0.643,0.456,0.792
crackle,0.643,0.481,0.327
makesmemad,0.643,0.5,0.296
fussy,0.643,0.519,0.417
expose,0.643,0.537,0.344
trip,0.643,0.538,0.875
bicker,0.643,0.552,0.143
orbiting,0.643,0.554,0.52
erode,0.643,0.58,0.208
incinerator,0.643,0.591,0.25
joys,0.643,0.651,0.981
lingering,0.643,0.667,0.63
trophy,0.643,0.676,0.947
bestseller,0.643,0.7,0.771
newjob,0.643,0.729,0.755
gratification,0.643,0.755,0.867
hilltop,0.643,0.787,0.688
vigilant,0.643,0.791,0.469
outrank,0.643,0.817,0.653
infinitely,0.643,0.829,0.688
learn,0.643,0.829,0.833
crap,0.644,0.167,0.083
undesirable,0.644,0.26,0.177
victimized,0.644,0.273,0.115
stuck,0.644,0.285,0.153
illegitimate,0.644,0.302,0.184
hind,0.644,0.337,0.483
marginal,0.644,0.345,0.235
puzzling,0.644,0.353,0.296
sweltering,0.644,0.362,0.204
mortification,0.644,0.404,0.135
travesty,0.644,0.407,0.354
ringside,0.644,0.411,0.5
problem,0.644,0.415,0.062
gorge,0.644,0.42,0.365
dismantle,0.644,0.462,0.347
caveman,0.644,0.482,0.235
bidding,0.644,0.509,0.586
excavation,0.644,0.527,0.54
meandering,0.644,0.539,0.427
exquisite,0.644,0.604,0.892
insemination,0.644,0.622,0.542
freeway,0.644,0.648,0.531
seize,0.644,0.673,0.656
payoff,0.644,0.673,0.74
engine,0.644,0.676,0.615
jockey,0.644,0.703,0.562
entertained,0.644,0.712,0.902
persist,0.644,0.727,0.765
pushing,0.644,0.731,0.396
laboring,0.644,0.737,0.705
luxurious,0.644,0.754,0.947
ascending,0.644,0.777,0.826
referee,0.644,0.778,0.531
future,0.644,0.786,0.888
enforce,0.644,0.836,0.583
eminence,0.644,0.837,0.816
attitude,0.644,0.861,0.76
prestigious,0.644,0.925,0.979
shithead,0.645,0.302,0.12
demeaning,0.645,0.308,0.104
lymphoma,0.645,0.33,0.208
cardiomyopathy,0.645,0.537,0.177
hacksaw,0.645,0.537,0.406
ultimate,0.645,0.544,0.648
flaming,0.645,0.558,0.406
sanitarium,0.645,0.57,0.448
recruitment,0.645,0.591,0.479
expeditious,0.645,0.773,0.602
positively,0.645,0.795,0.969
stolen,0.646,0.308,0.156
serpentine,0.646,0.329,0.576
howl,0.646,0.407,0.357
castaway,0.646,0.422,0.208
metastasis,0.646,0.452,0.177
lubrication,0.646,0.491,0.624
gauge,0.646,0.518,0.438
overestimated,0.646,0.527,0.344
bestdayever,0.646,0.593,0.76
permissible,0.646,0.612,0.684
telekinesis,0.646,0.667,0.582
promotional,0.646,0.679,0.84
newlife,0.646,0.701,0.898
aviation,0.646,0.741,0.708
illuminate,0.646,0.782,0.905
motivational,0.646,0.858,0.906
strict,0.646,0.878,0.5
expert,0.646,0.911,0.776
imperial,0.646,0.922,0.669
unsettled,0.647,0.17,0.208
crushed,0.647,0.3,0.167
irregularity,0.647,0.306,0.104
disregard,0.647,0.308,0.177
regurgitation,0.647,0.315,0.16
insecurity,0.647,0.35,0.094
demolished,0.647,0.353,0.271
creep,0.647,0.361,0.354
reject,0.647,0.37,0.06
spellbound,0.647,0.387,0.531
shear,0.647,0.388,0.286
delusion,0.647,0.4,0.344
twirl,0.647,0.409,0.552
grudge,0.647,0.414,0.115
cirque,0.647,0.467,0.604
brainwash,0.647,0.481,0.198
skijump,0.647,0.482,0.635
indefensible,0.647,0.484,0.173
beat,0.647,0.492,0.279
screwyou,0.647,0.509,0.26
scurry,0.647,0.509,0.398
succubus,0.647,0.509,0.417
crater,0.647,0.529,0.45
prying,0.647,0.547,0.385
polygamy,0.647,0.563,0.365
warn,0.647,0.564,0.429
flyboy,0.647,0.573,0.541
nitro,0.647,0.639,0.5
thrust,0.647,0.663,0.51
move,0.647,0.67,0.656
predicting,0.647,0.679,0.463
remodel,0.647,0.693,0.604
manifest,0.647,0.704,0.667
imperative,0.647,0.708,0.625
cope,0.647,0.709,0.592
tanker,0.647,0.713,0.52
sharpened,0.647,0.727,0.573
experiences,0.647,0.795,0.793
million,0.647,0.812,0.776
gifted,0.647,0.868,0.902
awesomeness,0.647,0.927,0.917
irrational,0.648,0.394,0.125
zombie,0.648,0.415,0.214
cutlass,0.648,0.528,0.173
worshipful,0.648,0.546,0.76
interject,0.648,0.658,0.333
ironclad,0.648,0.679,0.561
possessive,0.648,0.696,0.279
lavish,0.648,0.73,0.792
cheered,0.648,0.79,0.875
construct,0.648,0.792,0.75
enormity,0.648,0.848,0.594
godlike,0.648,0.87,0.854
mastery,0.648,0.873,0.755
shimmering,0.648,0.904,0.844
karaoke,0.649,0.342,0.763
uncensured,0.649,0.509,0.438
sprint,0.649,0.528,0.549
bootlegger,0.649,0.541,0.354
guts,0.649,0.582,0.592
oversee,0.649,0.778,0.541
significant,0.649,0.786,0.827
confused,0.65,0.179,0.22
sore,0.65,0.224,0.094
remiss,0.65,0.325,0.19
died,0.65,0.327,0.021
withering,0.65,0.345,0.271
falter,0.65,0.346,0.421
forfeited,0.65,0.352,0.156
awkward,0.65,0.358,0.296
invidious,0.65,0.364,0.112
implore,0.65,0.377,0.396
retrenchment,0.65,0.384,0.23
fleeting,0.65,0.387,0.439
fortnight,0.65,0.397,0.77
unsustainable,0.65,0.406,0.255
powwow,0.65,0.406,0.49
gratuitous,0.65,0.452,0.735
excretion,0.65,0.457,0.285
expectant,0.65,0.474,0.708
soangry,0.65,0.482,0.327
capricious,0.65,0.5,0.221
binge,0.65,0.5,0.304
surf,0.65,0.5,0.847
cruise ship,0.65,0.5,0.878
improvise,0.65,0.519,0.646
bulldog,0.65,0.53,0.494
capture,0.65,0.537,0.357
hilt,0.65,0.537,0.396
autopsy,0.65,0.538,0.252
divination,0.65,0.545,0.5
scrumptious,0.65,0.566,0.959
unfettered,0.65,0.586,0.569
delicious,0.65,0.589,0.927
dynamo,0.65,0.593,0.531
obstructive,0.65,0.613,0.204
harsh,0.65,0.623,0.25
pressure,0.65,0.623,0.36
boot,0.65,0.625,0.438
costly,0.65,0.642,0.316
enchant,0.65,0.643,0.873
happyday,0.65,0.663,0.929
relive,0.65,0.693,0.75
rejoice,0.65,0.698,0.827
veneration,0.65,0.712,0.745
locomotive,0.65,0.721,0.542
expression,0.65,0.721,0.79
testify,0.65,0.741,0.521
combustible,0.65,0.75,0.386
burly,0.65,0.75,0.562
exploration,0.65,0.773,0.594
expansive,0.65,0.778,0.708
terrific,0.65,0.821,0.859
loud,0.65,0.87,0.573
earnings,0.65,0.875,0.938
frustrated,0.651,0.255,0.08
gape,0.651,0.287,0.493
buffoon,0.651,0.29,0.344
sting,0.651,0.373,0.163
parody,0.651,0.375,0.561
torsion,0.651,0.402,0.312
testicle,0.651,0.41,0.458
contradictory,0.651,0.421,0.365
kindling,0.651,0.421,0.52
pointy,0.651,0.438,0.469
hymen,0.651,0.457,0.469
pissedoff,0.651,0.459,0.24
centrifugal,0.651,0.48,0.306
overhaul,0.651,0.491,0.5
foreclosure,0.651,0.5,0.167
tricky,0.651,0.5,0.219
bandwagon,0.651,0.509,0.625
precipitous,0.651,0.514,0.429
spew,0.651,0.573,0.26
incarnate,0.651,0.593,0.552
magical,0.651,0.595,0.875
propaganda,0.651,0.618,0.521
prospector,0.651,0.64,0.573
insist,0.651,0.688,0.635
deathbed,0.652,0.311,0.051
soscared,0.652,0.319,0.229
heartless,0.652,0.4,0.071
freestyle,0.652,0.52,0.765
gooood,0.652,0.547,0.857
transcendental,0.652,0.842,0.635
mogul,0.652,0.865,0.51
twit,0.653,0.198,0.194
tightrope,0.653,0.279,0.354
malaria,0.653,0.304,0.125
fag,0.653,0.331,0.122
frustrates,0.653,0.34,0.146
gangrene,0.653,0.359,0.133
scrotum,0.653,0.361,0.396
saucy,0.653,0.391,0.25
hatch,0.653,0.402,0.479
censure,0.653,0.417,0.219
impertinence,0.653,0.42,0.17
pitted,0.653,0.47,0.358
cutters,0.653,0.491,0.197
skate,0.653,0.508,0.74
recruits,0.653,0.593,0.396
expository,0.653,0.636,0.706
bouncer,0.653,0.655,0.49
scrutiny,0.653,0.658,0.5
purchasing,0.653,0.661,0.667
conjuring,0.653,0.694,0.224
sword,0.653,0.713,0.438
bullhorn,0.653,0.736,0.51
titan,0.653,0.811,0.598
celebratory,0.653,0.845,0.857
developer,0.653,0.864,0.844
captain,0.653,0.966,0.552
mishap,0.654,0.227,0.071
famished,0.654,0.282,0.177
deform,0.654,0.284,0.112
prisoner,0.654,0.308,0.071
circling,0.654,0.336,0.51
dejected,0.654,0.347,0.104
compelled,0.654,0.347,0.333
dodging,0.654,0.382,0.396
turnaround,0.654,0.407,0.56
gofuckyourself,0.654,0.415,0.167
venereal,0.654,0.424,0.302
hindering,0.654,0.435,0.26
toxin,0.654,0.456,0.115
slingshot,0.654,0.474,0.323
forgery,0.654,0.481,0.235
congestion,0.654,0.491,0.271
trapper,0.654,0.491,0.296
handshake,0.654,0.492,0.816
beer,0.654,0.5,0.592
musket,0.654,0.51,0.26
fencing,0.654,0.539,0.542
oppress,0.654,0.555,0.186
readytogo,0.654,0.578,0.667
beaming,0.654,0.587,0.892
hovercraft,0.654,0.588,0.541
laughter,0.654,0.588,0.959
printing,0.654,0.615,0.646
riding,0.654,0.62,0.694
imputation,0.654,0.621,0.333
recruit,0.654,0.633,0.551
oncologist,0.654,0.64,0.26
movement,0.654,0.658,0.656
liquidate,0.654,0.664,0.327
deliberate,0.654,0.682,0.551
pleasures,0.654,0.705,0.896
hefty,0.654,0.745,0.55
wedlock,0.654,0.745,0.747
larger,0.654,0.763,0.729
heir,0.654,0.764,0.84
effectiveness,0.654,0.812,0.64
nosey,0.655,0.223,0.276
sonervous,0.655,0.373,0.344
dissent,0.655,0.407,0.3
vertigo,0.655,0.445,0.292
chop,0.655,0.467,0.25
satire,0.655,0.472,0.458
peat,0.655,0.504,0.333
birth,0.655,0.536,0.896
bridal,0.655,0.596,0.823
revelations,0.655,0.6,0.729
invite,0.655,0.611,0.745
boom,0.655,0.731,0.604
organize,0.655,0.781,0.802
investor,0.655,0.791,0.794
wring,0.656,0.348,0.36
drinks,0.656,0.412,0.729
squeamish,0.656,0.453,0.176
wade,0.656,0.472,0.51
jock,0.656,0.473,0.592
cabaret,0.656,0.482,0.677
perdition,0.656,0.496,0.135
lacrosse,0.656,0.509,0.573
confinement,0.656,0.52,0.333
insatiable,0.656,0.558,0.375
eject,0.656,0.559,0.434
rhinoceros,0.656,0.569,0.556
strained,0.656,0.58,0.122
womanhood,0.656,0.602,0.812
partake,0.656,0.629,0.755
celebrant,0.656,0.643,0.865
recapture,0.656,0.658,0.333
sporting,0.656,0.675,0.917
presidential,0.656,0.972,0.612
unorganized,0.657,0.173,0.26
fall,0.657,0.221,0.177
disarray,0.657,0.223,0.198
deplorable,0.657,0.23,0.135
mistrust,0.657,0.231,0.135
corpse,0.657,0.232,0.094
stinking,0.657,0.264,0.041
prematurely,0.657,0.289,0.292
some disgust,0.657,0.321,0.094
shaken,0.657,0.333,0.344
complicate,0.657,0.404,0.21
falsify,0.657,0.409,0.115
craze,0.657,0.435,0.255
fiction,0.657,0.441,0.438
cytomegalovirus,0.657,0.443,0.186
yesss,0.657,0.451,0.719
lead,0.657,0.455,0.323
searching,0.657,0.466,0.534
contemptible,0.657,0.471,0.146
biopsy,0.657,0.481,0.323
cheery,0.657,0.486,0.949
rustic,0.657,0.491,0.369
pounce,0.657,0.518,0.49
diverge,0.657,0.52,0.375
circumcision,0.657,0.528,0.327
vibration,0.657,0.528,0.583
concourse,0.657,0.528,0.74
tentative,0.657,0.534,0.582
humored,0.657,0.545,0.854
magician,0.657,0.551,0.714
workaholic,0.657,0.557,0.344
omen,0.657,0.583,0.39
spiky,0.657,0.587,0.284
diva,0.657,0.596,0.66
meltdown,0.657,0.602,0.629
bloodline,0.657,0.604,0.51
showy,0.657,0.661,0.698
gathering,0.657,0.667,0.854
examination,0.657,0.679,0.378
staggering,0.657,0.683,0.52
candidacy,0.657,0.696,0.49
indoctrination,0.657,0.698,0.327
contend,0.657,0.731,0.51
crucial,0.657,0.777,0.541
stout,0.657,0.817,0.656
prowess,0.657,0.833,0.792
evolution,0.657,0.854,0.781
outsmart,0.657,0.864,0.673
increase,0.657,0.886,0.81
tenacity,0.657,0.889,0.74
chairperson,0.657,0.966,0.73
shitday,0.658,0.39,0.281
disgruntled,0.658,0.442,0.104
entertaining,0.658,0.66,0.833
tenacious,0.658,0.692,0.724
astute,0.658,0.827,0.776
nauseate,0.66,0.176,0.062
err,0.66,0.236,0.146
smashed,0.66,0.256,0.143
dire,0.66,0.259,0.214
misleading,0.66,0.272,0.07
pestilence,0.66,0.283,0.122
embolism,0.66,0.302,0.104
thirsty,0.66,0.31,0.281
fantasize,0.66,0.356,0.771
disintegrate,0.66,0.364,0.143
jump rope,0.66,0.368,0.656
contradiction,0.66,0.377,0.25
gag,0.66,0.398,0.323
weird,0.66,0.402,0.26
gulp,0.66,0.409,0.551
scrimmage,0.66,0.411,0.367
soscary,0.66,0.414,0.301
lesbian,0.66,0.415,0.385
sudden,0.66,0.435,0.449
intolerable,0.66,0.439,0.146
teens,0.66,0.44,0.653
jihad,0.66,0.444,0.323
complicated,0.66,0.455,0.211
obstruct,0.66,0.458,0.115
hysterectomy,0.66,0.47,0.178
infraction,0.66,0.471,0.245
ballerina,0.66,0.475,0.802
greedy,0.66,0.476,0.125
pollute,0.66,0.48,0.173
strenuous,0.66,0.481,0.104
fuming,0.66,0.481,0.24
inhuman,0.66,0.492,0.107
opposing,0.66,0.518,0.188
transfixed,0.66,0.528,0.427
electric slide,0.66,0.536,0.542
linebacker,0.66,0.543,0.49
extrusion,0.66,0.545,0.229
divergent,0.66,0.587,0.449
climb,0.66,0.604,0.615
wield,0.66,0.625,0.347
printout,0.66,0.637,0.594
opulent,0.66,0.66,0.562
intercept,0.66,0.676,0.221
surpassing,0.66,0.72,0.719
speaker,0.66,0.723,0.604
lumberjack,0.66,0.726,0.5
explore,0.66,0.727,0.776
exhort,0.66,0.745,0.378
massive,0.66,0.75,0.569
charming,0.66,0.764,0.917
knighthood,0.66,0.769,0.74
increased,0.66,0.773,0.684
primacy,0.66,0.778,0.778
fabulous,0.66,0.797,0.979
righteousness,0.66,0.897,0.802
disgraced,0.661,0.25,0.071
forego,0.661,0.291,0.396
playroom,0.661,0.38,0.844
hustle,0.661,0.427,0.406
hooked,0.661,0.454,0.61
exposed,0.661,0.509,0.471
intergalactic,0.661,0.741,0.562
export,0.661,0.755,0.567
smack,0.662,0.381,0.323
corral,0.662,0.422,0.606
incident,0.662,0.482,0.084
outlaw,0.662,0.482,0.255
fraught,0.662,0.596,0.266
snakes,0.662,0.606,0.176
bestfriends,0.662,0.647,0.934
lost,0.663,0.148,0.199
dissatisfaction,0.663,0.202,0.115
intimidated,0.663,0.208,0.177
morose,0.663,0.264,0.24
warped,0.663,0.304,0.219
chattering,0.663,0.304,0.46
disparage,0.663,0.336,0.092
insolent,0.663,0.343,0.112
stunned,0.663,0.356,0.306
shivering,0.663,0.373,0.122
strange,0.663,0.395,0.314
inmate,0.663,0.398,0.235
telltale,0.663,0.426,0.24
vasectomy,0.663,0.431,0.208
defibrillator,0.663,0.431,0.398
ragemode,0.663,0.454,0.363
fiesty,0.663,0.472,0.571
spree,0.663,0.474,0.564
enchantress,0.663,0.479,0.398
mall,0.663,0.492,0.724
immigrant,0.663,0.509,0.357
gimmick,0.663,0.519,0.38
aversion,0.663,0.525,0.074
precipitation,0.663,0.531,0.454
calisthenics,0.663,0.545,0.562
incision,0.663,0.558,0.24
exodus,0.663,0.567,0.286
exam,0.663,0.577,0.479
motorist,0.663,0.578,0.562
magic,0.663,0.578,0.868
grand theft auto,0.663,0.58,0.493
befall,0.663,0.585,0.52
launches,0.663,0.602,0.49
maneuver,0.663,0.608,0.615
trial,0.663,0.612,0.438
gunboat,0.663,0.618,0.139
conductor,0.663,0.621,0.677
moderate surprise,0.663,0.637,0.776
leap,0.663,0.667,0.75
sensation,0.663,0.673,0.781
invest,0.663,0.682,0.65
psychiatry,0.663,0.698,0.191
supermodel,0.663,0.698,0.88
coliseum,0.663,0.704,0.612
makesmehappy,0.663,0.712,0.894
explorer,0.663,0.714,0.729
guards,0.663,0.72,0.448
terminator,0.663,0.737,0.37
campaigning,0.663,0.741,0.531
research,0.663,0.741,0.633
liquidator,0.663,0.75,0.354
infallibility,0.663,0.764,0.583
attract,0.663,0.769,0.796
super,0.663,0.78,0.844
presentment,0.663,0.784,0.708
influence,0.663,0.824,0.622
implacable,0.663,0.83,0.569
gallantry,0.663,0.871,0.906
independence,0.663,0.911,0.896
tumor,0.664,0.324,0.102
infertility,0.664,0.328,0.17
trot,0.664,0.396,0.531
dying,0.664,0.422,0.04
emigration,0.664,0.432,0.564
rapport,0.664,0.567,0.771
revival,0.664,0.597,0.823
delighted,0.664,0.685,0.938
patrol,0.664,0.736,0.427
commanding,0.664,0.925,0.562
chairwoman,0.664,0.953,0.719
gypsy,0.665,0.396,0.375
great,0.665,0.81,0.958
enormous,0.665,0.886,0.677
unmanageable,0.666,0.482,0.177
delight,0.666,0.647,0.949
cockroach,0.667,0.196,0.188
farce,0.667,0.246,0.265
wretch,0.667,0.25,0.04
incurable,0.667,0.255,0.104
sweating,0.667,0.265,0.292
confusion,0.667,0.277,0.255
inconvenience,0.667,0.291,0.063
misconduct,0.667,0.304,0.061
bound,0.667,0.31,0.417
deny,0.667,0.321,0.316
bleep,0.667,0.345,0.479
sinner,0.667,0.356,0.237
egotistical,0.667,0.363,0.156
embarrass,0.667,0.364,0.082
irreconcilable,0.667,0.375,0.146
cantbreathe,0.667,0.375,0.284
breakable,0.667,0.408,0.194
squash,0.667,0.41,0.531
bingo,0.667,0.429,0.735
hokey,0.667,0.43,0.604
elimination,0.667,0.431,0.052
laceration,0.667,0.443,0.143
racquetball,0.667,0.444,0.582
hardball,0.667,0.452,0.542
immigration,0.667,0.454,0.39
extol,0.667,0.456,0.582
penance,0.667,0.463,0.219
conceited,0.667,0.473,0.194
perspiration,0.667,0.49,0.385
incur,0.667,0.495,0.312
incorrigible,0.667,0.5,0.13
genitalia,0.667,0.5,0.323
spectral,0.667,0.5,0.43
mystery,0.667,0.519,0.417
sect,0.667,0.526,0.265
spade,0.667,0.529,0.469
cyanide,0.667,0.545,0.229
deport,0.667,0.546,0.167
repossess,0.667,0.552,0.418
prohibitive,0.667,0.585,0.156
liftoff,0.667,0.588,0.531
proposal,0.667,0.596,0.888
interest,0.667,0.618,0.78
pageant,0.667,0.651,0.719
barricade,0.667,0.673,0.323
transform,0.667,0.696,0.735
militant,0.667,0.75,0.418
attractiveness,0.667,0.755,0.938
evaluation,0.667,0.764,0.542
constable,0.667,0.764,0.573
mandatory,0.667,0.777,0.271
persistent,0.667,0.815,0.646
judicial,0.667,0.833,0.378
genius,0.667,0.846,0.878
inventor,0.667,0.847,0.781
strategy,0.667,0.858,0.704
billionaire,0.667,0.923,0.806
gaping,0.668,0.242,0.408
unequivocally,0.668,0.554,0.521
socialite,0.668,0.57,0.684
perforation,0.668,0.578,0.365
regime,0.668,0.773,0.29
roadblock,0.669,0.49,0.337
empress,0.669,0.855,0.716
shame,0.67,0.155,0.06
refusing,0.67,0.203,0.143
jester,0.67,0.264,0.388
insane,0.67,0.265,0.062
distrust,0.67,0.276,0.06
derision,0.67,0.292,0.265
eliminate,0.67,0.324,0.265
starving,0.67,0.336,0.163
leprosy,0.67,0.349,0.13
overworked,0.67,0.387,0.133
screamer,0.67,0.392,0.156
creak,0.67,0.411,0.344
barring,0.67,0.42,0.292
implicate,0.67,0.434,0.25
stride,0.67,0.434,0.49
woohoo,0.67,0.451,0.658
unfriendly,0.67,0.458,0.173
trapdoor,0.67,0.462,0.094
innuendo,0.67,0.463,0.467
ski,0.67,0.471,0.684
defamation,0.67,0.481,0.11
indecency,0.67,0.491,0.135
coercive,0.67,0.506,0.479
protrusion,0.67,0.51,0.354
scintillator,0.67,0.51,0.583
imply,0.67,0.533,0.542
water polo,0.67,0.534,0.688
guesser,0.67,0.535,0.542
persuasion,0.67,0.537,0.612
ray,0.67,0.538,0.55
happen,0.67,0.551,0.677
overpaid,0.67,0.585,0.429
pierce,0.67,0.611,0.365
trespass,0.67,0.613,0.229
digs,0.67,0.635,0.448
gladness,0.67,0.643,0.896
caster,0.67,0.647,0.604
yacht,0.67,0.66,0.823
virility,0.67,0.718,0.684
renaissance,0.67,0.767,0.771
galactic,0.67,0.776,0.656
mandate,0.67,0.779,0.448
tribunal,0.67,0.797,0.41
wily,0.67,0.798,0.459
develop,0.67,0.821,0.771
graduation,0.67,0.837,0.88
masculinity,0.67,0.851,0.583
courtroom,0.67,0.887,0.385
prodigious,0.67,0.904,0.875
highness,0.67,0.931,0.74
power,0.67,0.953,0.719
convoy,0.671,0.639,0.5
depreciated,0.672,0.25,0.135
outing,0.672,0.634,0.771
precursor,0.672,0.783,0.58
shittest,0.673,0.232,0.076
enema,0.673,0.268,0.281
deceived,0.673,0.302,0.059
hypocrite,0.673,0.306,0.082
jarring,0.673,0.309,0.21
bankrupt,0.673,0.337,0.163
repulsion,0.673,0.353,0.247
moving,0.673,0.358,0.479
pains,0.673,0.362,0.106
remorse,0.673,0.377,0.103
cunt,0.673,0.377,0.135
clowns,0.673,0.391,0.6
grieving,0.673,0.403,0.093
atone,0.673,0.411,0.418
lewd,0.673,0.412,0.188
ravine,0.673,0.413,0.354
mixedemotions,0.673,0.43,0.44
skating,0.673,0.435,0.745
implicated,0.673,0.438,0.354
improvised,0.673,0.443,0.61
flagrant,0.673,0.455,0.286
traps,0.673,0.481,0.235
racist,0.673,0.482,0.061
racism,0.673,0.487,0.122
demand,0.673,0.5,0.292
intimation,0.673,0.5,0.406
attentionseekers,0.673,0.5,0.531
stubbornness,0.673,0.508,0.156
forger,0.673,0.518,0.156
jiggle,0.673,0.518,0.592
fancy,0.673,0.534,0.854
talkative,0.673,0.535,0.562
throb,0.673,0.556,0.5
reciprocity,0.673,0.556,0.74
teenage,0.673,0.558,0.667
onstage,0.673,0.583,0.719
poacher,0.673,0.612,0.24
oppression,0.673,0.615,0.08
wolverine,0.673,0.627,0.47
safari,0.673,0.64,0.663
interception,0.673,0.643,0.327
excavator,0.673,0.649,0.427
militants,0.673,0.652,0.26
event,0.673,0.664,0.745
jubilant,0.673,0.664,0.844
live,0.673,0.676,0.88
reelection,0.673,0.681,0.541
sohappy,0.673,0.681,0.949
severely,0.673,0.7,0.219
rejuvenated,0.673,0.7,0.809
pitcher,0.673,0.704,0.51
hardening,0.673,0.741,0.388
overprotective,0.673,0.741,0.448
luxury,0.673,0.75,0.932
neurosurgeon,0.673,0.755,0.59
resplendent,0.673,0.755,0.905
exacting,0.673,0.767,0.448
bunker,0.673,0.773,0.375
shining,0.673,0.812,0.885
shrewd,0.673,0.816,0.551
ascendant,0.673,0.821,0.656
evolutionary,0.673,0.825,0.796
supernova,0.673,0.827,0.729
glorious,0.673,0.827,0.959
brilliance,0.673,0.83,0.99
stunning,0.673,0.858,0.888
fort,0.673,0.86,0.78
dexterity,0.673,0.864,0.771
proclaim,0.673,0.876,0.719
heroics,0.673,0.894,0.865
forceful,0.673,0.898,0.533
psoriasis,0.674,0.33,0.125
fever,0.674,0.364,0.194
sleazy,0.674,0.37,0.292
untraceable,0.674,0.574,0.321
stupidpeople,0.675,0.196,0.073
transvestite,0.675,0.373,0.27
sos,0.675,0.386,0.354
growls,0.675,0.442,0.125
astound,0.675,0.474,0.729
plutonium,0.675,0.731,0.406
bullshit,0.676,0.183,0.042
victim,0.676,0.202,0.115
distasteful,0.676,0.222,0.264
untimely,0.676,0.233,0.245
imprudent,0.676,0.265,0.17
astray,0.676,0.308,0.098
boo,0.676,0.309,0.153
culprit,0.676,0.333,0.062
busted,0.676,0.345,0.204
wiggle,0.676,0.359,0.531
rip,0.676,0.365,0.146
charred,0.676,0.373,0.208
maverick,0.676,0.409,0.354
infamy,0.676,0.421,0.177
intolerant,0.676,0.509,0.135
grappling,0.676,0.516,0.448
provoked,0.676,0.528,0.271
squeeze,0.676,0.532,0.458
esoteric,0.676,0.545,0.5
warpath,0.676,0.551,0.28
threesome,0.676,0.56,0.49
mutant,0.676,0.573,0.337
haunt,0.676,0.576,0.288
virginity,0.676,0.576,0.691
crush,0.676,0.582,0.271
rodeo,0.676,0.588,0.49
underworld,0.676,0.613,0.177
inclement,0.676,0.616,0.26
convene,0.676,0.636,0.583
resist,0.676,0.651,0.414
swag,0.676,0.654,0.656
consummation,0.676,0.661,0.583
demonstration,0.676,0.679,0.551
intentionally,0.676,0.696,0.45
popular,0.676,0.731,0.88
preeminent,0.676,0.732,0.688
tactics,0.676,0.774,0.583
stockbroker,0.676,0.802,0.417
cannon,0.676,0.811,0.529
possession,0.676,0.848,0.677
blockbuster,0.676,0.883,0.73
yaaaay,0.677,0.326,0.625
disqualification,0.677,0.33,0.066
buttocks,0.677,0.365,0.458
sleight,0.677,0.379,0.719
rebuke,0.677,0.429,0.115
banter,0.677,0.464,0.594
clandestine,0.677,0.469,0.425
prison,0.677,0.491,0.112
tempt,0.677,0.5,0.21
bereavement,0.677,0.5,0.265
gymnastics,0.677,0.508,0.745
banish,0.677,0.543,0.163
travail,0.677,0.62,0.5
blatant,0.677,0.675,0.327
perpetuation,0.677,0.716,0.51
persisting,0.677,0.745,0.697
intervene,0.677,0.768,0.52
productive,0.677,0.773,0.847
shit,0.678,0.294,0
spoiling,0.678,0.306,0.135
honeymoon,0.678,0.526,0.979
deliberation,0.678,0.596,0.561
shitty,0.679,0.163,0.02
squeak,0.679,0.3,0.271
famine,0.679,0.31,0.163
drum,0.679,0.339,0.615
swell,0.679,0.348,0.36
worries,0.679,0.363,0.094
detrimental,0.679,0.387,0.203
cheeky,0.679,0.41,0.434
carnal,0.679,0.421,0.417
harm,0.679,0.423,0.073
usury,0.679,0.43,0.344
geisha,0.679,0.442,0.521
sardonic,0.679,0.446,0.208
blackjack,0.679,0.452,0.419
comet,0.679,0.471,0.704
flabbergast,0.679,0.547,0.48
unreachable,0.679,0.557,0.208
fastball,0.679,0.575,0.688
stadium,0.679,0.611,0.635
smiling,0.679,0.625,0.981
rating,0.679,0.637,0.663
conjure,0.679,0.645,0.385
grizzly,0.679,0.657,0.398
welder,0.679,0.683,0.448
grandstand,0.679,0.708,0.5
fireproof,0.679,0.723,0.684
crafty,0.679,0.783,0.589
wonderment,0.679,0.795,0.929
heavily,0.679,0.814,0.542
wondrous,0.679,0.818,0.854
omnipotent,0.679,0.919,0.719
irresponsible,0.68,0.241,0.177
shameful,0.68,0.264,0.04
injured,0.68,0.302,0.083
upset,0.68,0.33,0.071
syringe,0.68,0.33,0.25
wrongful,0.68,0.347,0.102
overwhelmed,0.68,0.348,0.341
obliged,0.68,0.411,0.327
bastards,0.68,0.422,0.082
trickster,0.68,0.446,0.375
pest,0.68,0.452,0.188
testicular,0.68,0.453,0.388
hurtful,0.68,0.463,0.104
saturate,0.68,0.467,0.281
whim,0.68,0.467,0.378
consternation,0.68,0.469,0.167
screwball,0.68,0.505,0.271
snowboard,0.68,0.511,0.663
rally,0.68,0.554,0.612
pretensions,0.68,0.593,0.347
belligerent,0.68,0.594,0.344
surplus,0.68,0.63,0.602
twister,0.68,0.647,0.33
urge,0.68,0.653,0.418
heyday,0.68,0.673,0.646
pilot,0.68,0.736,0.688
eloquent,0.68,0.741,0.87
magnificent,0.68,0.886,1
innovation,0.68,0.89,0.949
blunt,0.68,0.925,0.551
foreign,0.681,0.385,0.573
dismay,0.681,0.459,0.314
enchanting,0.681,0.708,0.917
complain,0.682,0.36,0.143
hurdle,0.682,0.434,0.198
carjack,0.682,0.439,0.438
dramaqueen,0.682,0.482,0.337
romance,0.682,0.587,0.98
kisser,0.682,0.618,0.844
dynamics,0.682,0.774,0.745
strength,0.682,0.858,0.802
grandiose,0.682,0.864,0.9
indecent,0.683,0.24,0.083
seasick,0.683,0.245,0.115
sucks,0.683,0.302,0.115
faithless,0.683,0.304,0.102
mania,0.683,0.382,0.29
speculation,0.683,0.394,0.325
bumpy,0.683,0.419,0.306
pretender,0.683,0.574,0.5
sports,0.683,0.587,0.833
lightning,0.683,0.595,0.429
augment,0.683,0.645,0.65
revels,0.683,0.647,0.827
upload,0.683,0.696,0.638
enliven,0.683,0.702,0.833
toughen,0.683,0.711,0.458
hitter,0.683,0.713,0.418
socialize,0.683,0.726,0.907
invulnerable,0.683,0.745,0.552
charmer,0.683,0.782,0.882
fascinate,0.683,0.802,0.854
governor,0.683,0.934,0.5
diarrhea,0.684,0.143,0.092
maligned,0.684,0.218,0.102
blindfold,0.684,0.337,0.448
giggles,0.684,0.346,0.865
cellmate,0.684,0.349,0.167
fustrated,0.684,0.356,0.163
kissy,0.684,0.402,0.874
stomped,0.684,0.406,0.229
thwart,0.684,0.409,0.281
turning,0.684,0.42,0.51
repugnance,0.684,0.425,0.062
boil,0.684,0.433,0.417
outage,0.684,0.438,0.306
liposuction,0.684,0.464,0.292
spurred,0.684,0.472,0.562
hermaphrodite,0.684,0.481,0.48
surge,0.684,0.5,0.449
stagehand,0.684,0.555,0.42
prohibition,0.684,0.568,0.204
casino,0.684,0.568,0.542
blood,0.684,0.585,0.219
entertain,0.684,0.598,0.918
complicity,0.684,0.67,0.323
buttress,0.684,0.721,0.438
mobilize,0.684,0.727,0.604
pervading,0.684,0.728,0.418
excitement,0.684,0.731,0.896
marriage,0.684,0.75,0.844
emancipation,0.684,0.763,0.704
infantry,0.684,0.791,0.531
hearty,0.684,0.792,0.76
strikingly,0.684,0.811,0.69
boldness,0.684,0.814,0.806
creativity,0.684,0.815,0.938
charismatic,0.684,0.849,0.938
diamonds,0.684,0.917,0.927
worsening,0.685,0.202,0.115
dehydrated,0.685,0.212,0.31
embarrassment,0.685,0.226,0.143
sarcasm,0.685,0.346,0.125
bitterly,0.685,0.362,0.194
pillage,0.685,0.375,0.24
smother,0.685,0.42,0.292
bipolar,0.685,0.426,0.208
quibble,0.685,0.466,0.312
pull,0.685,0.473,0.45
scapegoat,0.685,0.481,0.184
petulant,0.685,0.491,0.247
calamitous,0.685,0.5,0.219
parade,0.685,0.509,0.792
outpouring,0.685,0.552,0.562
heartbreaker,0.685,0.58,0.265
scrupulous,0.685,0.602,0.545
audition,0.685,0.615,0.75
cunning,0.685,0.683,0.604
raise,0.685,0.765,0.885
whine,0.686,0.218,0.342
losing,0.686,0.223,0.076
repudiation,0.686,0.274,0.167
leaky,0.686,0.288,0.17
malady,0.686,0.304,0.19
scoff,0.686,0.306,0.125
menses,0.686,0.331,0.163
buzz,0.686,0.375,0.333
perjury,0.686,0.409,0.229
chemo,0.686,0.444,0.214
selfishness,0.686,0.453,0.2
recreational,0.686,0.479,0.896
fist,0.686,0.481,0.333
flattering,0.686,0.5,0.755
guarded,0.686,0.5,0.758
spy,0.686,0.53,0.26
tackle,0.686,0.569,0.365
drone,0.686,0.596,0.429
forbid,0.686,0.598,0.115
thud,0.686,0.62,0.255
extrajudicial,0.686,0.667,0.365
gold,0.686,0.692,0.939
eyewitness,0.686,0.698,0.541
judged,0.686,0.722,0.281
finalist,0.686,0.736,0.833
squadron,0.686,0.787,0.469
guardian,0.686,0.789,0.656
capitalism,0.686,0.848,0.448
forces,0.686,0.886,0.551
presidency,0.686,0.918,0.776
shifty,0.687,0.483,0.365
infallible,0.687,0.809,0.776
weeping,0.688,0.168,0.082
dastardly,0.688,0.27,0.208
disreputable,0.688,0.353,0.104
toomuchtodo,0.688,0.355,0.42
freakedout,0.688,0.365,0.323
defamatory,0.688,0.402,0.143
fraud,0.688,0.407,0.111
flue,0.688,0.451,0.354
playful,0.688,0.463,0.892
vibes,0.688,0.574,0.635
player,0.688,0.644,0.557
nemesis,0.688,0.647,0.271
influential,0.688,0.944,0.899
falsity,0.689,0.186,0.12
starved,0.689,0.219,0.097
impotence,0.689,0.224,0.198
immorality,0.689,0.315,0.188
collapse,0.689,0.342,0.208
perforce,0.689,0.354,0.357
fretful,0.689,0.364,0.409
poker,0.689,0.398,0.48
scorch,0.689,0.491,0.214
chemotherapy,0.689,0.517,0.163
quash,0.689,0.518,0.271
travel,0.689,0.535,0.931
shake,0.689,0.539,0.439
outrage,0.689,0.542,0.06
ban,0.689,0.587,0.146
bigday,0.689,0.596,0.796
firehouse,0.689,0.627,0.594
drive,0.689,0.713,0.625
verdict,0.689,0.8,0.325
invent,0.689,0.833,0.719
overcome,0.689,0.848,0.719
confusing,0.69,0.222,0.229
hungry,0.69,0.254,0.083
cadaver,0.69,0.26,0.03
ruinous,0.69,0.275,0.255
sufferer,0.69,0.278,0.156
revolting,0.69,0.3,0.102
itching,0.69,0.3,0.208
offended,0.69,0.337,0.188
darkside,0.69,0.365,0.102
ostracized,0.69,0.377,0.115
prank,0.69,0.389,0.571
trampoline,0.69,0.391,0.604
displeased,0.69,0.4,0.135
lawless,0.69,0.42,0.219
roulette,0.69,0.422,0.326
defloration,0.69,0.434,0.188
bribe,0.69,0.472,0.112
machete,0.69,0.474,0.26
thorny,0.69,0.5,0.177
boycott,0.69,0.505,0.112
jackhammer,0.69,0.519,0.199
unmask,0.69,0.52,0.323
boiling,0.69,0.526,0.302
vibratory,0.69,0.527,0.542
axe,0.69,0.536,0.296
rebuttal,0.69,0.54,0.312
occurrence,0.69,0.541,0.573
theatrical,0.69,0.546,0.72
plunge,0.69,0.55,0.307
kryptonite,0.69,0.588,0.306
shove,0.69,0.602,0.306
gym,0.69,0.613,0.635
overload,0.69,0.652,0.381
embodiment,0.69,0.663,0.562
happily,0.69,0.674,1
macho,0.69,0.676,0.643
eradicate,0.69,0.686,0.26
operate,0.69,0.691,0.582
exploratory,0.69,0.698,0.653
expectation,0.69,0.707,0.771
lifeblood,0.69,0.708,0.673
thrower,0.69,0.717,0.47
sly,0.69,0.75,0.573
brimming,0.69,0.758,0.656
interact,0.69,0.759,0.822
celebrated,0.69,0.763,0.875
claimant,0.69,0.779,0.271
stupendous,0.69,0.798,0.823
towering,0.69,0.806,0.5
combative,0.69,0.816,0.381
luckiest,0.69,0.852,0.917
ingenious,0.69,0.891,0.76
king,0.69,0.892,0.677
leadership,0.69,0.983,0.87
vortex,0.691,0.602,0.408
gale,0.691,0.611,0.271
debate,0.691,0.683,0.408
insightful,0.691,0.713,0.664
athletics,0.691,0.74,0.831
productivity,0.691,0.857,0.958
fooled,0.692,0.241,0.051
diarrhoea,0.692,0.25,0.038
jackass,0.692,0.279,0.188
bastard,0.692,0.289,0.094
melodramatic,0.692,0.368,0.235
spender,0.692,0.377,0.312
growthefuckup,0.692,0.426,0.229
carcinoma,0.692,0.44,0.153
shakedown,0.692,0.481,0.286
countdown,0.692,0.49,0.438
crisp,0.692,0.508,0.776
smash,0.692,0.53,0.195
soiree,0.692,0.578,0.729
desire,0.692,0.647,0.896
odyssey,0.692,0.71,0.622
prophecy,0.692,0.75,0.747
queen,0.692,0.86,0.875
evolve,0.692,0.896,0.655
turnout,0.692,0.898,0.641
colossal,0.692,0.9,0.698
snicker,0.693,0.409,0.708
duet,0.693,0.527,0.694
disrespectful,0.694,0.273,0.031
bloat,0.694,0.298,0.229
intractable,0.694,0.302,0.154
barks,0.694,0.325,0.427
morbidness,0.694,0.339,0.12
loathsome,0.694,0.343,0.12
dicks,0.694,0.358,0.31
lurch,0.694,0.363,0.404
bane,0.694,0.366,0.265
meanness,0.694,0.368,0.102
preoccupation,0.694,0.38,0.375
libel,0.694,0.403,0.128
vicious,0.694,0.407,0.208
disguise,0.694,0.431,0.573
fantasia,0.694,0.436,0.898
pollution,0.694,0.445,0.062
counterfeit,0.694,0.451,0.094
genital,0.694,0.453,0.385
showgirl,0.694,0.481,0.633
delirium,0.694,0.484,0.233
elope,0.694,0.528,0.396
cancer,0.694,0.529,0.052
ballpark,0.694,0.529,0.724
swat,0.694,0.571,0.38
transplantation,0.694,0.61,0.531
sharpen,0.694,0.611,0.582
tackling,0.694,0.613,0.48
gambler,0.694,0.618,0.458
fatalism,0.694,0.631,0.208
rhythmical,0.694,0.632,0.844
irreverent,0.694,0.634,0.191
commend,0.694,0.711,0.906
asteroids,0.694,0.712,0.361
trooper,0.694,0.713,0.458
explicit,0.694,0.734,0.562
reward,0.694,0.783,0.948
resistance,0.694,0.796,0.427
enormously,0.694,0.872,0.76
stamina,0.694,0.877,0.664
riches,0.694,0.88,0.958
win,0.694,0.888,0.927
shitfaced,0.695,0.38,0.214
hag,0.695,0.411,0.188
bankruptcy,0.696,0.209,0.01
frustrating,0.696,0.264,0.042
defector,0.696,0.286,0.163
shambles,0.696,0.287,0.271
destroyed,0.696,0.288,0.031
hoax,0.696,0.303,0.146
crumbling,0.696,0.308,0.167
fuckedoff,0.696,0.316,0.122
excuse,0.696,0.318,0.24
deceit,0.696,0.343,0.02
taunt,0.696,0.355,0.083
spiders,0.696,0.368,0.26
snakeskin,0.696,0.391,0.276
sanctioned,0.696,0.391,0.323
freakout,0.696,0.397,0.25
burdensome,0.696,0.419,0.229
homosexuality,0.696,0.429,0.367
restrain,0.696,0.434,0.134
quell,0.696,0.434,0.388
feverish,0.696,0.436,0.385
cahoots,0.696,0.474,0.312
bigamy,0.696,0.482,0.327
questioning,0.696,0.509,0.438
fling,0.696,0.534,0.439
outraged,0.696,0.538,0.156
obstinate,0.696,0.562,0.146
duel,0.696,0.589,0.271
landing,0.696,0.596,0.552
undertaker,0.696,0.611,0.363
despotism,0.696,0.62,0.255
sultry,0.696,0.627,0.735
intrepid,0.696,0.637,0.753
sports car,0.696,0.669,0.759
serpent,0.696,0.679,0.115
cloning,0.696,0.679,0.216
intervention,0.696,0.689,0.388
surgical,0.696,0.723,0.327
revoke,0.696,0.737,0.251
troop,0.696,0.75,0.375
priceless,0.696,0.779,0.745
skyscraper,0.696,0.798,0.622
resuscitate,0.696,0.818,0.531
fantastic,0.696,0.831,0.969
dazed,0.697,0.277,0.3
superior,0.697,0.94,0.801
mangy,0.698,0.27,0.214
indebted,0.698,0.275,0.138
leeches,0.698,0.295,0.115
nerve,0.698,0.307,0.129
concerned,0.698,0.35,0.292
disappearance,0.698,0.367,0.214
censorship,0.698,0.421,0.219
bet,0.698,0.432,0.385
ogre,0.698,0.51,0.135
talons,0.698,0.525,0.32
detention,0.698,0.562,0.265
claws,0.698,0.562,0.281
bartender,0.698,0.585,0.573
heartbeat,0.698,0.585,0.75
christmassy,0.698,0.602,0.875
vibrate,0.698,0.604,0.5
swimmer,0.698,0.61,0.657
reagent,0.698,0.642,0.385
chant,0.698,0.65,0.771
spontaneity,0.698,0.655,0.817
spacecraft,0.698,0.68,0.646
contending,0.698,0.716,0.49
contest,0.698,0.717,0.667
defense,0.698,0.802,0.652
campaigner,0.698,0.821,0.592
brighter,0.698,0.833,0.918
efficacious,0.698,0.845,0.823
leading,0.698,0.954,0.823
mysterious,0.699,0.455,0.448
hardheaded,0.699,0.571,0.156
preoccupied,0.7,0.235,0.265
nip,0.7,0.264,0.281
culpable,0.7,0.319,0.14
bitchy,0.7,0.373,0.188
yayyy,0.7,0.381,0.602
divorce,0.7,0.385,0.042
trick,0.7,0.409,0.542
sinning,0.7,0.422,0.17
beehive,0.7,0.422,0.541
quickie,0.7,0.431,0.6
saturated,0.7,0.442,0.474
detachment,0.7,0.443,0.243
criticise,0.7,0.452,0.073
fuckoff,0.7,0.457,0.19
volleyball,0.7,0.458,0.64
twitching,0.7,0.482,0.292
scalpel,0.7,0.482,0.302
enigma,0.7,0.5,0.513
difficult,0.7,0.508,0.235
ravenous,0.7,0.509,0.406
spectrum,0.7,0.527,0.312
pumped,0.7,0.528,0.615
pimp,0.7,0.536,0.146
overhead,0.7,0.538,0.344
harpoon,0.7,0.557,0.49
drummer,0.7,0.564,0.646
aviator,0.7,0.644,0.615
commotion,0.7,0.646,0.49
persuasive,0.7,0.657,0.74
sport,0.7,0.657,0.865
horseman,0.7,0.676,0.441
participation,0.7,0.702,0.781
broadcasting,0.7,0.706,0.542
platoon,0.7,0.745,0.448
encouragement,0.7,0.759,0.865
manipulate,0.7,0.772,0.255
proud,0.7,0.873,0.906
governing,0.7,0.9,0.635
commandant,0.7,0.943,0.622
supreme,0.7,0.974,0.812
profane,0.701,0.436,0.167
varied,0.701,0.472,0.604
surfer,0.701,0.554,0.704
skill,0.701,0.833,0.847
disgraceful,0.702,0.24,0.082
unreasonable,0.702,0.264,0.115
displease,0.702,0.286,0.021
hemorrhoids,0.702,0.304,0.133
crybaby,0.702,0.311,0.375
gluttony,0.702,0.412,0.5
hater,0.702,0.422,0.052
liquor,0.702,0.433,0.603
cull,0.702,0.464,0.365
fucksake,0.702,0.466,0.24
auction,0.702,0.519,0.594
palpitations,0.702,0.528,0.417
stirring,0.702,0.558,0.582
stubborn,0.702,0.575,0.157
roadrunner,0.702,0.59,0.49
racehorse,0.702,0.6,0.719
interstellar,0.702,0.622,0.708
journey,0.702,0.625,0.91
communist,0.702,0.632,0.265
encouraged,0.702,0.657,0.953
recharge,0.702,0.664,0.584
restraining,0.702,0.672,0.296
encounter,0.702,0.689,0.865
renegotiate,0.702,0.708,0.58
inspired,0.702,0.736,0.967
engrossing,0.702,0.75,0.698
undertake,0.702,0.754,0.796
conquest,0.702,0.833,0.71
predominance,0.702,0.857,0.684
reinforcement,0.702,0.902,0.729
govern,0.702,0.98,0.573
manufacture,0.703,0.78,0.868
crying,0.704,0.208,0.153
worse,0.704,0.225,0.062
misbehavior,0.704,0.269,0.031
sickness,0.704,0.288,0.094
asphyxia,0.704,0.311,0.198
lying,0.704,0.317,0.208
sassy,0.704,0.32,0.271
rejection,0.704,0.33,0.08
sizzle,0.704,0.368,0.427
lecherous,0.704,0.376,0.135
gasping,0.704,0.379,0.208
envy,0.704,0.427,0.24
impostor,0.704,0.442,0.135
pickpocket,0.704,0.449,0.365
taut,0.704,0.457,0.432
chagrin,0.704,0.472,0.104
stupefaction,0.704,0.48,0.294
snarling,0.704,0.491,0.312
intricate,0.704,0.5,0.559
intolerance,0.704,0.52,0.052
puma,0.704,0.561,0.615
copter,0.704,0.569,0.571
melee,0.704,0.611,0.541
rocker,0.704,0.625,0.615
insistence,0.704,0.645,0.418
forcibly,0.704,0.647,0.365
soaring,0.704,0.65,0.708
dispatcher,0.704,0.652,0.365
ceaseless,0.704,0.658,0.378
elite,0.704,0.737,0.688
felicity,0.704,0.793,0.913
prodigy,0.704,0.824,0.812
conviction,0.704,0.826,0.615
peaked,0.704,0.857,0.677
protagonist,0.704,0.877,0.765
resourceful,0.704,0.886,0.906
dominion,0.704,0.89,0.542
perfectionist,0.704,0.905,0.667
entrepreneur,0.704,0.92,0.885
emperor,0.704,0.962,0.651
perplexed,0.705,0.318,0.312
bondage,0.705,0.355,0.146
purgatory,0.705,0.413,0.255
infuse,0.705,0.589,0.38
train,0.705,0.62,0.666
revel,0.705,0.684,0.74
jolly,0.705,0.708,0.959
scrapie,0.706,0.231,0.306
asthmatic,0.706,0.294,0.229
disobedient,0.706,0.353,0.276
hallucination,0.706,0.37,0.396
suck,0.706,0.377,0.344
enmity,0.706,0.382,0.094
ruckus,0.706,0.411,0.271
glide,0.706,0.415,0.561
neuralgia,0.706,0.439,0.092
whiskey,0.706,0.441,0.612
rascal,0.706,0.445,0.169
sperm,0.706,0.453,0.396
dreaded,0.706,0.46,0.122
fetish,0.706,0.5,0.307
gigolo,0.706,0.528,0.4
grab,0.706,0.538,0.448
pointedly,0.706,0.569,0.408
newlywed,0.706,0.57,0.847
insurrection,0.706,0.582,0.229
confiscation,0.706,0.586,0.208
gymnastic,0.706,0.604,0.81
foreboding,0.706,0.636,0.439
steroid,0.706,0.681,0.36
purposely,0.706,0.703,0.646
festival,0.706,0.714,0.87
fortunes,0.706,0.789,0.824
miraculous,0.706,0.812,0.875
feat,0.706,0.849,0.75
supremacy,0.706,0.943,0.794
tickled,0.707,0.364,0.755
emphatic,0.707,0.732,0.615
witty,0.707,0.759,0.857
odious,0.708,0.235,0.235
obstacle,0.708,0.336,0.204
fizz,0.708,0.349,0.459
jolt,0.708,0.358,0.365
grouchy,0.708,0.407,0.143
impatient,0.708,0.429,0.25
criticize,0.708,0.473,0.143
concussion,0.708,0.482,0.072
sacrilege,0.708,0.491,0.281
martyr,0.708,0.509,0.281
electric,0.708,0.512,0.458
bogeyman,0.708,0.517,0.388
jog,0.708,0.519,0.51
coercion,0.708,0.577,0.33
bride,0.708,0.579,0.84
haughty,0.708,0.588,0.24
egomaniac,0.708,0.596,0.133
resounding,0.708,0.596,0.49
crocodile,0.708,0.61,0.344
hard,0.708,0.616,0.302
narcissistic,0.708,0.655,0.323
defender,0.708,0.75,0.639
checkmate,0.708,0.75,0.667
overjoyed,0.708,0.755,0.908
marvelously,0.708,0.764,0.968
soldier,0.708,0.768,0.392
execute,0.708,0.769,0.327
negotiate,0.708,0.769,0.612
superb,0.708,0.852,0.98
strategic,0.708,0.861,0.786
prevailing,0.708,0.864,0.798
magnate,0.708,0.868,0.627
greatly,0.708,0.877,0.75
policeman,0.708,0.898,0.542
yelp,0.709,0.431,0.417
crusher,0.709,0.598,0.271
extracting,0.709,0.689,0.521
entertainer,0.709,0.759,0.888
formidable,0.709,0.857,0.708
despicable,0.71,0.255,0.146
misdirection,0.71,0.281,0.131
spiteful,0.71,0.33,0.073
muddle,0.71,0.336,0.184
exhaust,0.71,0.337,0.546
injure,0.71,0.364,0.177
deserter,0.71,0.366,0.122
eavesdrop,0.71,0.368,0.375
trafficking,0.71,0.399,0.25
intoxication,0.71,0.4,0.323
heretic,0.71,0.447,0.09
stun,0.71,0.451,0.333
witch,0.71,0.473,0.292
toils,0.71,0.482,0.48
defendant,0.71,0.491,0.25
tequila,0.71,0.536,0.612
biker,0.71,0.567,0.604
jaguar,0.71,0.654,0.559
renewal,0.71,0.672,0.77
attest,0.71,0.685,0.439
cusp,0.71,0.7,0.667
experimenter,0.71,0.7,0.708
housewarming,0.71,0.727,0.857
martial,0.71,0.737,0.48
bodyguard,0.71,0.754,0.51
courts,0.71,0.816,0.367
commando,0.71,0.817,0.323
brigade,0.71,0.828,0.604
commitment,0.71,0.843,0.714
military,0.71,0.875,0.396
suspicion,0.711,0.377,0.204
hamper,0.711,0.473,0.204
loot,0.711,0.537,0.604
kicker,0.711,0.614,0.427
exclaim,0.711,0.639,0.635
exotic,0.711,0.727,0.84
squad,0.711,0.806,0.552
humiliated,0.712,0.216,0.104
humiliation,0.712,0.31,0.048
vermin,0.712,0.385,0.167
gallows,0.712,0.422,0.167
confess,0.712,0.431,0.36
sin,0.712,0.449,0.177
hooligan,0.712,0.455,0.295
luckygirl,0.712,0.471,0.781
caution,0.712,0.547,0.552
cobra,0.712,0.6,0.312
career,0.712,0.606,0.74
wishful,0.712,0.606,0.885
coral snake,0.712,0.607,0.276
wolf,0.712,0.63,0.448
idolizing,0.712,0.643,0.676
propagation,0.712,0.648,0.354
severity,0.712,0.661,0.26
liberalism,0.712,0.75,0.562
inauguration,0.712,0.769,0.847
rebirth,0.712,0.78,0.781
controller,0.712,0.868,0.469
winning,0.712,0.972,0.955
burnt,0.713,0.356,0.082
banished,0.713,0.37,0.052
shameless,0.713,0.407,0.274
intriguing,0.713,0.462,0.422
poke,0.713,0.475,0.365
barracuda,0.713,0.51,0.333
workup,0.713,0.589,0.582
showbiz,0.713,0.598,0.661
correctional,0.713,0.602,0.292
rogue,0.713,0.636,0.334
sporty,0.713,0.648,0.735
liven,0.713,0.673,0.708
horde,0.713,0.684,0.286
hunting,0.713,0.714,0.448
epic,0.713,0.83,0.857
relentless,0.713,0.904,0.333
extreme trust,0.713,0.922,0.826
befuddled,0.714,0.269,0.156
humiliate,0.714,0.275,0.052
disordered,0.714,0.288,0.21
filthy,0.714,0.321,0.115
slip,0.714,0.321,0.316
loath,0.714,0.445,0.135
interfere,0.714,0.471,0.323
hip hop,0.714,0.484,0.74
unforeseen,0.714,0.5,0.255
headstrong,0.714,0.5,0.31
filibuster,0.714,0.508,0.271
emotional,0.714,0.526,0.779
veryangry,0.714,0.527,0.323
voyage,0.714,0.58,0.816
deluge,0.714,0.612,0.245
excursion,0.714,0.627,0.625
daredevil,0.714,0.653,0.429
escalate,0.714,0.728,0.653
meteor,0.714,0.737,0.398
procreation,0.714,0.787,0.792
fascinated,0.714,0.788,0.812
protect,0.714,0.791,0.823
overdrive,0.715,0.732,0.303
bewilderment,0.716,0.216,0.312
stumble,0.716,0.259,0.153
disloyalty,0.716,0.267,0.187
humiliating,0.716,0.279,0.062
falling,0.716,0.306,0.202
euthanasia,0.716,0.325,0.229
uptight,0.716,0.333,0.184
rapping,0.716,0.417,0.565
plagiarism,0.716,0.436,0.135
egregious,0.716,0.442,0.15
oust,0.716,0.444,0.296
wrecker,0.716,0.474,0.229
buzzer,0.716,0.48,0.549
thunderstruck,0.716,0.509,0.194
quest,0.716,0.545,0.643
playoff,0.716,0.55,0.622
pterodactyl,0.716,0.625,0.354
indulge,0.716,0.669,0.833
react,0.716,0.717,0.5
climber,0.716,0.735,0.573
happiest,0.716,0.746,0.99
vital,0.716,0.847,0.75
trump,0.716,0.898,0.64
downfall,0.717,0.182,0.2
illness,0.717,0.211,0.098
bare,0.717,0.296,0.333
imprisoned,0.717,0.302,0.032
wound,0.717,0.31,0.15
beset,0.717,0.317,0.385
hack,0.717,0.534,0.135
sacrifices,0.717,0.538,0.281
whaling,0.717,0.538,0.281
knife,0.717,0.573,0.344
xmas,0.717,0.615,0.906
savory,0.717,0.619,0.812
lion,0.717,0.682,0.532
huntress,0.717,0.765,0.357
radiant,0.717,0.791,0.888
influenza,0.718,0.321,0.271
divulge,0.718,0.467,0.531
astonishment,0.718,0.519,0.68
tarantula,0.718,0.544,0.26
athlete,0.718,0.686,0.781
troops,0.718,0.804,0.385
competitive,0.718,0.908,0.447
suffering,0.719,0.235,0.02
discomfort,0.719,0.272,0.153
betrayal,0.719,0.418,0.083
hyena,0.719,0.464,0.396
bonfire,0.719,0.473,0.48
flirtation,0.719,0.482,0.653
buxom,0.719,0.547,0.562
straitjacket,0.719,0.579,0.224
thunderbolt,0.719,0.642,0.418
willful,0.719,0.642,0.557
reconstruction,0.719,0.667,0.625
unbeatable,0.719,0.681,0.735
starship,0.719,0.704,0.74
voluptuous,0.719,0.792,0.673
keen,0.719,0.806,0.823
trainer,0.719,0.824,0.698
reinforcements,0.719,0.875,0.646
headaches,0.72,0.259,0.104
garbled,0.72,0.27,0.074
degeneracy,0.72,0.298,0.143
enslaved,0.72,0.321,0.104
wacky,0.72,0.321,0.153
unexpected,0.72,0.333,0.5
breakup,0.72,0.357,0.25
problematic,0.72,0.361,0.073
stricken,0.72,0.368,0.163
curse,0.72,0.375,0.033
painfully,0.72,0.407,0.156
hoodlum,0.72,0.432,0.354
beeper,0.72,0.441,0.438
twinge,0.72,0.471,0.316
death,0.72,0.472,0.031
falsification,0.72,0.49,0.173
perplexity,0.72,0.5,0.275
nefarious,0.72,0.528,0.184
impressionable,0.72,0.645,0.827
gorilla,0.72,0.648,0.565
ignition,0.72,0.657,0.365
conglomeration,0.72,0.67,0.541
experiment,0.72,0.675,0.479
cheerful,0.72,0.696,0.99
crusade,0.72,0.709,0.592
propose,0.72,0.71,0.604
ascension,0.72,0.714,0.765
surveillance,0.72,0.718,0.365
mobilization,0.72,0.787,0.688
inspirational,0.72,0.81,0.927
scorn,0.721,0.356,0.11
embroiled,0.721,0.42,0.337
yeahhhh,0.721,0.44,0.865
forced,0.721,0.458,0.18
snags,0.721,0.49,0.177
flirty,0.721,0.491,0.714
lunge,0.721,0.509,0.354
swindler,0.721,0.575,0.125
hardcore,0.721,0.585,0.25
consequence,0.721,0.593,0.24
conflagration,0.721,0.594,0.344
impunity,0.721,0.602,0.313
jet,0.721,0.606,0.612
asteroid,0.721,0.623,0.43
merriment,0.721,0.632,0.948
shrill,0.721,0.64,0.312
impregnate,0.721,0.655,0.51
impose,0.721,0.745,0.503
bulletproof,0.721,0.779,0.75
phenomenon,0.721,0.848,0.625
infliction,0.722,0.571,0.302
tremendously,0.722,0.661,0.719
defend,0.722,0.67,0.698
regiment,0.722,0.755,0.469
blitz,0.722,0.789,0.417
hierarchy,0.722,0.902,0.583
dismissal,0.723,0.271,0.153
spoil,0.723,0.328,0.146
snide,0.723,0.455,0.186
specter,0.723,0.54,0.265
uphill,0.723,0.572,0.396
crowds,0.723,0.806,0.469
proactive,0.723,0.857,0.792
unpleasantness,0.724,0.264,0.062
degenerate,0.724,0.264,0.069
pieceofshit,0.724,0.292,0.083
discrimination,0.724,0.379,0.051
panicattack,0.724,0.386,0.255
wail,0.724,0.393,0.418
embattled,0.724,0.421,0.235
pedophile,0.724,0.43,0.051
escalade,0.724,0.442,0.48
tortious,0.724,0.491,0.312
maim,0.724,0.496,0.133
escalating,0.724,0.518,0.646
manipulative,0.724,0.546,0.177
implosion,0.724,0.547,0.412
twinkle,0.724,0.61,0.719
reclaim,0.724,0.648,0.469
expectance,0.724,0.66,0.552
aspiration,0.724,0.675,0.704
feast,0.724,0.68,0.979
expressive,0.724,0.685,0.755
congratulate,0.724,0.784,0.927
veracity,0.724,0.798,0.735
maximum,0.724,0.852,0.724
powerfully,0.724,0.935,0.854
successful,0.724,0.938,0.949
lie,0.725,0.272,0.13
butt,0.725,0.336,0.347
teasing,0.725,0.352,0.235
contagious,0.725,0.4,0.184
deleterious,0.725,0.44,0.297
lesbianism,0.725,0.44,0.327
condemnation,0.725,0.449,0.133
expel,0.725,0.452,0.281
wounding,0.725,0.454,0.219
toss,0.725,0.575,0.418
enjoy,0.725,0.75,0.959
determination,0.725,0.795,0.776
resurrect,0.725,0.817,0.781
energy,0.725,0.868,0.944
supremely,0.725,0.897,0.833
itchy,0.726,0.296,0.334
complication,0.726,0.33,0.365
avarice,0.726,0.352,0.198
giggling,0.726,0.391,0.886
damage,0.726,0.403,0.059
blizzard,0.726,0.417,0.375
miffed,0.726,0.429,0.204
penitentiary,0.726,0.491,0.229
paraphernalia,0.726,0.509,0.443
mortality,0.726,0.518,0.229
frankenstorm,0.726,0.546,0.357
raid,0.726,0.56,0.35
refutation,0.726,0.566,0.312
swirl,0.726,0.639,0.49
dabbling,0.726,0.676,0.562
interesting,0.726,0.731,0.927
quarterback,0.726,0.767,0.677
congrats,0.726,0.775,0.93
tickle,0.727,0.342,0.76
sorely,0.727,0.37,0.284
wickedness,0.727,0.443,0.031
unscrupulous,0.727,0.465,0.094
hotshot,0.727,0.615,0.5
dominatrix,0.727,0.709,0.39
cavalry,0.727,0.794,0.667
flapping,0.728,0.404,0.458
shaker,0.728,0.518,0.52
heck,0.728,0.56,0.24
exquisitely,0.728,0.723,0.849
courage,0.728,0.849,0.83
extraordinary,0.728,0.86,0.969
stately,0.728,0.915,0.83
starve,0.729,0.402,0.073
impromptu,0.729,0.415,0.541
playhouse,0.729,0.426,0.719
woo,0.729,0.43,0.646
breaking and entering,0.729,0.5,0.418
hyperventilate,0.729,0.556,0.347
opposition,0.729,0.592,0.135
turbo,0.729,0.596,0.583
picky,0.729,0.598,0.257
gusto,0.729,0.62,0.692
limber,0.729,0.673,0.688
enlightening,0.729,0.727,0.825
militia,0.729,0.769,0.396
nimble,0.729,0.769,0.833
frustration,0.73,0.28,0.06
surfboard,0.73,0.387,0.729
wasteful,0.73,0.409,0.173
loathe,0.73,0.429,0.094
wrathful,0.73,0.446,0.102
rattler,0.73,0.455,0.396
stinging,0.73,0.459,0.26
backpacker,0.73,0.46,0.51
effusion,0.73,0.472,0.344
biggestfear,0.73,0.48,0.062
sliding,0.73,0.491,0.356
ominous,0.73,0.51,0.255
blowtorch,0.73,0.51,0.52
protestant,0.73,0.546,0.33
transfusion,0.73,0.557,0.417
motorcade,0.73,0.593,0.708
invasive,0.73,0.598,0.194
cram,0.73,0.598,0.354
coveted,0.73,0.625,0.661
coalition,0.73,0.673,0.49
wooing,0.73,0.702,0.74
boost,0.73,0.75,0.865
campaign,0.73,0.823,0.602
dynamical,0.73,0.827,0.786
extremely positive,0.73,0.839,0.993
political,0.73,0.875,0.347
empire,0.73,0.944,0.688
stifled,0.731,0.193,0.229
mortified,0.731,0.27,0.073
galled,0.731,0.356,0.27
squeal,0.731,0.375,0.25
begrudge,0.731,0.377,0.177
insolence,0.731,0.402,0.115
terribly,0.731,0.43,0.061
eviction,0.731,0.455,0.185
indict,0.731,0.458,0.188
lottery,0.731,0.491,0.771
smooch,0.731,0.491,0.796
truculent,0.731,0.498,0.21
haunted,0.731,0.52,0.264
leakage,0.731,0.528,0.188
clap,0.731,0.529,0.779
fend,0.731,0.537,0.646
swagger,0.731,0.538,0.333
electrocute,0.731,0.555,0.271
migration,0.731,0.566,0.492
refute,0.731,0.583,0.312
cutter,0.731,0.583,0.427
excessive,0.731,0.601,0.417
canyon,0.731,0.634,0.468
sue,0.731,0.679,0.219
enrich,0.731,0.705,0.896
radically,0.731,0.715,0.552
merry,0.731,0.764,0.979
imposing,0.731,0.836,0.392
indestructible,0.731,0.853,0.772
fortune,0.731,0.873,0.926
patrolman,0.731,0.884,0.469
majestic,0.731,0.906,0.948
auctioneer,0.732,0.716,0.542
happiness,0.732,0.85,0.96
feared,0.733,0.509,0.24
spicy,0.733,0.61,0.44
shaky,0.734,0.223,0.26
concern,0.734,0.463,0.25
despairing,0.735,0.286,0.073
daze,0.735,0.329,0.245
wounds,0.735,0.345,0.102
moan,0.735,0.352,0.357
irrationality,0.735,0.361,0.198
castration,0.735,0.381,0.198
dismayed,0.735,0.389,0.165
infection,0.735,0.407,0.083
matching,0.735,0.418,0.719
libelous,0.735,0.436,0.125
disruption,0.735,0.436,0.235
drinker,0.735,0.441,0.365
repugnant,0.735,0.453,0.061
swarm,0.735,0.458,0.302
hateyou,0.735,0.464,0.125
intrude,0.735,0.48,0.058
punished,0.735,0.481,0.177
hurry,0.735,0.481,0.422
inject,0.735,0.596,0.406
comedian,0.735,0.598,0.812
singer,0.735,0.628,0.802
severe,0.735,0.635,0.164
delightful,0.735,0.644,0.918
galloping,0.735,0.645,0.643
great anticipation,0.735,0.655,0.786
insurgent,0.735,0.66,0.235
pizzazz,0.735,0.682,0.635
loudspeaker,0.735,0.689,0.49
miracles,0.735,0.692,0.922
impeachment,0.735,0.694,0.163
sportsman,0.735,0.713,0.755
gaudy,0.735,0.721,0.653
glare,0.735,0.733,0.698
horsepower,0.735,0.735,0.594
radiate,0.735,0.738,0.719
eccentricity,0.735,0.745,0.408
plentiful,0.735,0.745,0.833
interaction,0.735,0.75,0.646
desirable,0.735,0.75,0.74
impending,0.735,0.752,0.48
happy,0.735,0.772,1
expropriation,0.735,0.788,0.188
exert,0.735,0.806,0.694
glory,0.735,0.817,0.948
policy,0.735,0.833,0.324
manhood,0.735,0.858,0.625
victory,0.735,0.931,0.938
jest,0.736,0.222,0.52
twisted,0.736,0.311,0.071
interference,0.736,0.357,0.396
colic,0.736,0.361,0.135
spanking,0.736,0.392,0.194
con,0.736,0.427,0.255
madhouse,0.736,0.44,0.156
incestuous,0.736,0.442,0.188
pretentious,0.736,0.444,0.156
sacrilegious,0.736,0.449,0.146
homophobic,0.736,0.464,0.13
chuckle,0.736,0.481,0.844
penile,0.736,0.491,0.49
irradiation,0.736,0.509,0.385
rapt,0.736,0.51,0.521
bridegroom,0.736,0.527,0.809
toxicology,0.736,0.574,0.302
scintillating,0.736,0.612,0.65
encroachment,0.736,0.62,0.255
litigious,0.736,0.632,0.36
incite,0.736,0.642,0.449
awards,0.736,0.652,0.958
reproduction,0.736,0.713,0.8
propelled,0.736,0.731,0.633
interviewer,0.736,0.816,0.552
samurai,0.736,0.838,0.562
comical,0.737,0.327,0.844
bigotry,0.737,0.481,0.356
outlandish,0.737,0.657,0.448
forte,0.737,0.8,0.829
produce,0.737,0.836,0.908
conflicting,0.738,0.553,0.173
wanton,0.739,0.5,0.427
awe,0.74,0.3,0.469
buckshot,0.74,0.322,0.255
intruder,0.74,0.324,0.146
slippery,0.74,0.343,0.219
bitch,0.74,0.343,0.276
loathful,0.74,0.358,0.068
distort,0.74,0.366,0.1
difficulty,0.74,0.368,0.079
fracture,0.74,0.375,0.135
infidel,0.74,0.404,0.177
scoundrel,0.74,0.412,0.094
stupefy,0.74,0.412,0.2
hypocritical,0.74,0.415,0.048
snoop,0.74,0.434,0.134
swindle,0.74,0.439,0.122
virus,0.74,0.443,0.277
tearsofjoy,0.74,0.455,0.926
samba,0.74,0.465,0.781
crammed,0.74,0.466,0.406
hassle,0.74,0.489,0.177
hurrah,0.74,0.5,0.802
stressed,0.74,0.502,0.167
quicksand,0.74,0.508,0.219
hot sauce,0.74,0.509,0.333
bullheaded,0.74,0.516,0.229
tempting,0.74,0.519,0.615
conspire,0.74,0.52,0.206
extraction,0.74,0.526,0.418
raucous,0.74,0.538,0.316
twitch,0.74,0.548,0.51
guitarist,0.74,0.549,0.827
pirate,0.74,0.559,0.156
sneaky,0.74,0.56,0.24
hot,0.74,0.573,0.49
ire,0.74,0.575,0.198
invoke,0.74,0.579,0.583
tournament,0.74,0.611,0.694
impetus,0.74,0.635,0.521
happyholidays,0.74,0.637,0.927
sorcery,0.74,0.64,0.279
lurk,0.74,0.655,0.219
speedily,0.74,0.665,0.688
joyful,0.74,0.667,0.99
shrapnel,0.74,0.681,0.24
pleasure,0.74,0.682,0.939
fascism,0.74,0.695,0.104
extreme anticipation,0.74,0.704,0.551
thoroughbred,0.74,0.716,0.669
soar,0.74,0.718,0.79
policewoman,0.74,0.727,0.53
transmutation,0.74,0.737,0.438
hulk,0.74,0.75,0.46
whopping,0.74,0.755,0.541
resurrection,0.74,0.759,0.708
festive,0.74,0.764,0.854
goodnews,0.74,0.768,0.961
splendid,0.74,0.81,0.896
utmost,0.74,0.858,0.719
spectacular,0.74,0.887,0.947
grand,0.74,0.888,0.898
judiciary,0.74,0.897,0.439
exceptional,0.74,0.933,0.806
cretins,0.741,0.328,0.094
discontinuance,0.741,0.337,0.123
firecracker,0.741,0.434,0.474
disastrous,0.741,0.439,0.071
coerce,0.741,0.517,0.26
injection,0.741,0.518,0.281
newfound,0.741,0.52,0.745
emotive,0.741,0.525,0.917
barred,0.741,0.535,0.143
radiation,0.741,0.536,0.167
payday,0.741,0.571,0.833
zeal,0.741,0.616,0.367
engender,0.741,0.688,0.561
impelled,0.741,0.69,0.604
opponent,0.741,0.716,0.08
painful,0.742,0.33,0.05
obstruction,0.742,0.491,0.125
encroach,0.742,0.702,0.302
creaking,0.743,0.415,0.302
unforgivable,0.743,0.49,0.276
scramble,0.744,0.5,0.469
tracker,0.744,0.731,0.398
impress,0.744,0.895,0.816
ridicule,0.745,0.255,0.143
despise,0.745,0.296,0.167
stomachache,0.745,0.316,0.03
malfeasance,0.745,0.325,0.062
delusional,0.745,0.327,0.219
obscene,0.745,0.348,0.05
chagrined,0.745,0.361,0.112
desperado,0.745,0.361,0.26
culpability,0.745,0.368,0.112
deception,0.745,0.37,0.09
prejudicial,0.745,0.371,0.115
asphyxiation,0.745,0.412,0.059
traitorous,0.745,0.412,0.073
scam,0.745,0.418,0.042
breach,0.745,0.423,0.177
spend,0.745,0.429,0.672
suspicious,0.745,0.431,0.153
booze,0.745,0.431,0.265
hooded,0.745,0.439,0.306
martyrdom,0.745,0.442,0.323
sneak,0.745,0.449,0.281
wrongdoing,0.745,0.451,0.112
chute,0.745,0.455,0.58
attentionseeker,0.745,0.457,0.367
suspicions,0.745,0.5,0.208
haste,0.745,0.5,0.378
boyhood,0.745,0.5,0.729
feline,0.745,0.509,0.615
bigot,0.745,0.517,0.479
resentment,0.745,0.528,0.163
spark,0.745,0.529,0.688
infatuation,0.745,0.53,0.844
paintball,0.745,0.537,0.615
unruly,0.745,0.547,0.24
hurl,0.745,0.574,0.316
indictment,0.745,0.577,0.245
infiltrate,0.745,0.587,0.408
offer,0.745,0.596,0.75
exclamation,0.745,0.598,0.612
scorpion,0.745,0.6,0.198
rumble,0.745,0.613,0.367
award,0.745,0.66,0.865
torrent,0.745,0.676,0.541
choppers,0.745,0.691,0.469
expire,0.745,0.702,0.573
lifesaver,0.745,0.703,0.908
rigor,0.745,0.713,0.375
brisk,0.745,0.742,0.719
fireman,0.745,0.755,0.583
endurance,0.745,0.76,0.592
spectacle,0.745,0.762,0.812
compete,0.745,0.786,0.573
launcher,0.745,0.808,0.677
luxuriant,0.745,0.812,0.76
nifty,0.745,0.815,0.74
emphasis,0.745,0.816,0.653
opportunity,0.745,0.833,0.938
bravery,0.745,0.868,0.898
potency,0.745,0.879,0.708
superhuman,0.745,0.895,0.81
strong,0.745,0.895,0.912
valiant,0.745,0.904,0.88
perfection,0.745,0.934,0.881
mocked,0.746,0.204,0.225
slight surprise,0.746,0.557,0.677
cheerleader,0.746,0.657,0.923
runner,0.747,0.632,0.459
reincarnation,0.747,0.676,0.786
disorderly,0.748,0.385,0.188
vanquishing,0.748,0.764,0.6
heartache,0.75,0.291,0.088
harmful,0.75,0.291,0.094
worrying,0.75,0.296,0.047
drugged,0.75,0.321,0.102
hideous,0.75,0.328,0.091
grumble,0.75,0.333,0.101
ass,0.75,0.345,0.323
brunt,0.75,0.349,0.204
groan,0.75,0.351,0.396
plummet,0.75,0.36,0.302
drugs,0.75,0.368,0.167
distressing,0.75,0.375,0.075
strain,0.75,0.38,0.19
rabies,0.75,0.382,0.115
heart disease,0.75,0.386,0.25
torment,0.75,0.387,0.057
blacklist,0.75,0.396,0.133
damnation,0.75,0.416,0.135
drumming,0.75,0.426,0.594
gaol,0.75,0.435,0.24
doom,0.75,0.442,0.073
peeved,0.75,0.467,0.156
suspect,0.75,0.509,0.133
sanction,0.75,0.517,0.201
fluctuation,0.75,0.519,0.347
looming,0.75,0.528,0.367
swordplay,0.75,0.528,0.616
impatiently,0.75,0.539,0.194
choreography,0.75,0.547,0.812
reclamation,0.75,0.548,0.573
snake,0.75,0.549,0.276
proposition,0.75,0.565,0.627
siege,0.75,0.567,0.271
shot,0.75,0.569,0.144
entertainment,0.75,0.569,0.847
blow,0.75,0.57,0.316
traveling,0.75,0.582,0.9
dispute,0.75,0.585,0.219
browse,0.75,0.592,0.635
dogged,0.75,0.594,0.255
dissect,0.75,0.595,0.367
extinction,0.75,0.611,0.104
hasten,0.75,0.618,0.571
espionage,0.75,0.62,0.312
hormone,0.75,0.621,0.49
shred,0.75,0.627,0.224
tireless,0.75,0.645,0.657
polemic,0.75,0.652,0.133
manifestation,0.75,0.655,0.583
hazardous,0.75,0.67,0.061
momentum,0.75,0.688,0.663
battleship,0.75,0.726,0.479
wrest,0.75,0.727,0.427
exalt,0.75,0.745,0.656
glitter,0.75,0.762,0.814
jackpot,0.75,0.786,0.95
immortal,0.75,0.795,0.812
quicken,0.75,0.799,0.686
immense,0.75,0.811,0.755
survivor,0.75,0.815,0.677
famed,0.75,0.819,0.878
demanding,0.75,0.828,0.396
dynamic,0.75,0.836,0.724
outdo,0.75,0.873,0.771
force,0.75,0.905,0.612
brave,0.75,0.917,0.837
phenomenal,0.75,0.918,0.915
greatness,0.75,0.943,0.99
opportunism,0.752,0.673,0.571
undefeated,0.752,0.825,0.833
decathlon,0.753,0.62,0.573
gasp,0.754,0.298,0.44
envious,0.754,0.341,0.11
docked,0.754,0.398,0.281
snowboarder,0.754,0.545,0.719
champ,0.754,0.896,0.854
headache,0.755,0.273,0.168
doomed,0.755,0.301,0.041
grrr,0.755,0.327,0.271
ghost,0.755,0.343,0.265
sneer,0.755,0.345,0.133
outwit,0.755,0.356,0.302
undressed,0.755,0.356,0.375
horrendous,0.755,0.365,0.073
tortuous,0.755,0.382,0.194
fooling,0.755,0.384,0.167
reproach,0.755,0.384,0.24
funky,0.755,0.389,0.531
mocking,0.755,0.394,0.082
claustrophobic,0.755,0.4,0.092
crushing,0.755,0.411,0.219
injustice,0.755,0.444,0.082
sunburn,0.755,0.447,0.061
suspected,0.755,0.452,0.173
sacrificial,0.755,0.452,0.198
frightful,0.755,0.455,0.125
curiosity,0.755,0.463,0.75
semen,0.755,0.471,0.5
drama,0.755,0.481,0.43
rapper,0.755,0.482,0.55
blasphemous,0.755,0.491,0.21
loophole,0.755,0.491,0.406
ranting,0.755,0.5,0.181
gifts,0.755,0.509,0.865
escaped,0.755,0.518,0.365
fascist,0.755,0.527,0.2
squander,0.755,0.529,0.24
pungent,0.755,0.535,0.347
budge,0.755,0.543,0.719
sneaking,0.755,0.545,0.203
overburden,0.755,0.546,0.115
volatility,0.755,0.553,0.281
gust,0.755,0.556,0.49
bully,0.755,0.564,0.257
thumping,0.755,0.566,0.214
ravage,0.755,0.575,0.214
disruptive,0.755,0.575,0.255
evacuation,0.755,0.582,0.16
flush,0.755,0.589,0.408
gig,0.755,0.594,0.816
contraction,0.755,0.603,0.292
viking,0.755,0.605,0.541
leopard,0.755,0.611,0.542
heavy metal,0.755,0.621,0.417
scold,0.755,0.626,0.194
pressing,0.755,0.636,0.24
craving,0.755,0.636,0.51
challenger,0.755,0.652,0.417
knockout,0.755,0.664,0.388
loudly,0.755,0.667,0.541
exertion,0.755,0.717,0.663
congratulations,0.755,0.719,0.96
hacker,0.755,0.74,0.271
quick,0.755,0.75,0.704
executor,0.755,0.759,0.365
endeavor,0.755,0.765,0.677
promotion,0.755,0.769,0.906
powerhouse,0.755,0.787,0.63
vigor,0.755,0.811,0.86
overhanging,0.755,0.812,0.698
heroine,0.755,0.833,0.729
bounty,0.755,0.833,0.76
succeeding,0.755,0.849,0.867
millionaire,0.755,0.85,0.917
fame,0.755,0.852,0.896
marvel,0.755,0.866,0.961
audacity,0.755,0.916,0.76
succeed,0.755,0.926,0.926
overlord,0.755,0.932,0.75
warhead,0.756,0.536,0.219
goddamned,0.758,0.42,0.042
prohibit,0.758,0.537,0.167
ovation,0.758,0.75,0.719
wobbly,0.759,0.225,0.208
injurious,0.759,0.366,0.177
unlawful,0.759,0.402,0.094
pussy,0.759,0.409,0.323
phantom,0.759,0.448,0.26
unbridled,0.759,0.448,0.396
unexpectedly,0.759,0.462,0.354
caffeine,0.759,0.5,0.562
shook,0.759,0.509,0.163
rhythm,0.759,0.573,0.771
concerto,0.759,0.679,0.613
elevation,0.759,0.711,0.76
gaiety,0.759,0.72,0.854
enjoying,0.759,0.759,0.908
smitten,0.76,0.204,0.153
throes,0.76,0.235,0.146
stray,0.76,0.281,0.133
damages,0.76,0.31,0.082
dupe,0.76,0.327,0.184
nakedness,0.76,0.35,0.48
horrifying,0.76,0.352,0.01
instability,0.76,0.353,0.177
getaway,0.76,0.368,0.5
dreading,0.76,0.377,0.125
stole,0.76,0.384,0.135
burning,0.76,0.412,0.229
joker,0.76,0.416,0.771
goddamn,0.76,0.422,0.125
infectious,0.76,0.422,0.142
juggle,0.76,0.426,0.594
trench,0.76,0.429,0.429
pesky,0.76,0.431,0.25
bigoted,0.76,0.462,0.153
intoxicating,0.76,0.464,0.224
damned,0.76,0.465,0.1
claim,0.76,0.473,0.255
cynical,0.76,0.474,0.156
shattering,0.76,0.475,0.135
disturb,0.76,0.481,0.175
spoils,0.76,0.481,0.388
whiplash,0.76,0.5,0.257
dodge,0.76,0.509,0.333
flurries,0.76,0.517,0.422
exaggerate,0.76,0.529,0.193
critique,0.76,0.537,0.302
incessant,0.76,0.544,0.438
gymnast,0.76,0.558,0.67
flurry,0.76,0.559,0.302
baseball,0.76,0.563,0.66
poison,0.76,0.573,0.083
football,0.76,0.582,0.755
happydance,0.76,0.582,0.857
litigation,0.76,0.602,0.388
compulsion,0.76,0.604,0.118
remuneration,0.76,0.607,0.792
inflict,0.76,0.609,0.167
counterclaim,0.76,0.651,0.398
choosy,0.76,0.712,0.28
glad,0.76,0.74,0.938
confront,0.76,0.746,0.281
navy,0.76,0.764,0.531
predator,0.76,0.777,0.143
procreate,0.76,0.802,0.646
vanquish,0.76,0.804,0.708
happier,0.76,0.806,0.99
wonderfully,0.76,0.821,0.969
unbeaten,0.76,0.828,0.854
dictator,0.76,0.862,0.073
outstanding,0.76,0.896,0.898
fighter,0.76,0.898,0.637
uncouth,0.761,0.35,0.08
discriminate,0.761,0.366,0.125
overthinking,0.761,0.525,0.408
bestial,0.761,0.674,0.26
recklessness,0.763,0.38,0.292
girlfriend,0.763,0.604,0.712
prize,0.763,0.67,0.885
grueling,0.763,0.704,0.18
extravagant,0.763,0.812,0.72
prick,0.764,0.269,0.323
cocksucker,0.764,0.339,0.083
raving,0.764,0.358,0.312
expatriate,0.764,0.391,0.265
experimental,0.764,0.396,0.417
infatuated,0.764,0.417,0.729
stifle,0.764,0.427,0.24
ghostly,0.764,0.43,0.26
basketball,0.764,0.435,0.814
suffocate,0.764,0.44,0.219
bothering,0.764,0.449,0.208
repression,0.764,0.481,0.214
growl,0.764,0.482,0.194
trample,0.764,0.562,0.235
ballplayer,0.764,0.566,0.719
clashing,0.764,0.575,0.177
overrun,0.764,0.598,0.271
motorcycle,0.764,0.713,0.677
detective,0.764,0.901,0.5
shiver,0.765,0.236,0.26
gossip,0.765,0.245,0.173
entanglement,0.765,0.248,0.302
die,0.765,0.259,0.031
revulsion,0.765,0.343,0.104
play,0.765,0.358,0.812
pain,0.765,0.395,0.012
overturn,0.765,0.396,0.24
mislead,0.765,0.412,0.167
topless,0.765,0.414,0.625
video game,0.765,0.414,0.707
darn,0.765,0.418,0.115
horrid,0.765,0.419,0.052
vaginal,0.765,0.42,0.449
inflammation,0.765,0.423,0.146
heresy,0.765,0.443,0.265
escape,0.765,0.448,0.367
bisexual,0.765,0.459,0.438
malign,0.765,0.481,0.14
subversive,0.765,0.5,0.198
offense,0.765,0.51,0.23
sparkle,0.765,0.51,0.819
rivalry,0.765,0.538,0.192
perpetrator,0.765,0.538,0.229
premonition,0.765,0.544,0.365
crook,0.765,0.55,0.171
auditions,0.765,0.596,0.74
incessantly,0.765,0.606,0.417
malicious,0.765,0.607,0.177
cardiac,0.765,0.615,0.344
instigate,0.765,0.642,0.278
tiger,0.765,0.664,0.479
marry,0.765,0.673,0.896
inducement,0.765,0.685,0.647
famously,0.765,0.787,0.856
asset,0.765,0.788,0.797
maximize,0.765,0.792,0.823
multitude,0.765,0.847,0.562
overcoming,0.765,0.855,0.842
neurosis,0.766,0.418,0.122
awestruck,0.767,0.68,0.615
proclamation,0.767,0.871,0.708
shipwreck,0.768,0.373,0.268
kidder,0.768,0.471,0.708
dancer,0.768,0.545,0.74
resuscitation,0.768,0.795,0.753
startling,0.768,0.83,0.75
injury,0.769,0.287,0.049
betrayed,0.769,0.308,0.122
freakingout,0.769,0.339,0.219
dislodge,0.769,0.356,0.214
burglar,0.769,0.404,0.05
cheerleading,0.769,0.404,0.698
deadlines,0.769,0.411,0.406
discuss,0.769,0.509,0.396
unpredictable,0.769,0.515,0.429
somersault,0.769,0.519,0.214
havoc,0.769,0.535,0.163
pregnancy,0.769,0.569,0.74
surgery,0.769,0.6,0.286
buy,0.769,0.612,0.771
surprises,0.769,0.632,0.875
instigation,0.769,0.648,0.323
fervor,0.769,0.651,0.573
outlive,0.769,0.724,0.565
electrify,0.769,0.737,0.52
ecstatic,0.769,0.742,0.875
experimentation,0.769,0.767,0.637
velocity,0.769,0.783,0.673
fortification,0.769,0.817,0.652
earn,0.769,0.817,0.865
court,0.769,0.827,0.479
zest,0.769,0.845,0.917
dominating,0.769,0.902,0.427
wounded,0.77,0.275,0.115
wreck,0.77,0.339,0.22
guilty,0.77,0.352,0.135
runaway,0.77,0.402,0.271
impressed,0.77,0.429,0.806
erosion,0.77,0.465,0.312
prohibited,0.77,0.482,0.115
venom,0.77,0.491,0.125
precipitate,0.77,0.5,0.417
meddle,0.77,0.526,0.302
touchdown,0.77,0.586,0.667
oblige,0.77,0.614,0.281
interview,0.77,0.619,0.573
throw,0.77,0.623,0.344
cheetah,0.77,0.667,0.469
cheers,0.77,0.702,0.948
firefighter,0.77,0.773,0.637
propelling,0.77,0.824,0.602
police,0.77,0.83,0.458
cop,0.77,0.836,0.327
dictatorial,0.77,0.84,0.204
vigorous,0.77,0.897,0.857
heroic,0.77,0.912,0.89
distressed,0.771,0.324,0.143
squeaky,0.771,0.367,0.229
blight,0.771,0.429,0.271
eerie,0.771,0.442,0.265
xenophobia,0.771,0.5,0.156
flaring,0.771,0.509,0.625
deathly,0.771,0.682,0.073
show,0.771,0.719,0.673
transcend,0.771,0.726,0.604
popularized,0.771,0.745,0.75
wonder,0.771,0.765,0.939
treasures,0.771,0.842,0.867
robber,0.772,0.481,0.135
disgusted,0.773,0.274,0.051
hurt,0.773,0.291,0.062
shocked,0.773,0.375,0.292
stir,0.773,0.453,0.448
flirting,0.773,0.491,0.59
pregnant,0.773,0.537,0.765
raptor,0.773,0.612,0.27
propulsion,0.773,0.644,0.615
obsessing,0.773,0.698,0.173
outcry,0.773,0.718,0.271
fascination,0.773,0.835,0.885
loco,0.774,0.226,0.306
drunkenness,0.774,0.336,0.214
awed,0.774,0.361,0.364
fraudulent,0.774,0.417,0.15
suffocating,0.774,0.429,0.133
rant,0.774,0.482,0.219
mountaineer,0.774,0.535,0.635
delirious,0.774,0.538,0.219
temperamental,0.774,0.608,0.316
warning,0.774,0.629,0.229
skater,0.774,0.652,0.633
marketing,0.774,0.675,0.521
intense,0.774,0.679,0.592
processing,0.774,0.711,0.726
attraction,0.774,0.712,0.906
nutcase,0.775,0.259,0.286
banishment,0.775,0.298,0.16
disgust,0.775,0.317,0.052
unanticipated,0.775,0.327,0.255
suspense,0.775,0.402,0.286
deceive,0.775,0.414,0.094
repulsive,0.775,0.425,0.146
seizure,0.775,0.462,0.177
hostility,0.775,0.465,0.122
hardship,0.775,0.482,0.094
pitfall,0.775,0.508,0.177
fatal,0.775,0.509,0.061
manipulation,0.775,0.536,0.188
unleash,0.775,0.559,0.479
bayonet,0.775,0.561,0.263
smuggle,0.775,0.57,0.194
astonished,0.775,0.574,0.51
exaggeration,0.775,0.582,0.312
bribery,0.775,0.585,0.135
gallop,0.775,0.588,0.5
harass,0.775,0.62,0.16
unrestrained,0.775,0.627,0.385
insubordination,0.775,0.634,0.281
conscription,0.775,0.642,0.396
enchantment,0.775,0.647,0.816
spectacles,0.775,0.648,0.816
fly,0.775,0.676,0.76
badass,0.775,0.745,0.255
competency,0.775,0.764,0.768
dominance,0.775,0.839,0.542
famous,0.775,0.882,0.916
worry,0.776,0.267,0.245
quivering,0.776,0.342,0.407
nosebleed,0.776,0.361,0.153
cranky,0.776,0.396,0.194
cheat,0.776,0.4,0.125
infestation,0.776,0.527,0.256
exacerbate,0.776,0.58,0.323
oppressor,0.776,0.629,0.16
impeach,0.776,0.664,0.208
swift,0.776,0.698,0.76
training,0.776,0.788,0.714
resisting,0.776,0.789,0.408
wonderful,0.776,0.83,0.971
motivate,0.776,0.873,0.812
willpower,0.776,0.897,0.823
gigantic,0.776,0.921,0.75
infidelity,0.777,0.392,0.062
puncture,0.777,0.42,0.198
infect,0.777,0.424,0.102
fireball,0.777,0.664,0.302
grenade,0.777,0.694,0.281
uprising,0.777,0.704,0.561
hurting,0.778,0.221,0.153
indignation,0.778,0.431,0.173
vice,0.778,0.48,0.296
swinger,0.778,0.482,0.459
friction,0.778,0.534,0.271
flood,0.778,0.608,0.208
thundering,0.778,0.7,0.337
untamed,0.778,0.709,0.429
marathon,0.778,0.74,0.646
effort,0.778,0.858,0.698
laughingstock,0.779,0.312,0.427
dementia,0.779,0.337,0.092
covet,0.779,0.524,0.302
witchcraft,0.779,0.555,0.183
hammering,0.779,0.557,0.347
marijuana,0.779,0.558,0.312
overpowering,0.779,0.589,0.392
overstate,0.779,0.635,0.281
fiesta,0.779,0.655,0.927
stimulus,0.779,0.75,0.771
uplift,0.779,0.771,0.656
empower,0.779,0.891,0.694
vomiting,0.78,0.157,0.156
nauseous,0.78,0.284,0.135
misfortune,0.78,0.311,0.094
bother,0.78,0.37,0.208
pester,0.78,0.385,0.143
impatience,0.78,0.411,0.278
denounce,0.78,0.426,0.083
homosexual,0.78,0.431,0.333
usurped,0.78,0.438,0.292
dramatic,0.78,0.443,0.367
cynicism,0.78,0.454,0.104
inundation,0.78,0.455,0.177
bachelorette,0.78,0.465,0.735
blackmailer,0.78,0.472,0.092
stunner,0.78,0.492,0.418
greed,0.78,0.528,0.173
overcharged,0.78,0.569,0.276
fanatic,0.78,0.629,0.573
immediately,0.78,0.707,0.552
congratulation,0.78,0.717,0.948
beast,0.78,0.732,0.214
defiance,0.78,0.76,0.333
revive,0.78,0.778,0.676
impassioned,0.78,0.802,0.74
nausea,0.781,0.273,0.104
sarcastic,0.781,0.298,0.397
miscarriage,0.781,0.312,0.042
irks,0.781,0.339,0.276
forbidding,0.781,0.5,0.198
lurking,0.781,0.575,0.421
spaceship,0.781,0.664,0.643
smoldering,0.781,0.764,0.635
behemoth,0.781,0.853,0.583
mutilation,0.782,0.456,0.122
sentencing,0.782,0.561,0.12
dazzle,0.782,0.683,0.73
slavery,0.783,0.218,0.052
nerves,0.783,0.264,0.333
migraine,0.783,0.318,0.135
cursed,0.783,0.393,0.083
discriminating,0.783,0.462,0.16
jealousy,0.783,0.481,0.146
burn,0.783,0.509,0.219
smuggling,0.783,0.51,0.229
nightlife,0.783,0.51,0.542
pursue,0.783,0.536,0.417
tamer,0.783,0.815,0.385
lush,0.783,0.833,0.74
insufferable,0.784,0.291,0.22
hydrophobia,0.784,0.351,0.323
masochist,0.784,0.353,0.164
difficulties,0.784,0.357,0.082
blowjob,0.784,0.387,0.46
precipice,0.784,0.396,0.198
hypertension,0.784,0.427,0.133
damn,0.784,0.431,0.073
happyvalentinesday,0.784,0.509,0.929
cocky,0.784,0.519,0.26
newyear,0.784,0.52,0.938
poltergeist,0.784,0.544,0.271
vendetta,0.784,0.583,0.198
buying,0.784,0.589,0.665
boa constrictor,0.784,0.609,0.198
brainstorm,0.784,0.636,0.794
imminent,0.784,0.643,0.49
motivation,0.784,0.802,0.854
cheer,0.784,0.845,0.938
popularity,0.784,0.861,0.896
enterprising,0.784,0.875,0.865
potent,0.784,0.907,0.698
superpower,0.784,0.972,0.806
ignite,0.785,0.675,0.458
extremely negative,0.786,0.311,0.03
dreadful,0.786,0.348,0.092
fidgety,0.786,0.351,0.229
nipple,0.786,0.415,0.48
awful,0.786,0.45,0.061
deportation,0.786,0.45,0.104
puberty,0.786,0.504,0.552
mortal,0.786,0.51,0.196
field hockey,0.786,0.518,0.602
hockey,0.786,0.548,0.565
tasty,0.786,0.555,0.959
volatile,0.786,0.565,0.323
outlast,0.786,0.685,0.62
stardom,0.786,0.689,0.844
conspirator,0.786,0.707,0.271
titanic,0.786,0.795,0.427
propel,0.786,0.804,0.75
imperialist,0.786,0.833,0.284
extravaganza,0.786,0.906,0.646
domination,0.786,0.959,0.505
succumb,0.787,0.292,0.202
demented,0.787,0.309,0.088
illegal,0.787,0.337,0.061
snarl,0.787,0.455,0.43
incineration,0.787,0.47,0.229
run,0.787,0.543,0.542
parachute,0.787,0.564,0.562
punch,0.787,0.608,0.229
ballistics,0.787,0.61,0.271
conspiracy,0.787,0.652,0.125
temptress,0.787,0.667,0.427
recruiting,0.787,0.693,0.448
reckless,0.788,0.279,0.262
pinching,0.788,0.345,0.25
fucker,0.788,0.357,0.094
deceitful,0.788,0.371,0.071
jerks,0.788,0.395,0.214
illegally,0.788,0.402,0.133
sinful,0.788,0.417,0.143
squish,0.788,0.481,0.26
livid,0.788,0.49,0.469
game,0.788,0.493,0.735
incriminating,0.788,0.5,0.133
grotesque,0.788,0.5,0.135
rampant,0.788,0.526,0.49
reprisal,0.788,0.545,0.125
mob,0.788,0.567,0.296
tantalizing,0.788,0.625,0.525
coaster,0.788,0.627,0.612
skier,0.788,0.639,0.802
catching,0.788,0.644,0.49
whirl,0.788,0.661,0.461
choke,0.788,0.676,0.167
dare,0.788,0.684,0.677
eradication,0.788,0.685,0.208
rapid,0.788,0.768,0.667
blushing,0.789,0.288,0.51
exercise,0.789,0.625,0.75
injuring,0.79,0.245,0.073
battered,0.79,0.306,0.08
ballgame,0.79,0.407,0.781
tease,0.79,0.432,0.317
drug,0.79,0.453,0.214
cruelly,0.79,0.471,0.146
ghastly,0.79,0.472,0.125
profanity,0.79,0.491,0.115
expulsion,0.79,0.529,0.19
flirt,0.79,0.538,0.792
pandemic,0.79,0.544,0.16
humorist,0.79,0.607,0.958
judo,0.79,0.612,0.5
uncontrollable,0.79,0.626,0.265
sensual,0.79,0.642,0.73
overgrowth,0.79,0.673,0.417
contender,0.79,0.681,0.48
wallop,0.79,0.689,0.32
surprising,0.79,0.692,0.888
satisfy,0.79,0.705,0.867
intimidating,0.79,0.708,0.229
unbelievable,0.79,0.717,0.771
competition,0.79,0.798,0.58
command,0.79,0.849,0.427
unrelenting,0.79,0.875,0.5
irked,0.791,0.353,0.164
kick,0.791,0.526,0.271
remarry,0.791,0.54,0.653
hurryup,0.791,0.555,0.473
shudder,0.791,0.559,0.344
intimidation,0.791,0.644,0.177
mistreated,0.792,0.2,0.01
evacuate,0.792,0.314,0.354
dread,0.792,0.368,0.153
jeering,0.792,0.38,0.266
disturbing,0.792,0.439,0.146
lunatic,0.792,0.442,0.125
trauma,0.792,0.453,0.112
heinous,0.792,0.471,0.133
vandal,0.792,0.473,0.135
workload,0.792,0.49,0.231
overflow,0.792,0.5,0.398
inflation,0.792,0.508,0.219
yeahhh,0.792,0.51,0.82
infiltration,0.792,0.536,0.265
piracy,0.792,0.567,0.296
thump,0.792,0.608,0.28
turbulent,0.792,0.612,0.302
blowout,0.792,0.616,0.398
perky,0.792,0.673,0.896
tyranny,0.792,0.705,0.112
defiant,0.792,0.769,0.25
penetrating,0.792,0.782,0.469
exciting,0.792,0.789,0.95
radical,0.792,0.811,0.5
breathtaking,0.792,0.921,0.936
condemn,0.793,0.625,0.102
zealot,0.793,0.654,0.48
discover,0.793,0.673,0.771
surprisingly,0.793,0.819,0.847
omnipotence,0.793,0.866,0.667
despair,0.794,0.245,0.115
hangry,0.794,0.279,0.219
epileptic,0.794,0.34,0.146
illicit,0.794,0.39,0.188
restlessness,0.794,0.397,0.083
blasphemy,0.794,0.406,0.146
slaughterhouse,0.794,0.472,0.146
disservice,0.794,0.48,0.25
taboo,0.794,0.482,0.198
vamp,0.794,0.566,0.31
battled,0.794,0.575,0.292
enemy,0.794,0.591,0.135
lash,0.794,0.609,0.235
lawsuit,0.794,0.611,0.219
rough,0.794,0.632,0.406
bullet,0.794,0.634,0.408
ostentatious,0.794,0.648,0.479
bullfighter,0.794,0.664,0.448
winger,0.794,0.691,0.531
flamboyant,0.794,0.705,0.615
torpedo,0.794,0.707,0.219
seducing,0.794,0.708,0.569
celebrations,0.794,0.714,0.958
stimulant,0.794,0.745,0.441
meteorite,0.794,0.75,0.385
reactor,0.794,0.772,0.438
glaring,0.794,0.798,0.694
superman,0.794,0.929,0.945
slave,0.795,0.151,0.171
calamity,0.795,0.343,0.122
flee,0.796,0.232,0.292
disgusting,0.796,0.245,0.031
feud,0.796,0.312,0.146
cramp,0.796,0.34,0.194
loathing,0.796,0.368,0.083
stoned,0.796,0.375,0.177
yessss,0.796,0.415,0.719
overestimate,0.796,0.444,0.367
nudist,0.796,0.483,0.44
traitor,0.796,0.491,0.112
devastate,0.796,0.509,0.021
bite,0.796,0.51,0.219
bandit,0.796,0.567,0.094
erectile,0.796,0.625,0.542
overflowing,0.796,0.635,0.439
thriller,0.796,0.645,0.49
cyclone,0.796,0.673,0.416
mistress,0.796,0.694,0.63
typhoon,0.796,0.697,0.323
engage,0.796,0.713,0.771
revolver,0.796,0.75,0.194
warlord,0.796,0.781,0.167
grandeur,0.796,0.839,0.885
incredible,0.796,0.902,0.857
strengthen,0.796,0.971,0.802
sweatshop,0.797,0.602,0.385
dagger,0.797,0.613,0.224
uneasiness,0.798,0.241,0.19
harlot,0.798,0.33,0.198
trickery,0.798,0.336,0.146
gamble,0.798,0.361,0.568
grunt,0.798,0.392,0.286
sexist,0.798,0.411,0.255
offence,0.798,0.446,0.312
unbearable,0.798,0.447,0.125
battering,0.798,0.49,0.21
vibrator,0.798,0.5,0.479
yell,0.798,0.558,0.24
overplayed,0.798,0.586,0.224
fatality,0.798,0.595,0.062
sensuous,0.798,0.625,0.854
rematch,0.798,0.627,0.469
athletic,0.798,0.708,0.857
barbaric,0.798,0.738,0.235
radioactive,0.798,0.741,0.19
stimulate,0.798,0.754,0.792
rapidity,0.798,0.806,0.667
invigorate,0.798,0.831,0.821
survival,0.798,0.879,0.541
triumph,0.798,0.926,0.969
piranha,0.799,0.575,0.219
drunk,0.8,0.25,0.194
slanderous,0.8,0.337,0.057
incarceration,0.8,0.397,0.1
promiscuous,0.8,0.436,0.214
womanizer,0.8,0.471,0.281
oppose,0.8,0.473,0.431
enslave,0.8,0.481,0.073
infringement,0.8,0.481,0.153
opinionated,0.8,0.491,0.156
detest,0.8,0.492,0.083
scuffle,0.8,0.529,0.146
bickering,0.8,0.536,0.122
ransom,0.8,0.565,0.582
lovemylife,0.8,0.573,0.896
wicked,0.8,0.627,0.138
flammable,0.8,0.715,0.216
extreme,0.8,0.721,0.318
lethal,0.8,0.745,0.156
indomitable,0.8,0.83,0.458
championship,0.8,0.88,0.833
neurotic,0.801,0.387,0.198
screech,0.802,0.306,0.214
flabbergasted,0.802,0.342,0.312
derail,0.802,0.375,0.108
vexed,0.802,0.413,0.115
hate,0.802,0.43,0.031
blackmail,0.802,0.482,0.094
kicking,0.802,0.51,0.327
breakaway,0.802,0.519,0.479
outburst,0.802,0.528,0.209
tamper,0.802,0.545,0.184
vampire,0.802,0.545,0.271
critical,0.802,0.545,0.312
intimacy,0.802,0.558,0.857
expedition,0.802,0.62,0.735
hyperventilating,0.802,0.625,0.164
shuddering,0.802,0.638,0.302
wedding,0.802,0.642,0.875
hiker,0.802,0.644,0.694
exceeding,0.802,0.668,0.5
cheerfulness,0.802,0.675,0.969
meteoric,0.802,0.684,0.59
extravagance,0.802,0.7,0.531
astonishing,0.802,0.821,0.844
competence,0.802,0.823,0.615
heroism,0.802,0.898,0.844
rattlesnake,0.803,0.613,0.188
offend,0.804,0.333,0.094
whipped,0.804,0.361,0.198
corrupting,0.804,0.38,0.062
saboteur,0.804,0.407,0.25
betting,0.804,0.411,0.237
skip,0.804,0.439,0.458
madness,0.804,0.44,0.104
mischievous,0.804,0.472,0.439
lawlessness,0.804,0.509,0.156
slap,0.804,0.518,0.1
flinch,0.804,0.555,0.35
shocker,0.804,0.616,0.235
intimidate,0.804,0.632,0.21
bookmaker,0.804,0.633,0.583
fire,0.804,0.635,0.38
chainsaw,0.804,0.636,0.367
bloodthirsty,0.804,0.644,0.052
trigger,0.804,0.66,0.271
overzealous,0.804,0.703,0.427
paramilitary,0.804,0.727,0.154
throttle,0.804,0.75,0.562
stimulating,0.804,0.809,0.74
exterminator,0.804,0.887,0.344
idol,0.805,0.853,0.684
mockery,0.806,0.181,0.094
ridiculed,0.806,0.212,0.112
yucky,0.806,0.237,0.142
unfaithful,0.806,0.298,0.031
dreadfully,0.806,0.306,0.246
shattered,0.806,0.309,0.097
gambling,0.806,0.347,0.365
hurried,0.806,0.393,0.314
corrupt,0.806,0.5,0.02
desecrate,0.806,0.509,0.255
bellyful,0.806,0.519,0.347
treason,0.806,0.552,0.094
rollicking,0.806,0.552,0.878
boisterous,0.806,0.565,0.385
heady,0.806,0.565,0.448
nail gun,0.806,0.574,0.378
disco,0.806,0.575,0.71
hunt,0.806,0.588,0.327
helicopter,0.806,0.617,0.714
transplant,0.806,0.62,0.445
gleeful,0.806,0.679,0.906
ballistic,0.806,0.685,0.26
boastful,0.806,0.695,0.49
plaintiff,0.806,0.711,0.365
eccentric,0.806,0.721,0.531
unyielding,0.806,0.738,0.367
fearless,0.806,0.76,0.81
dictatorship,0.806,0.784,0.082
hero,0.806,0.881,0.94
escalation,0.807,0.582,0.571
combustion,0.807,0.591,0.457
slut,0.808,0.309,0.071
poisoned,0.808,0.402,0.057
molestation,0.808,0.407,0.102
perverse,0.808,0.464,0.146
felony,0.808,0.472,0.206
throbbing,0.808,0.491,0.645
grumpy,0.808,0.559,0.198
punish,0.808,0.61,0.061
racetrack,0.808,0.624,0.708
bout,0.808,0.679,0.208
interrogate,0.808,0.68,0.323
embarrassing,0.809,0.225,0.226
frustrate,0.809,0.243,0.1
stillbirth,0.809,0.291,0.092
rush,0.809,0.546,0.406
marvellous,0.809,0.849,0.878
conqueror,0.809,0.93,0.604
jumpy,0.81,0.216,0.353
irritates,0.81,0.295,0.173
restless,0.81,0.304,0.219
stressin,0.81,0.367,0.146
slutty,0.81,0.371,0.224
incriminate,0.81,0.416,0.188
nightmare,0.81,0.436,0.005
hostilities,0.81,0.444,0.276
harrowing,0.81,0.474,0.209
exacerbation,0.81,0.48,0.344
bloodshot,0.81,0.482,0.188
tension,0.81,0.529,0.304
penis,0.81,0.556,0.354
incendiary,0.81,0.598,0.281
lively,0.81,0.642,0.847
venture,0.81,0.644,0.893
kamikaze,0.81,0.645,0.204
throng,0.81,0.706,0.48
scrambling,0.81,0.731,0.421
electricity,0.81,0.733,0.698
boxer,0.81,0.802,0.49
energize,0.81,0.875,0.792
enthusiast,0.81,0.875,0.867
winner,0.81,0.886,0.96
magnificence,0.81,0.92,0.802
heartbreaking,0.811,0.423,0.146
crisis,0.811,0.431,0.208
hectic,0.811,0.438,0.167
atrocious,0.811,0.445,0.073
trouble,0.811,0.452,0.135
molester,0.811,0.478,0.143
labyrinth,0.811,0.491,0.479
malice,0.811,0.492,0.073
fuckyeah,0.811,0.528,0.49
strike,0.811,0.571,0.271
werewolf,0.811,0.591,0.235
moody,0.811,0.595,0.245
watchdog,0.811,0.648,0.531
reaction,0.811,0.706,0.47
execution,0.811,0.713,0.16
interactive,0.811,0.77,0.727
victoria,0.811,0.837,0.896
eager,0.812,0.306,0.521
crabby,0.812,0.37,0.198
fucking,0.812,0.39,0.229
retaliation,0.812,0.491,0.156
emigrate,0.812,0.508,0.356
improvisation,0.812,0.529,0.631
noisy,0.812,0.561,0.271
retaliate,0.812,0.595,0.111
thruster,0.812,0.719,0.698
seducer,0.812,0.775,0.704
plaudit,0.813,0.546,0.816
kiss,0.813,0.63,0.967
ticklish,0.814,0.345,0.823
slur,0.814,0.427,0.115
bustle,0.814,0.445,0.347
decry,0.814,0.548,0.4
brash,0.814,0.552,0.36
paranormal,0.814,0.56,0.167
launch,0.814,0.598,0.684
malignancy,0.814,0.614,0.149
provocative,0.814,0.684,0.438
impetuous,0.814,0.712,0.602
shooter,0.814,0.774,0.224
dominate,0.814,0.953,0.439
giant,0.814,0.963,0.646
skittish,0.815,0.172,0.156
treacherous,0.815,0.402,0.112
transsexual,0.815,0.423,0.264
happynewyear,0.815,0.559,0.969
coup,0.815,0.607,0.275
barbarism,0.815,0.614,0.19
fright,0.816,0.191,0.177
disorder,0.816,0.218,0.115
irritated,0.816,0.281,0.21
molest,0.816,0.319,0.133
exasperated,0.816,0.377,0.229
risk,0.816,0.438,0.24
burner,0.816,0.446,0.296
foolhardy,0.816,0.596,0.541
wager,0.816,0.615,0.479
roar,0.816,0.675,0.427
executioner,0.816,0.676,0.235
whack,0.816,0.708,0.219
lover,0.816,0.75,0.881
exuberance,0.816,0.787,0.698
enthusiasm,0.816,0.798,0.938
police officer,0.816,0.858,0.479
revolutionize,0.816,0.904,0.684
nuisance,0.817,0.227,0.198
frightened,0.817,0.255,0.153
unfairness,0.817,0.336,0.17
stresses,0.817,0.396,0.115
tantrum,0.817,0.404,0.219
bleeding,0.817,0.408,0.135
jammed,0.817,0.411,0.235
startle,0.817,0.417,0.276
temptation,0.817,0.56,0.365
guillotine,0.817,0.585,0.163
roaring,0.817,0.634,0.449
atomic,0.817,0.713,0.327
gunpoint,0.817,0.719,0.188
reactive,0.817,0.721,0.434
fascinating,0.817,0.784,0.979
rapids,0.817,0.788,0.573
hunter,0.817,0.817,0.292
plucky,0.817,0.88,0.816
strongly,0.817,0.885,0.63
usurp,0.818,0.433,0.125
battalion,0.818,0.795,0.333
thrilled,0.818,0.807,0.898
rigorous,0.818,0.847,0.438
issue,0.819,0.351,0.316
hateful,0.819,0.43,0.071
controversy,0.819,0.6,0.25
rudeness,0.819,0.692,0.28
litigate,0.819,0.712,0.26
nervous,0.82,0.213,0.235
clatter,0.82,0.387,0.418
hating,0.82,0.434,0.083
vulgar,0.82,0.445,0.083
overdose,0.82,0.468,0.11
rash,0.82,0.491,0.219
topple,0.82,0.573,0.198
rugby,0.82,0.708,0.677
struggle,0.82,0.741,0.365
vivacious,0.82,0.758,0.78
motivating,0.82,0.787,0.958
erupt,0.82,0.818,0.188
superhero,0.82,0.893,0.91
fears,0.821,0.306,0.061
rude,0.821,0.402,0.061
shock,0.821,0.453,0.286
larceny,0.821,0.454,0.272
shatter,0.821,0.464,0.108
juggler,0.821,0.48,0.633
rushing,0.821,0.529,0.398
pyrotechnics,0.821,0.532,0.561
scandal,0.821,0.557,0.122
hustler,0.821,0.627,0.26
sandstorm,0.821,0.629,0.324
desiring,0.821,0.632,0.814
seething,0.821,0.642,0.312
seductive,0.821,0.667,0.771
stimulation,0.821,0.702,0.708
dragon,0.821,0.712,0.541
diversion,0.821,0.714,0.74
medallist,0.821,0.897,0.796
motherfucking,0.823,0.373,0.071
overwhelm,0.823,0.462,0.25
badness,0.823,0.463,0.094
obsessive,0.823,0.48,0.219
embezzler,0.823,0.491,0.146
bawdy,0.823,0.508,0.184
flare,0.823,0.508,0.558
inimical,0.823,0.556,0.26
cutthroat,0.823,0.663,0.11
coach,0.823,0.735,0.633
exhilarating,0.823,0.81,0.917
intoxicated,0.824,0.246,0.079
trembling,0.824,0.324,0.177
malignant,0.824,0.37,0.143
squirm,0.824,0.373,0.235
worried,0.824,0.395,0.094
ruffian,0.824,0.463,0.13
cannibal,0.824,0.48,0.122
poaching,0.824,0.526,0.302
desirous,0.824,0.562,0.719
despotic,0.824,0.592,0.141
skiing,0.824,0.62,0.823
bazooka,0.824,0.634,0.302
cheering,0.824,0.642,0.815
quake,0.824,0.672,0.11
survive,0.824,0.726,0.77
supernatural,0.824,0.733,0.622
bossy,0.824,0.75,0.24
rocket,0.824,0.774,0.664
vibrant,0.824,0.782,0.771
joy,0.824,0.794,0.98
celebration,0.824,0.88,0.939
fortify,0.824,0.911,0.745
holler,0.825,0.406,0.276
punishment,0.825,0.536,0.083
ordnance,0.825,0.679,0.354
impertinent,0.826,0.373,0.219
motherfucker,0.827,0.351,0.122
embezzlement,0.827,0.435,0.143
rabid,0.827,0.454,0.089
foe,0.827,0.459,0.071
grunting,0.827,0.481,0.198
preposterous,0.827,0.483,0.167
shriek,0.827,0.491,0.459
demolition,0.827,0.541,0.133
evil,0.827,0.545,0.04
extort,0.827,0.57,0.052
exceed,0.827,0.586,0.5
rumba,0.827,0.615,0.781
invader,0.827,0.618,0.2
interrogation,0.827,0.657,0.302
striking,0.827,0.657,0.357
crowd,0.827,0.731,0.35
passionate,0.827,0.731,0.99
workout,0.827,0.78,0.868
thrilling,0.827,0.782,0.93
sensational,0.827,0.858,0.938
extremely,0.827,0.886,0.635
scared,0.828,0.185,0.146
pusher,0.828,0.585,0.323
destroying,0.828,0.66,0.041
zealous,0.829,0.347,0.292
imprison,0.829,0.545,0.112
winnings,0.829,0.83,0.949
nervy,0.83,0.241,0.25
chased,0.83,0.287,0.188
intrigue,0.83,0.327,0.362
rustler,0.83,0.429,0.281
melodrama,0.83,0.446,0.378
suffocation,0.83,0.462,0.02
perversion,0.83,0.49,0.083
vindictive,0.83,0.5,0.092
shoplifter,0.83,0.5,0.167
criminal,0.83,0.529,0.021
destroyer,0.83,0.543,0.083
corruption,0.83,0.549,0.052
rebel,0.83,0.555,0.235
denunciation,0.83,0.561,0.146
upheaval,0.83,0.57,0.29
epidemic,0.83,0.611,0.092
exposure,0.83,0.63,0.57
overwhelming,0.83,0.64,0.327
chaser,0.83,0.645,0.375
catapult,0.83,0.649,0.48
fanatical,0.83,0.714,0.555
incursion,0.83,0.719,0.552
missile,0.83,0.764,0.24
impressive,0.83,0.873,0.781
powerful,0.83,0.991,0.865
insult,0.831,0.389,0.085
misappropriation,0.831,0.5,0.097
brutality,0.832,0.571,0.122
folly,0.833,0.363,0.184
morbid,0.833,0.395,0.09
scolding,0.833,0.417,0.071
shoplifting,0.833,0.441,0.152
tremor,0.833,0.455,0.104
beating,0.833,0.481,0.153
wrenching,0.833,0.483,0.204
exasperation,0.833,0.483,0.214
irritation,0.833,0.496,0.073
leak,0.833,0.52,0.378
sacrifice,0.833,0.534,0.208
lurid,0.833,0.536,0.186
desecration,0.833,0.564,0.125
outrun,0.833,0.573,0.531
karate,0.833,0.598,0.562
breakneck,0.833,0.604,0.254
thunderclap,0.833,0.607,0.39
snowstorm,0.833,0.629,0.204
squall,0.833,0.655,0.191
gangster,0.833,0.655,0.292
marksman,0.833,0.692,0.5
dicey,0.833,0.727,0.29
extraterrestrial,0.833,0.792,0.51
ravishing,0.833,0.83,0.745
irresistible,0.833,0.839,0.823
overbearing,0.833,0.861,0.323
gladiator,0.833,0.866,0.5
richness,0.833,0.922,0.896
mischief,0.834,0.292,0.385
deafening,0.835,0.482,0.281
king snake,0.835,0.647,0.458
great disgust,0.836,0.389,0.042
cruelty,0.836,0.536,0.092
ejection,0.836,0.554,0.188
terrifying,0.836,0.602,0.031
surviving,0.836,0.721,0.646
excruciating,0.837,0.345,0.083
depraved,0.837,0.395,0.031
gruesome,0.837,0.474,0.094
eventful,0.837,0.51,0.543
poisoning,0.837,0.526,0.094
infernal,0.837,0.571,0.083
riotous,0.837,0.588,0.163
brutish,0.837,0.588,0.27
attacking,0.837,0.642,0.276
soccer,0.837,0.644,0.698
mercenary,0.837,0.673,0.245
thrill,0.837,0.711,0.888
jobinterview,0.837,0.723,0.684
perpetrate,0.837,0.732,0.327
strive,0.837,0.769,0.582
bomber,0.837,0.81,0.125
mighty,0.837,0.936,0.855
triumphant,0.837,0.972,0.949
joking,0.839,0.407,0.776
heartattack,0.839,0.455,0.156
freak,0.839,0.464,0.052
drastic,0.839,0.657,0.194
minefield,0.839,0.684,0.188
fear,0.84,0.293,0.073
claustrophobia,0.84,0.333,0.125
cocaine,0.84,0.373,0.156
cringe,0.84,0.377,0.245
distress,0.84,0.396,0.073
insulting,0.84,0.412,0.094
hateeveryone,0.84,0.429,0.041
obsessed,0.84,0.439,0.219
villainous,0.84,0.47,0.122
convict,0.84,0.477,0.177
rob,0.84,0.5,0.112
perturbation,0.84,0.5,0.27
party,0.84,0.547,0.948
dance,0.84,0.551,0.894
standoff,0.84,0.558,0.333
vengeful,0.84,0.561,0.15
impulse,0.84,0.611,0.53
sensuality,0.84,0.632,0.844
verve,0.84,0.693,0.724
daring,0.84,0.711,0.583
cannonball,0.84,0.759,0.344
mating,0.84,0.759,0.755
testosterone,0.84,0.775,0.573
weapon,0.84,0.831,0.054
weaponry,0.84,0.87,0.219
mutilated,0.841,0.356,0.041
paranoia,0.841,0.407,0.146
venomous,0.841,0.636,0.159
desperate,0.842,0.337,0.083
lovesick,0.842,0.5,0.796
discussion,0.842,0.536,0.333
intensive,0.842,0.776,0.57
mess,0.843,0.273,0.143
soreness,0.843,0.302,0.113
stress,0.843,0.317,0.173
crazy,0.843,0.321,0.156
tragedy,0.843,0.34,0.052
bleed,0.843,0.346,0.041
obscenity,0.843,0.418,0.083
robbery,0.843,0.435,0.133
prostitution,0.843,0.475,0.125
heaving,0.843,0.491,0.201
drug dealing,0.843,0.5,0.042
frighten,0.843,0.5,0.255
tempest,0.843,0.653,0.245
heroin,0.843,0.655,0.276
fun,0.843,0.667,0.918
hiking,0.843,0.67,0.82
satanic,0.843,0.72,0.062
pounding,0.843,0.731,0.333
rebellion,0.843,0.746,0.245
invasion,0.843,0.808,0.271
clitoris,0.844,0.464,0.625
birthday,0.844,0.575,0.969
atrocity,0.844,0.593,0.115
ninja,0.844,0.682,0.542
electrocution,0.844,0.692,0.177
volcano,0.844,0.787,0.24
masochism,0.845,0.483,0.194
shark,0.845,0.596,0.26
astonish,0.845,0.658,0.786
exalted,0.845,0.696,0.676
guerilla,0.845,0.727,0.146
beaten,0.846,0.265,0.083
infarct,0.846,0.386,0.08
laughs,0.846,0.425,0.812
scarier,0.846,0.472,0.156
horrific,0.846,0.481,0.094
obsess,0.846,0.509,0.112
fiendish,0.846,0.591,0.167
viper,0.846,0.632,0.173
smite,0.846,0.682,0.303
intensely,0.846,0.75,0.694
combat,0.846,0.833,0.302
bonkers,0.847,0.278,0.306
misbehave,0.847,0.304,0.02
lunacy,0.847,0.33,0.132
insanity,0.847,0.337,0.098
scares,0.847,0.386,0.122
hatred,0.847,0.424,0.037
chaotic,0.847,0.442,0.115
spirits,0.847,0.545,0.583
obsession,0.847,0.571,0.229
giddy,0.847,0.611,0.438
compel,0.847,0.625,0.2
warlike,0.847,0.779,0.367
stripper,0.848,0.453,0.625
maniacal,0.848,0.5,0.2
assault,0.848,0.55,0.167
collision,0.848,0.585,0.245
projectiles,0.848,0.868,0.25
drunken,0.849,0.25,0.155
shaking,0.849,0.255,0.275
hemorrhage,0.849,0.426,0.031
maniac,0.849,0.431,0.12
some surprise,0.849,0.5,0.827
hothead,0.849,0.518,0.24
deadly,0.849,0.554,0.143
terrible,0.849,0.604,0.061
speed,0.849,0.658,0.719
disquieted,0.85,0.29,0.229
chilling,0.85,0.358,0.208
horror,0.85,0.438,0.115
snare,0.85,0.466,0.229
mugger,0.85,0.5,0.125
squabble,0.85,0.5,0.173
bustling,0.85,0.528,0.49
gang,0.85,0.629,0.217
quickly,0.85,0.636,0.784
heist,0.85,0.645,0.184
ruthless,0.85,0.67,0.208
tyrant,0.85,0.683,0.115
detonate,0.85,0.696,0.375
fiery,0.85,0.721,0.418
offender,0.851,0.537,0.104
bombed,0.851,0.627,0.051
bleeder,0.852,0.356,0.26
horrors,0.852,0.409,0.061
treachery,0.852,0.448,0.104
chastisement,0.852,0.462,0.156
irate,0.852,0.474,0.188
warcrimes,0.852,0.585,0.031
madder,0.853,0.267,0.323
irritability,0.853,0.283,0.146
toothache,0.853,0.412,0.188
nudity,0.853,0.415,0.438
walkout,0.853,0.427,0.292
incest,0.853,0.491,0.073
gunpowder,0.853,0.509,0.425
elation,0.853,0.623,0.74
triathlon,0.853,0.663,0.521
climax,0.853,0.667,0.735
combatant,0.853,0.78,0.531
feisty,0.853,0.789,0.592
gunner,0.853,0.817,0.25
shocking,0.853,0.833,0.378
invincible,0.853,0.914,0.867
epilepsy,0.854,0.25,0.061
troubles,0.854,0.269,0.051
depravity,0.854,0.453,0.115
malevolent,0.854,0.613,0.094
boxing,0.854,0.645,0.427
dominant,0.854,0.893,0.406
tormented,0.855,0.323,0.071
jealous,0.855,0.345,0.173
dope,0.855,0.425,0.295
surprised,0.855,0.539,0.784
voltage,0.855,0.621,0.382
ultimatum,0.855,0.837,0.219
jittery,0.856,0.255,0.344
devastating,0.856,0.419,0.104
infanticide,0.856,0.443,0.167
psychotic,0.856,0.474,0.198
rape,0.856,0.527,0.062
steal,0.856,0.528,0.021
erection,0.856,0.695,0.64
ebullient,0.856,0.746,0.659
nuclear,0.856,0.781,0.219
naughty,0.857,0.371,0.451
horrible,0.857,0.398,0.071
inferno,0.857,0.463,0.051
crucifixion,0.857,0.541,0.135
poachers,0.857,0.632,0.315
prosecution,0.857,0.647,0.245
emergence,0.857,0.676,0.276
swordsman,0.857,0.696,0.395
exterminate,0.857,0.736,0.177
proficiency,0.857,0.804,0.667
celebrate,0.857,0.859,0.917
spooky,0.858,0.38,0.104
running,0.858,0.442,0.73
narcotic,0.858,0.45,0.102
controversial,0.858,0.538,0.271
stifling,0.858,0.608,0.163
speedboat,0.858,0.612,0.635
expedite,0.858,0.798,0.571
psychosis,0.859,0.312,0.167
overpower,0.859,0.783,0.448
drown,0.86,0.27,0.071
junkie,0.86,0.363,0.135
prostitute,0.86,0.427,0.167
cursing,0.86,0.446,0.112
dismemberment,0.86,0.47,0.104
sequestration,0.86,0.5,0.177
delinquency,0.86,0.508,0.135
raider,0.86,0.525,0.302
hellish,0.86,0.545,0.125
explosions,0.86,0.594,0.123
rebels,0.86,0.609,0.135
black snake,0.86,0.612,0.104
extermination,0.86,0.616,0.19
tyrannical,0.86,0.731,0.167
celebrating,0.86,0.773,0.927
dynamite,0.86,0.783,0.344
thunderstorm,0.86,0.784,0.135
superstar,0.86,0.88,0.885
creepy,0.861,0.373,0.125
riddled,0.861,0.422,0.281
doomsday,0.861,0.67,0.125
childbirth,0.861,0.673,0.604
overkill,0.861,0.678,0.379
snatch,0.861,0.691,0.219
gunnery,0.861,0.873,0.281
perilous,0.862,0.575,0.143
grisly,0.863,0.426,0.083
sequestered,0.863,0.427,0.16
sociopath,0.863,0.439,0.104
pervert,0.863,0.5,0.082
scariest,0.863,0.538,0.167
fireworks,0.863,0.579,0.735
criminality,0.863,0.58,0.122
scream,0.863,0.594,0.188
furor,0.863,0.636,0.5
orgasm,0.863,0.676,0.844
rifleman,0.863,0.767,0.245
athleticism,0.863,0.778,0.75
bombardier,0.863,0.787,0.24
wrestler,0.863,0.911,0.52
warrior,0.863,0.915,0.458
landslide,0.864,0.53,0.25
frolic,0.864,0.538,0.781
overdo,0.864,0.602,0.156
impulsive,0.864,0.607,0.365
windfall,0.864,0.638,0.75
seduce,0.864,0.689,0.462
rifles,0.864,0.765,0.337
extraordinaire,0.864,0.898,0.847
devilish,0.865,0.49,0.073
toxicity,0.865,0.491,0.104
startled,0.865,0.526,0.333
incrimination,0.865,0.545,0.152
wrangling,0.865,0.585,0.146
retaliatory,0.865,0.598,0.194
jump,0.865,0.611,0.625
persecution,0.865,0.66,0.229
threat,0.865,0.667,0.135
avenger,0.865,0.67,0.337
passion,0.865,0.728,0.854
predatory,0.865,0.731,0.083
blastoff,0.865,0.736,0.357
projectile,0.865,0.774,0.276
exorbitant,0.865,0.825,0.398
cruel,0.866,0.391,0.122
stressing,0.866,0.462,0.163
nervouswreck,0.867,0.179,0.112
suicidal,0.867,0.382,0.021
theft,0.867,0.394,0.135
cholera,0.867,0.507,0.02
avenge,0.867,0.559,0.073
snatcher,0.867,0.563,0.122
smuggler,0.867,0.645,0.062
mafia,0.867,0.676,0.204
concert,0.867,0.718,0.938
deranged,0.868,0.357,0.376
disobedience,0.868,0.369,0.051
dancing,0.868,0.444,0.885
destruct,0.868,0.525,0.071
assailant,0.868,0.602,0.184
overthrow,0.868,0.62,0.26
extortion,0.868,0.63,0.112
shotgun,0.868,0.684,0.2
bombshell,0.868,0.693,0.327
wrestling,0.868,0.774,0.449
exhilaration,0.868,0.783,0.792
fight,0.868,0.809,0.531
enthusiastic,0.868,0.848,0.885
energetic,0.868,0.902,0.847
disturbed,0.87,0.305,0.125
vulgarity,0.87,0.346,0.104
mayhem,0.87,0.364,0.188
quartered,0.87,0.395,0.296
vagina,0.87,0.5,0.551
infuriating,0.87,0.509,0.139
poisonous,0.87,0.533,0.102
betray,0.87,0.536,0.042
stormy,0.87,0.562,0.146
erotica,0.87,0.579,0.781
mobster,0.87,0.638,0.188
confrontation,0.87,0.658,0.177
sparring,0.87,0.704,0.292
destructive,0.87,0.713,0.177
intensify,0.87,0.737,0.604
sniper,0.87,0.853,0.167
compulsive,0.871,0.573,0.347
barrage,0.871,0.627,0.388
provoke,0.871,0.735,0.3
defending,0.871,0.812,0.604
innovate,0.872,0.75,0.898
drunkard,0.873,0.25,0.24
mad,0.873,0.277,0.219
stressful,0.873,0.389,0.153
suicide,0.873,0.429,0.03
harassing,0.873,0.446,0.12
extreme disgust,0.873,0.456,0.052
persecute,0.873,0.509,0.281
endangerment,0.873,0.519,0.167
inquisitor,0.873,0.642,0.385
emotion,0.873,0.696,0.693
gunslinger,0.873,0.811,0.316
conquering,0.873,0.936,0.76
conquer,0.873,0.971,0.694
juggling,0.874,0.346,0.562
beastly,0.874,0.843,0.146
stabbed,0.875,0.431,0.031
gory,0.875,0.455,0.14
rampage,0.875,0.509,0.24
surprise,0.875,0.562,0.875
demonic,0.875,0.6,0.146
threatening,0.875,0.652,0.071
contraband,0.875,0.67,0.177
fury,0.875,0.676,0.062
stampede,0.875,0.683,0.235
detonator,0.875,0.75,0.207
audacious,0.875,0.825,0.74
revving,0.875,0.879,0.604
fuss,0.876,0.48,0.406
crazed,0.877,0.417,0.153
hostile,0.877,0.474,0.188
birthing,0.877,0.519,0.796
hangman,0.877,0.555,0.153
jeopardize,0.877,0.582,0.26
racketeering,0.877,0.697,0.167
penetrate,0.877,0.732,0.287
fierce,0.877,0.759,0.281
tremble,0.878,0.388,0.177
wallow,0.878,0.491,0.286
torture,0.878,0.555,0.115
crucify,0.878,0.573,0.146
chase,0.878,0.623,0.396
genocide,0.878,0.627,0.02
revolt,0.878,0.658,0.343
exploit,0.878,0.66,0.312
spunky,0.879,0.755,0.646
madman,0.88,0.312,0.135
whore,0.88,0.333,0.135
schizophrenia,0.88,0.435,0.092
kidnapping,0.88,0.561,0.094
bawl,0.88,0.561,0.385
merciless,0.88,0.634,0.062
menacing,0.88,0.643,0.042
boxers,0.88,0.654,0.375
rebellious,0.88,0.663,0.344
matador,0.88,0.667,0.224
avenging,0.88,0.717,0.143
dazzling,0.88,0.767,0.854
champion,0.88,0.945,0.89
success,0.88,0.981,0.959
panicking,0.882,0.333,0.094
discord,0.882,0.465,0.115
riots,0.882,0.564,0.099
stab,0.882,0.595,0.167
offensive,0.882,0.6,0.135
spank,0.882,0.642,0.112
brutal,0.882,0.643,0.122
kickboxing,0.882,0.651,0.427
thug,0.882,0.667,0.24
pump,0.882,0.681,0.417
flamethrower,0.882,0.683,0.16
excessively,0.882,0.716,0.449
noise,0.883,0.388,0.26
rapture,0.883,0.567,0.439
possessed,0.884,0.611,0.327
takeoff,0.884,0.626,0.755
defy,0.884,0.657,0.353
hazard,0.884,0.757,0.112
impact,0.884,0.776,0.469
naked,0.885,0.288,0.323
horrified,0.885,0.368,0.04
endanger,0.885,0.404,0.115
hasty,0.885,0.424,0.188
traumatic,0.885,0.427,0.062
endangered,0.885,0.43,0.083
lynch,0.885,0.482,0.167
toxic,0.885,0.492,0.008
pandemonium,0.885,0.5,0.229
overactive,0.885,0.592,0.667
swiftly,0.885,0.618,0.66
erect,0.885,0.627,0.643
exaggerated,0.885,0.732,0.224
explode,0.885,0.773,0.277
fighting,0.885,0.783,0.292
penetration,0.885,0.792,0.438
warfare,0.885,0.845,0.062
brothel,0.886,0.418,0.255
strangulation,0.886,0.542,0.04
victorious,0.886,0.946,0.884
spook,0.887,0.322,0.327
jailhouse,0.887,0.43,0.104
growling,0.887,0.475,0.119
entice,0.887,0.518,0.521
massacre,0.887,0.64,0.031
ripper,0.887,0.642,0.219
revolutionary,0.887,0.824,0.635
unstoppable,0.887,0.862,0.625
turmoil,0.888,0.417,0.198
thief,0.888,0.443,0.088
pissed,0.888,0.543,0.102
carnival,0.888,0.555,0.927
devour,0.888,0.574,0.344
rage,0.888,0.658,0.082
tremendous,0.888,0.773,0.6
hooker,0.889,0.373,0.214
terrify,0.889,0.509,0.052
protest,0.889,0.596,0.14
excess,0.889,0.712,0.385
tortured,0.89,0.361,0.062
irritate,0.89,0.368,0.167
mutiny,0.89,0.549,0.323
cannibalism,0.89,0.583,0.094
transgression,0.89,0.611,0.158
hellfire,0.89,0.618,0.143
frantic,0.89,0.627,0.21
wrestle,0.89,0.765,0.388
warship,0.89,0.889,0.292
uncontrolled,0.891,0.544,0.188
seduction,0.891,0.618,0.51
manic,0.892,0.368,0.054
violation,0.892,0.413,0.083
disaster,0.892,0.433,0.082
collide,0.892,0.557,0.271
villain,0.892,0.59,0.177
exaltation,0.892,0.673,0.594
voracious,0.892,0.694,0.385
invade,0.892,0.714,0.408
war,0.892,0.727,0.022
ejaculation,0.893,0.547,0.615
provocation,0.893,0.705,0.21
troublesome,0.894,0.404,0.283
nightclub,0.894,0.528,0.802
nymphomaniac,0.894,0.536,0.398
plunder,0.894,0.574,0.125
clapping,0.894,0.686,0.823
tidal wave,0.894,0.736,0.24
menace,0.894,0.759,0.125
burst,0.894,0.845,0.156
edgy,0.895,0.306,0.281
harassment,0.896,0.42,0.083
pornographic,0.896,0.5,0.23
fanaticism,0.896,0.566,0.292
sinister,0.896,0.581,0.125
ejaculate,0.896,0.604,0.604
lustful,0.896,0.643,0.427
barbarian,0.896,0.713,0.323
crossfire,0.896,0.722,0.316
blazing,0.896,0.735,0.594
tornado,0.896,0.784,0.26
awesome,0.897,0.891,0.98
felon,0.898,0.455,0.111
punishing,0.898,0.471,0.094
jail,0.898,0.48,0.094
strife,0.898,0.63,0.344
sexuality,0.898,0.657,0.67
frantically,0.898,0.735,0.375
astonishingly,0.898,0.773,0.827
hurricanes,0.898,0.784,0.286
whip,0.899,0.509,0.208
drunk driving,0.9,0.306,0.073
undress,0.9,0.336,0.438
mutilate,0.9,0.465,0.125
rowdy,0.9,0.518,0.255
playboy,0.9,0.519,0.646
overwrought,0.9,0.571,0.156
emergency,0.9,0.571,0.2
fearsome,0.9,0.586,0.115
troublemaker,0.9,0.596,0.26
devil,0.9,0.611,0.161
pistol,0.9,0.677,0.17
rifle,0.9,0.718,0.329
screaming,0.901,0.46,0.245
debauchery,0.901,0.5,0.354
terrified,0.902,0.387,0.09
terror,0.902,0.415,0.069
uproar,0.902,0.462,0.271
fistfight,0.902,0.543,0.208
revolution,0.902,0.798,0.417
distraught,0.903,0.264,0.115
flustered,0.903,0.283,0.316
fiend,0.903,0.608,0.146
phobia,0.904,0.291,0.173
tragic,0.904,0.396,0.048
desperation,0.904,0.419,0.125
devastation,0.904,0.472,0.09
delinquent,0.904,0.5,0.051
vandalism,0.904,0.509,0.083
euphoric,0.904,0.588,0.745
firework,0.904,0.593,0.786
nuke,0.905,0.873,0.125
crash,0.906,0.355,0.194
conflict,0.906,0.471,0.335
hysteria,0.906,0.482,0.224
sabotage,0.906,0.5,0.135
rapist,0.906,0.571,0.062
sadistic,0.906,0.618,0.031
kidnapper,0.906,0.618,0.115
gunplay,0.906,0.627,0.133
pursuing,0.906,0.69,0.483
exorcist,0.906,0.716,0.219
pushy,0.906,0.741,0.08
ferocity,0.906,0.746,0.235
disturbance,0.907,0.404,0.146
scandalous,0.907,0.556,0.135
terrorize,0.907,0.577,0.041
savagery,0.907,0.711,0.219
craziness,0.908,0.255,0.238
demon,0.908,0.509,0.037
jeopardy,0.908,0.536,0.129
urgency,0.908,0.543,0.429
wrath,0.908,0.548,0.039
horny,0.908,0.56,0.49
hijack,0.908,0.594,0.042
speeding,0.908,0.645,0.438
suffer,0.91,0.259,0.082
scare,0.91,0.264,0.122
tragedies,0.91,0.442,0.1
bloody,0.91,0.518,0.031
peril,0.91,0.518,0.052
rollercoaster,0.91,0.651,0.802
storming,0.91,0.669,0.265
radioactivity,0.91,0.696,0.24
excitability,0.91,0.724,0.906
gunfighter,0.91,0.741,0.156
volcanic,0.91,0.781,0.344
irritating,0.912,0.393,0.104
diabolical,0.912,0.456,0.102
overreact,0.912,0.471,0.306
homicidal,0.912,0.573,0.02
wartime,0.912,0.726,0.1
bomb,0.912,0.75,0.167
stealing,0.913,0.455,0.086
infuriates,0.913,0.627,0.135
eruption,0.913,0.733,0.156
handgun,0.914,0.782,0.156
nude,0.915,0.2,0.49
nervousness,0.915,0.241,0.163
porn,0.915,0.421,0.344
snipe,0.915,0.491,0.198
freakish,0.915,0.566,0.135
punching,0.915,0.623,0.332
whirlwind,0.915,0.67,0.417
avalanche,0.915,0.683,0.265
ferocious,0.915,0.776,0.167
thunder,0.916,0.526,0.296
freaked,0.917,0.34,0.135
publicspeaking,0.917,0.632,0.448
shelling,0.917,0.773,0.337
guerrilla,0.917,0.792,0.219
jitters,0.918,0.192,0.224
twitchy,0.918,0.281,0.094
paranoid,0.918,0.364,0.122
perverted,0.918,0.436,0.062
clash,0.918,0.453,0.293
sadist,0.918,0.5,0.042
psychopathic,0.918,0.508,0.077
burglary,0.918,0.543,0.146
hell,0.918,0.565,0.02
striptease,0.918,0.608,0.607
violent,0.918,0.616,0.112
holocaust,0.918,0.618,0.062
urgent,0.918,0.623,0.327
battlefield,0.918,0.781,0.133
tussle,0.919,0.691,0.333
cheater,0.92,0.333,0.104
manslaughter,0.92,0.473,0.09
lynching,0.92,0.548,0.135
slay,0.92,0.585,0.133
firefight,0.92,0.664,0.153
fights,0.92,0.712,0.07
gun,0.92,0.713,0.147
provoking,0.92,0.717,0.338
exploitation,0.92,0.718,0.156
bombers,0.92,0.787,0.173
pornography,0.921,0.481,0.323
hyperactive,0.921,0.66,0.5
fugitive,0.922,0.388,0.104
turbulence,0.922,0.532,0.062
psycho,0.922,0.56,0.039
ecstasy,0.922,0.655,0.796
gunman,0.922,0.689,0.167
risky,0.922,0.7,0.224
challenge,0.922,0.713,0.469
wild,0.922,0.75,0.312
missiles,0.922,0.83,0.07
hostage,0.923,0.325,0.163
chaos,0.923,0.373,0.016
kidnapped,0.923,0.455,0.044
terrifies,0.923,0.5,0.083
porno,0.923,0.519,0.302
kidnap,0.923,0.535,0.032
danger,0.923,0.673,0.115
shockingly,0.924,0.721,0.51
shout,0.925,0.444,0.229
seismic,0.925,0.578,0.323
furiously,0.925,0.657,0.062
manhunt,0.925,0.657,0.145
masturbate,0.926,0.5,0.552
shoot,0.926,0.625,0.092
rescue,0.926,0.85,0.806
strangle,0.927,0.527,0.094
raging,0.927,0.598,0.219
shootout,0.927,0.615,0.08
vengeance,0.927,0.719,0.103
lovemaking,0.927,0.814,0.969
threatened,0.928,0.354,0.052
quarrel,0.929,0.496,0.112
wildfire,0.929,0.552,0.14
destruction,0.929,0.613,0.102
sharpshooter,0.929,0.764,0.24
firestorm,0.929,0.766,0.18
blast,0.929,0.777,0.167
fuck,0.93,0.446,0.198
whorehouse,0.93,0.462,0.2
infuriated,0.93,0.51,0.073
dangerously,0.93,0.564,0.082
frenetic,0.93,0.616,0.429
stalker,0.93,0.639,0.177
slayer,0.93,0.661,0.041
gunfire,0.93,0.673,0.156
terrorist,0.93,0.679,0.019
earthquake,0.93,0.812,0.073
intensity,0.93,0.952,0.622
shooting,0.931,0.602,0.276
savage,0.931,0.605,0.204
hit,0.931,0.679,0.235
excited,0.931,0.709,0.908
detonation,0.931,0.741,0.167
firing,0.931,0.803,0.188
fornicate,0.933,0.565,0.396
monstrosity,0.933,0.611,0.094
assassin,0.933,0.632,0.073
violence,0.933,0.719,0.061
infuriate,0.934,0.596,0.102
catastrophic,0.934,0.598,0.071
monster,0.935,0.596,0.133
destroy,0.935,0.635,0.046
extreme surprise,0.935,0.676,0.833
panic,0.938,0.4,0.062
brawl,0.938,0.603,0.104
yelling,0.939,0.565,0.323
excitable,0.939,0.629,0.803
sex,0.939,0.704,0.803
onslaught,0.939,0.717,0.198
storm,0.94,0.543,0.188
revenge,0.94,0.627,0.23
murderous,0.94,0.682,0.017
murderess,0.941,0.462,0.041
assassination,0.941,0.525,0.083
dangerous,0.941,0.658,0.02
lusty,0.941,0.673,0.469
great surprise,0.941,0.688,0.939
kill,0.941,0.736,0.052
firepower,0.941,0.81,0.375
hysterical,0.942,0.398,0.29
nightmares,0.942,0.448,0.082
bloodshed,0.942,0.525,0.048
murder,0.942,0.615,0.061
monstrous,0.942,0.649,0.094
gunmen,0.942,0.727,0.073
psychopath,0.943,0.536,0.04
incitement,0.943,0.598,0.302
crime,0.943,0.63,0.071
explosive,0.943,0.663,0.156
firearms,0.943,0.821,0.22
firearm,0.943,0.864,0.086
lust,0.944,0.518,0.469
tsunami,0.944,0.684,0.042
outrageous,0.945,0.713,0.153
sexy,0.945,0.802,0.865
battle,0.945,0.868,0.365
riot,0.946,0.586,0.061
erotic,0.946,0.683,0.625
slaughtering,0.947,0.714,0.133
attack,0.948,0.67,0.286
panicked,0.949,0.26,0.1
rioting,0.949,0.56,0.156
excite,0.95,0.668,0.823
showdown,0.95,0.692,0.302
fornication,0.951,0.457,0.365
frenzied,0.951,0.655,0.365
bang,0.951,0.74,0.265
counterattack,0.951,0.764,0.281
irritable,0.952,0.462,0.112
scary,0.952,0.528,0.062
catastrophe,0.952,0.67,0.146
orgies,0.953,0.433,0.388
furious,0.953,0.598,0.062
slaughter,0.953,0.602,0.052
gunshot,0.953,0.673,0.042
hijacker,0.953,0.683,0.104
euphoria,0.955,0.648,0.769
suicidebombing,0.957,0.627,0.031
schizophrenic,0.958,0.433,0.102
threaten,0.958,0.59,0.104
excitation,0.958,0.75,0.792
hurricane,0.958,0.787,0.177
battleground,0.958,0.812,0.156
sexual,0.959,0.64,0.584
killing,0.959,0.696,0.08
bombardment,0.959,0.742,0.146
competitor,0.959,0.861,0.612
promiscuity,0.96,0.396,0.219
murderer,0.96,0.65,0.01
elated,0.96,0.725,0.792
explosion,0.96,0.767,0.167
masturbation,0.961,0.509,0.542
gunfight,0.961,0.7,0.051
bombard,0.961,0.777,0.156
panicky,0.962,0.393,0.284
orgy,0.962,0.536,0.346
attacker,0.962,0.629,0.185
enraged,0.962,0.636,0.083
bombing,0.963,0.732,0.167
exhilarated,0.963,0.759,0.89
frenzy,0.965,0.682,0.61
terrorists,0.967,0.688,0.062
frightening,0.969,0.625,0.122
assassinate,0.969,0.722,0.051
violate,0.97,0.519,0.061
violently,0.97,0.527,0.12
bloodbath,0.971,0.475,0.06
killer,0.971,0.543,0.041
terrorism,0.971,0.673,0.06
homicide,0.973,0.518,0.01
exorcism,0.98,0.557,0.163
